{"providers":[{"file":"char/black.png","chars":[""],"height":1,"ascent":-5000,"type":"bitmap"},{"file":"char/black.png","chars":[""],"height":2,"ascent":-5000,"type":"bitmap"},{"file":"char/black.png","chars":[""],"height":3,"ascent":-5000,"type":"bitmap"},{"file":"char/black.png","chars":[""],"height":4,"ascent":-5000,"type":"bitmap"},{"file":"char/black.png","chars":[""],"height":5,"ascent":-5000,"type":"bitmap"},{"file":"char/black.png","chars":[""],"height":6,"ascent":-5000,"type":"bitmap"},{"file":"char/black.png","chars":[""],"height":7,"ascent":-5000,"type":"bitmap"},{"file":"char/black.png","chars":[""],"height":15,"ascent":-5000,"type":"bitmap"},{"file":"char/black.png","chars":[""],"height":31,"ascent":-5000,"type":"bitmap"},{"file":"char/black.png","chars":[""],"height":63,"ascent":-5000,"type":"bitmap"},{"file":"char/black.png","chars":[""],"height":127,"ascent":-5000,"type":"bitmap"},{"file":"char/black.png","chars":[""],"height":256,"ascent":-5000,"type":"bitmap"},{"file":"char/black.png","chars":[""],"height":512,"ascent":-5000,"type":"bitmap"},{"file":"char/black.png","chars":[""],"height":1024,"ascent":-5000,"type":"bitmap"},{"file":"char/black.png","chars":[""],"height":-3,"ascent":-5000,"type":"bitmap"},{"file":"char/black.png","chars":[""],"height":-4,"ascent":-5000,"type":"bitmap"},{"file":"char/black.png","chars":[""],"height":-5,"ascent":-5000,"type":"bitmap"},{"file":"char/black.png","chars":[""],"height":-6,"ascent":-5000,"type":"bitmap"},{"file":"char/black.png","chars":[""],"height":-7,"ascent":-5000,"type":"bitmap"},{"file":"char/black.png","chars":[""],"height":-8,"ascent":-5000,"type":"bitmap"},{"file":"char/black.png","chars":[""],"height":-9,"ascent":-5000,"type":"bitmap"},{"file":"char/black.png","chars":[""],"height":-10,"ascent":-5000,"type":"bitmap"},{"file":"char/black.png","chars":[""],"height":-18,"ascent":-5000,"type":"bitmap"},{"file":"char/black.png","chars":[""],"height":-34,"ascent":-5000,"type":"bitmap"},{"file":"char/black.png","chars":[""],"height":-66,"ascent":-5000,"type":"bitmap"},{"file":"char/black.png","chars":[""],"height":-130,"ascent":-5000,"type":"bitmap"},{"file":"char/black.png","chars":[""],"height":-259,"ascent":-5000,"type":"bitmap"},{"file":"char/black.png","chars":[""],"height":-515,"ascent":-5000,"type":"bitmap"},{"file":"char/black.png","chars":[""],"height":-1027,"ascent":-5000,"type":"bitmap"},{"file":"_iainternal:gui/no_recipe.png","chars":[""],"height":170,"ascent":47,"type":"bitmap"},{"file":"_iainternal:gui/crafting.png","chars":[""],"height":170,"ascent":47,"type":"bitmap"},{"file":"_iainternal:gui/cooking.png","chars":[""],"height":170,"ascent":47,"type":"bitmap"},{"file":"_iainternal:gui/blank_menu.png","chars":[""],"height":170,"ascent":47,"type":"bitmap"},{"file":"_iainternal:gui/anvil_repair.png","chars":[""],"height":170,"ascent":47,"type":"bitmap"},{"file":"_iainternal:gui/smithing.png","chars":[""],"height":170,"ascent":47,"type":"bitmap"},{"file":"betterranks:1admin.png","chars":[""],"height":9,"ascent":8,"type":"bitmap"},{"file":"betterranks:2jradmin.png","chars":[""],"height":9,"ascent":8,"type":"bitmap"},{"file":"betterranks:developer.png","chars":[""],"height":9,"ascent":8,"type":"bitmap"},{"file":"betterranks:3srmod.png","chars":[""],"height":9,"ascent":8,"type":"bitmap"},{"file":"betterranks:4mod.png","chars":[""],"height":9,"ascent":8,"type":"bitmap"},{"file":"betterranks:5jrmod.png","chars":[""],"height":9,"ascent":8,"type":"bitmap"},{"file":"betterranks:helperrank.png","chars":[""],"height":9,"ascent":8,"type":"bitmap"},{"file":"betterranks:7trainee.png","chars":[""],"height":9,"ascent":8,"type":"bitmap"},{"file":"betterranks:8vip.png","chars":[""],"height":9,"ascent":8,"type":"bitmap"},{"file":"betterranks:9mvp.png","chars":[""],"height":9,"ascent":8,"type":"bitmap"},{"file":"betterranks:10pro.png","chars":[""],"height":9,"ascent":8,"type":"bitmap"},{"file":"betterranks:11elite.png","chars":[""],"height":9,"ascent":8,"type":"bitmap"},{"file":"betterranks:12myth.png","chars":[""],"height":9,"ascent":8,"type":"bitmap"},{"file":"betterranks:13legend.png","chars":[""],"height":9,"ascent":8,"type":"bitmap"},{"file":"betterranks:player.png","chars":[""],"height":9,"ascent":8,"type":"bitmap"},{"file":"betterranks:media_rank.png","chars":[""],"height":9,"ascent":8,"type":"bitmap"},{"file":"betterranks:hero_rank.png","chars":[""],"height":9,"ascent":8,"type":"bitmap"},{"file":"betterranks:scoreboardvalatic.png","chars":[""],"height":25,"ascent":25,"type":"bitmap"}]}