{"credit":"MadebyPolygonMC","texture_size":[24,24],"textures":{"2":"dragonsoulset:animations/animations_1","3":"dragonsoulset:axe","particle":"dragonsoulset:axe"},"elements":[{"from":[7,13.9862,4.77551],"to":[9,15.7362,6.77551],"rotation":{"angle":0,"axis":"x","origin":[8,15.15,5.40165]},"faces":{"north":{"uv":[7.33333,2.66667,8.66667,3.83333],"texture":"#3"},"east":{"uv":[7.33333,4,8.66667,5.16667],"texture":"#3"},"south":{"uv":[7.33333,5.33333,8.66667,6.5],"texture":"#3"},"west":{"uv":[7.33333,6.66667,8.66667,7.83333],"texture":"#3"},"up":{"uv":[4.66667,8,3.33333,6.66667],"texture":"#3"},"down":{"uv":[6,6.66667,4.66667,8],"texture":"#3"}}},{"from":[7.25,13.9862,3.27551],"to":[8.75,15.2362,4.77551],"rotation":{"angle":0,"axis":"x","origin":[8,15.15,5.40165]},"faces":{"north":{"uv":[10.66667,1.33333,11.66667,2.16667],"texture":"#3"},"east":{"uv":[3.33333,10.66667,4.33333,11.5],"texture":"#3"},"west":{"uv":[10.66667,4,11.66667,4.83333],"texture":"#3"},"up":{"uv":[9.66667,10.33333,8.66667,9.33333],"texture":"#3"},"down":{"uv":[1,10,0,11],"texture":"#3"}}},{"from":[8.475,15.20536,4.7983],"to":[9.225,15.95536,5.7983],"rotation":{"angle":-22.5,"axis":"x","origin":[8,15.15,5.40165]},"faces":{"north":{"uv":[13.33333,10.66667,13.83333,11.16667],"texture":"#3"},"east":{"uv":[0,13.33333,0.66667,13.83333],"texture":"#3"},"south":{"uv":[13.33333,11.33333,13.83333,11.83333],"texture":"#3"},"west":{"uv":[13.33333,0,14,0.5],"texture":"#3"},"up":{"uv":[1.16667,14,0.66667,13.33333],"texture":"#3"},"down":{"uv":[13.83333,0.66667,13.33333,1.33333],"texture":"#3"}}},{"from":[8.48,15.24994,5.11264],"to":[9.22,15.99994,6.11264],"rotation":{"angle":22.5,"axis":"x","origin":[8,15.15,5.40165]},"faces":{"north":{"uv":[13.33333,12,13.83333,12.5],"texture":"#3"},"east":{"uv":[1.33333,13.33333,2,13.83333],"texture":"#3"},"south":{"uv":[12.66667,13.33333,13.16667,13.83333],"texture":"#3"},"west":{"uv":[13.33333,1.33333,14,1.83333],"texture":"#3"},"up":{"uv":[2.5,14,2,13.33333],"texture":"#3"},"down":{"uv":[13.83333,2,13.33333,2.66667],"texture":"#3"}}},{"from":[8.5,14.49611,6.13369],"to":[9.5,15.49611,7.13369],"rotation":{"angle":-22.5,"axis":"x","origin":[8,15.15,5.40165]},"faces":{"north":{"uv":[3.33333,6,4,6.66667],"texture":"#3"},"east":{"uv":[2.66667,11.33333,3.33333,12],"texture":"#3"},"south":{"uv":[8.66667,12,9.33333,12.66667],"texture":"#3"},"west":{"uv":[9.33333,12,10,12.66667],"texture":"#3"},"up":{"uv":[12.66667,10,12,9.33333],"texture":"#3"},"down":{"uv":[10.66667,12,10,12.66667],"texture":"#3"}}},{"from":[8.61,16.51325,5.83298],"to":[9.39,17.29325,6.61298],"rotation":{"angle":45,"axis":"x","origin":[8,15.15,5.40165]},"faces":{"north":{"uv":[13.33333,12.66667,13.83333,13.16667],"texture":"#3"},"east":{"uv":[13.33333,13.33333,13.83333,13.83333],"texture":"#3"},"south":{"uv":[0,14,0.5,14.5],"texture":"#3"},"west":{"uv":[14,0,14.5,0.5],"texture":"#3"},"up":{"uv":[1.16667,14.5,0.66667,14],"texture":"#3"},"down":{"uv":[14.5,0.66667,14,1.16667],"texture":"#3"}}},{"from":[8.7036,16.66014,6.67957],"to":[9.2964,17.25294,7.27237],"rotation":{"angle":22.5,"axis":"x","origin":[8,15.15,5.40165]},"faces":{"north":{"uv":[9.33333,14,9.66667,14.33333],"texture":"#3"},"east":{"uv":[10,14,10.33333,14.33333],"texture":"#3"},"south":{"uv":[14,10,14.33333,10.33333],"texture":"#3"},"west":{"uv":[10.66667,14,11,14.33333],"texture":"#3"},"up":{"uv":[14.33333,11,14,10.66667],"texture":"#3"},"down":{"uv":[11.66667,14,11.33333,14.33333],"texture":"#3"}}},{"from":[8.78659,16.38247,7.43866],"to":[9.21341,16.80929,7.86548],"rotation":{"angle":0,"axis":"x","origin":[8,15.15,5.40165]},"faces":{"north":{"uv":[14,11.33333,14.33333,11.66667],"texture":"#3"},"east":{"uv":[12,14,12.33333,14.33333],"texture":"#3"},"south":{"uv":[14,12,14.33333,12.33333],"texture":"#3"},"west":{"uv":[12.66667,14,13,14.33333],"texture":"#3"},"up":{"uv":[14.33333,13,14,12.66667],"texture":"#3"},"down":{"uv":[13.66667,14,13.33333,14.33333],"texture":"#3"}}},{"from":[6.775,15.20536,4.7983],"to":[7.525,15.95536,5.7983],"rotation":{"angle":-22.5,"axis":"x","origin":[8,15.15,5.40165]},"faces":{"north":{"uv":[1.33333,14,1.83333,14.5],"texture":"#3"},"east":{"uv":[2.66667,13.33333,3.33333,13.83333],"texture":"#3"},"south":{"uv":[14,1.33333,14.5,1.83333],"texture":"#3"},"west":{"uv":[13.33333,2.66667,14,3.16667],"texture":"#3"},"up":{"uv":[3.83333,14,3.33333,13.33333],"texture":"#3"},"down":{"uv":[13.83333,3.33333,13.33333,4],"texture":"#3"}}},{"from":[6.78,15.24994,5.11264],"to":[7.52,15.99994,6.11264],"rotation":{"angle":22.5,"axis":"x","origin":[8,15.15,5.40165]},"faces":{"north":{"uv":[2,14,2.5,14.5],"texture":"#3"},"east":{"uv":[4,13.33333,4.66667,13.83333],"texture":"#3"},"south":{"uv":[14,2,14.5,2.5],"texture":"#3"},"west":{"uv":[13.33333,4,14,4.5],"texture":"#3"},"up":{"uv":[5.16667,14,4.66667,13.33333],"texture":"#3"},"down":{"uv":[13.83333,4.66667,13.33333,5.33333],"texture":"#3"}}},{"from":[6.5,14.49611,6.13369],"to":[7.5,15.49611,7.13369],"rotation":{"angle":-22.5,"axis":"x","origin":[8,15.15,5.40165]},"faces":{"north":{"uv":[12,10,12.66667,10.66667],"texture":"#3"},"east":{"uv":[10.66667,12,11.33333,12.66667],"texture":"#3"},"south":{"uv":[11.33333,12,12,12.66667],"texture":"#3"},"west":{"uv":[12,12,12.66667,12.66667],"texture":"#3"},"up":{"uv":[0.66667,13.33333,0,12.66667],"texture":"#3"},"down":{"uv":[13.33333,0,12.66667,0.66667],"texture":"#3"}}},{"from":[6.61,16.51325,5.83298],"to":[7.39,17.29325,6.61298],"rotation":{"angle":45,"axis":"x","origin":[8,15.15,5.40165]},"faces":{"north":{"uv":[2.66667,14,3.16667,14.5],"texture":"#3"},"east":{"uv":[14,2.66667,14.5,3.16667],"texture":"#3"},"south":{"uv":[3.33333,14,3.83333,14.5],"texture":"#3"},"west":{"uv":[14,3.33333,14.5,3.83333],"texture":"#3"},"up":{"uv":[4.5,14.5,4,14],"texture":"#3"},"down":{"uv":[14.5,4,14,4.5],"texture":"#3"}}},{"from":[6.7036,16.66014,6.67957],"to":[7.2964,17.25294,7.27237],"rotation":{"angle":22.5,"axis":"x","origin":[8,15.15,5.40165]},"faces":{"north":{"uv":[14,13.33333,14.33333,13.66667],"texture":"#3"},"east":{"uv":[14,14,14.33333,14.33333],"texture":"#3"},"south":{"uv":[0,14.66667,0.33333,15],"texture":"#3"},"west":{"uv":[14.66667,0,15,0.33333],"texture":"#3"},"up":{"uv":[1,15,0.66667,14.66667],"texture":"#3"},"down":{"uv":[15,0.66667,14.66667,1],"texture":"#3"}}},{"from":[6.78659,16.38247,7.43866],"to":[7.21341,16.80929,7.86548],"rotation":{"angle":0,"axis":"x","origin":[8,15.15,5.40165]},"faces":{"north":{"uv":[1.33333,14.66667,1.66667,15],"texture":"#3"},"east":{"uv":[14.66667,1.33333,15,1.66667],"texture":"#3"},"south":{"uv":[2,14.66667,2.33333,15],"texture":"#3"},"west":{"uv":[14.66667,2,15,2.33333],"texture":"#3"},"up":{"uv":[3,15,2.66667,14.66667],"texture":"#3"},"down":{"uv":[15,2.66667,14.66667,3],"texture":"#3"}}},{"from":[7.7246,13.52482,3.65303],"to":[8.2754,14.07562,4.20383],"rotation":{"angle":45,"axis":"x","origin":[8,15.15,5.40165]},"faces":{"north":{"uv":[3.33333,14.66667,3.66667,15],"texture":"#3"},"east":{"uv":[14.66667,3.33333,15,3.66667],"texture":"#3"},"south":{"uv":[4,14.66667,4.33333,15],"texture":"#3"},"west":{"uv":[14.66667,4,15,4.33333],"texture":"#3"},"up":{"uv":[5,15,4.66667,14.66667],"texture":"#3"},"down":{"uv":[15,4.66667,14.66667,5],"texture":"#3"}}},{"from":[7.78519,15.89411,3.7472],"to":[8.21481,16.32374,4.17682],"rotation":{"angle":-22.5,"axis":"x","origin":[8,15.15,5.40165]},"faces":{"north":{"uv":[5.33333,14.66667,5.66667,15],"texture":"#3"},"east":{"uv":[14.66667,5.33333,15,5.66667],"texture":"#3"},"south":{"uv":[6,14.66667,6.33333,15],"texture":"#3"},"west":{"uv":[14.66667,6,15,6.33333],"texture":"#3"},"up":{"uv":[7,15,6.66667,14.66667],"texture":"#3"},"down":{"uv":[15,6.66667,14.66667,7],"texture":"#3"}}},{"from":[7.83674,15.40137,3.81736],"to":[8.16326,15.72788,4.14387],"rotation":{"angle":0,"axis":"x","origin":[8,15.15,5.40165]},"faces":{"north":{"uv":[7.33333,14.66667,7.5,14.83333],"texture":"#3"},"east":{"uv":[14.66667,7.33333,14.83333,7.5],"texture":"#3"},"south":{"uv":[8,14.66667,8.16667,14.83333],"texture":"#3"},"west":{"uv":[14.66667,8,14.83333,8.16667],"texture":"#3"},"up":{"uv":[8.83333,14.83333,8.66667,14.66667],"texture":"#3"},"down":{"uv":[14.83333,8.66667,14.66667,8.83333],"texture":"#3"}}},{"from":[7.88245,14.92934,4.0215],"to":[8.11755,15.16443,4.25659],"rotation":{"angle":22.5,"axis":"x","origin":[8,15.15,5.40165]},"faces":{"north":{"uv":[9.33333,14.66667,9.5,14.83333],"texture":"#3"},"east":{"uv":[14.66667,9.33333,14.83333,9.5],"texture":"#3"},"south":{"uv":[10,14.66667,10.16667,14.83333],"texture":"#3"},"west":{"uv":[14.66667,10,14.83333,10.16667],"texture":"#3"},"up":{"uv":[10.83333,14.83333,10.66667,14.66667],"texture":"#3"},"down":{"uv":[14.83333,10.66667,14.66667,10.83333],"texture":"#3"}}},{"from":[8.65,13.2362,3.37551],"to":[8.65,13.9862,5.37551],"rotation":{"angle":0,"axis":"x","origin":[8,15.15,5.40165]},"faces":{"north":{"uv":[0,0,0,0.5],"texture":"#3"},"east":{"uv":[12,1.33333,13.33333,1.83333],"texture":"#3"},"south":{"uv":[0,0,0,0.5],"texture":"#3"},"west":{"uv":[12,2,13.33333,2.5],"texture":"#3"},"up":{"uv":[0,1.33333,0,0],"texture":"#3"},"down":{"uv":[0,0,0,1.33333],"texture":"#3"}}},{"from":[7.35,13.2362,3.37551],"to":[7.35,13.9862,5.37551],"rotation":{"angle":0,"axis":"x","origin":[8,15.15,5.40165]},"faces":{"north":{"uv":[0,0,0,0.5],"texture":"#3"},"east":{"uv":[2.66667,12,4,12.5],"texture":"#3"},"south":{"uv":[0,0,0,0.5],"texture":"#3"},"west":{"uv":[4,12,5.33333,12.5],"texture":"#3"},"up":{"uv":[0,1.33333,0,0],"texture":"#3"},"down":{"uv":[0,0,0,1.33333],"texture":"#3"}}},{"from":[7.351,13.23621,3.37551],"to":[8.651,13.98621,3.37551],"rotation":{"angle":0,"axis":"x","origin":[8,15.15,5.40165]},"faces":{"north":{"uv":[10,12.66667,10.83333,13.16667],"texture":"#3"},"east":{"uv":[0,0,0,0.5],"texture":"#3"},"south":{"uv":[12.66667,10,13.5,10.5],"texture":"#3"},"west":{"uv":[0,0,0,0.5],"texture":"#3"},"up":{"uv":[0.83333,0,0,0],"texture":"#3"},"down":{"uv":[0.83333,0,0,0],"texture":"#3"}}},{"from":[7.5,0.75,7.5],"to":[8.5,1.25,8.5],"rotation":{"angle":0,"axis":"y","origin":[7.5,0,7.5]},"faces":{"north":{"uv":[5.33333,14,6,14.33333],"texture":"#3"},"east":{"uv":[14,5.33333,14.66667,5.66667],"texture":"#3"},"south":{"uv":[6,14,6.66667,14.33333],"texture":"#3"},"west":{"uv":[14,6,14.66667,6.33333],"texture":"#3"},"up":{"uv":[1.33333,13.33333,0.66667,12.66667],"texture":"#3"},"down":{"uv":[13.33333,0.66667,12.66667,1.33333],"texture":"#3"}}},{"from":[7.5,1.75,7.5],"to":[8.5,2.75,8.5],"rotation":{"angle":0,"axis":"y","origin":[7.5,0,7.5]},"faces":{"north":{"uv":[1.33333,12.66667,2,13.33333],"texture":"#3"},"east":{"uv":[2,12.66667,2.66667,13.33333],"texture":"#3"},"south":{"uv":[2.66667,12.66667,3.33333,13.33333],"texture":"#3"},"west":{"uv":[12.66667,2.66667,13.33333,3.33333],"texture":"#3"},"up":{"uv":[4,13.33333,3.33333,12.66667],"texture":"#3"},"down":{"uv":[13.33333,3.33333,12.66667,4],"texture":"#3"}}},{"from":[7.6,2.75,7.6],"to":[8.4,4.55,8.4],"rotation":{"angle":0,"axis":"y","origin":[7.5,0,7.5]},"faces":{"north":{"uv":[12,4,12.5,5.16667],"texture":"#3"},"east":{"uv":[5.33333,12,5.83333,13.16667],"texture":"#3"},"south":{"uv":[12,5.33333,12.5,6.5],"texture":"#3"},"west":{"uv":[12,6.66667,12.5,7.83333],"texture":"#3"},"up":{"uv":[5.16667,14.5,4.66667,14],"texture":"#3"},"down":{"uv":[14.5,4.66667,14,5.16667],"texture":"#3"}}},{"from":[7.4,1.25,7.4],"to":[8.6,1.75,8.6],"rotation":{"angle":0,"axis":"y","origin":[7.5,0,7.5]},"faces":{"north":{"uv":[6.66667,13.33333,7.5,13.66667],"texture":"#3"},"east":{"uv":[13.33333,6.66667,14.16667,7],"texture":"#3"},"south":{"uv":[13.33333,7.33333,14.16667,7.66667],"texture":"#3"},"west":{"uv":[8,13.33333,8.83333,13.66667],"texture":"#3"},"up":{"uv":[5.5,11.5,4.66667,10.66667],"texture":"#3"},"down":{"uv":[11.5,5.33333,10.66667,6.16667],"texture":"#3"}}},{"from":[7.4,5.55,7.4],"to":[8.6,6.05,8.6],"rotation":{"angle":0,"axis":"y","origin":[7.5,4.3,7.5]},"faces":{"north":{"uv":[13.33333,8,14.16667,8.33333],"texture":"#3"},"east":{"uv":[13.33333,8.66667,14.16667,9],"texture":"#3"},"south":{"uv":[13.33333,9.33333,14.16667,9.66667],"texture":"#3"},"west":{"uv":[10,13.33333,10.83333,13.66667],"texture":"#3"},"up":{"uv":[11.5,7.5,10.66667,6.66667],"texture":"#3"},"down":{"uv":[9.5,10.66667,8.66667,11.5],"texture":"#3"}}},{"from":[7.5,6.05,7.5],"to":[8.5,6.55,8.5],"rotation":{"angle":0,"axis":"y","origin":[7.5,16.05,7.5]},"faces":{"north":{"uv":[6.66667,14,7.33333,14.33333],"texture":"#3"},"east":{"uv":[7.33333,14,8,14.33333],"texture":"#3"},"south":{"uv":[8,14,8.66667,14.33333],"texture":"#3"},"west":{"uv":[8.66667,14,9.33333,14.33333],"texture":"#3"},"up":{"uv":[13.33333,8,12.66667,7.33333],"texture":"#3"},"down":{"uv":[8.66667,12.66667,8,13.33333],"texture":"#3"}}},{"from":[7.5,8.65,7.5],"to":[8.5,12.55,8.5],"rotation":{"angle":0,"axis":"y","origin":[7.5,16.05,7.5]},"faces":{"north":{"uv":[7.33333,0,8,2.66667],"texture":"#3"},"east":{"uv":[1.33333,7.33333,2,10],"texture":"#3"},"south":{"uv":[2,7.33333,2.66667,10],"texture":"#3"},"west":{"uv":[2.66667,7.33333,3.33333,10],"texture":"#3"},"up":{"uv":[13.33333,8.66667,12.66667,8],"texture":"#3"},"down":{"uv":[9.33333,12.66667,8.66667,13.33333],"texture":"#3"}}},{"from":[7.5,4.55,7.5],"to":[8.5,5.55,8.5],"rotation":{"angle":0,"axis":"y","origin":[7.5,16.05,7.5]},"faces":{"north":{"uv":[4,12.66667,4.66667,13.33333],"texture":"#3"},"east":{"uv":[12.66667,4,13.33333,4.66667],"texture":"#3"},"south":{"uv":[4.66667,12.66667,5.33333,13.33333],"texture":"#3"},"west":{"uv":[12.66667,4.66667,13.33333,5.33333],"texture":"#3"},"up":{"uv":[13.33333,6,12.66667,5.33333],"texture":"#3"},"down":{"uv":[6.66667,12.66667,6,13.33333],"texture":"#3"}}},{"from":[7.375,-0.1,7.4],"to":[8.625,1.1,8.6],"rotation":{"angle":-45,"axis":"x","origin":[8,0.5,8]},"faces":{"north":{"uv":[10.66667,9.33333,11.5,10.16667],"texture":"#3"},"east":{"uv":[10,10.66667,10.83333,11.5],"texture":"#3"},"south":{"uv":[0,11.33333,0.83333,12.16667],"texture":"#3"},"west":{"uv":[11.33333,0,12.16667,0.83333],"texture":"#3"},"up":{"uv":[2.16667,12.16667,1.33333,11.33333],"texture":"#3"},"down":{"uv":[12.16667,2.66667,11.33333,3.5],"texture":"#3"}}},{"from":[7.3,12.4,7],"to":[8.7,14.4,9],"rotation":{"angle":-45,"axis":"x","origin":[8,13.4,8]},"faces":{"north":{"uv":[8,0,9,1.33333],"texture":"#3"},"east":{"uv":[6,6.66667,7.33333,8],"texture":"#3"},"south":{"uv":[8,1.33333,9,2.66667],"texture":"#3"},"west":{"uv":[0,7.33333,1.33333,8.66667],"texture":"#3"},"up":{"uv":[4.33333,9.33333,3.33333,8],"texture":"#3"},"down":{"uv":[5.66667,8,4.66667,9.33333],"texture":"#3"}}},{"from":[7.05,12.65,7.25],"to":[8.95,14.15,8.75],"rotation":{"angle":-45,"axis":"x","origin":[8,13.4,8]},"faces":{"north":{"uv":[6,8,7.33333,9],"texture":"#3"},"east":{"uv":[1.33333,10,2.33333,11],"texture":"#3"},"south":{"uv":[7.33333,8,8.66667,9],"texture":"#3"},"west":{"uv":[10,2.66667,11,3.66667],"texture":"#3"},"up":{"uv":[1.33333,9.66667,0,8.66667],"texture":"#3"},"down":{"uv":[10,2.66667,8.66667,3.66667],"texture":"#3"}}},{"from":[7.5,12.61404,6.39774],"to":[8.5,14.61404,7.39774],"rotation":{"angle":0,"axis":"x","origin":[8,15.15,5.50165]},"faces":{"north":{"uv":[2.66667,10,3.33333,11.33333],"texture":"#3"},"east":{"uv":[10,4,10.66667,5.33333],"texture":"#3"},"south":{"uv":[10,5.33333,10.66667,6.66667],"texture":"#3"},"west":{"uv":[10,6.66667,10.66667,8],"texture":"#3"},"up":{"uv":[13.33333,6.66667,12.66667,6],"texture":"#3"},"down":{"uv":[7.33333,12.66667,6.66667,13.33333],"texture":"#3"}}},{"from":[7.5,13.61404,4.39775],"to":[8.5,14.61404,6.39775],"rotation":{"angle":0,"axis":"x","origin":[8,15.15,5.50165]},"faces":{"north":{"uv":[12.66667,6.66667,13.33333,7.33333],"texture":"#3"},"east":{"uv":[10,8,11.33333,8.66667],"texture":"#3"},"south":{"uv":[7.33333,12.66667,8,13.33333],"texture":"#3"},"west":{"uv":[10,8.66667,11.33333,9.33333],"texture":"#3"},"up":{"uv":[10.66667,10.66667,10,9.33333],"texture":"#3"},"down":{"uv":[11.33333,0,10.66667,1.33333],"texture":"#3"}}},{"from":[7.4,6.55,7.4],"to":[8.6,8.65,8.6],"rotation":{"angle":0,"axis":"y","origin":[15,13.1,15]},"faces":{"north":{"uv":[9.33333,0,10.16667,1.33333],"texture":"#3"},"east":{"uv":[9.33333,1.33333,10.16667,2.66667],"texture":"#3"},"south":{"uv":[3.33333,9.33333,4.16667,10.66667],"texture":"#3"},"west":{"uv":[4.66667,9.33333,5.5,10.66667],"texture":"#3"},"up":{"uv":[12.16667,8.83333,11.33333,8],"texture":"#3"},"down":{"uv":[12.16667,10.66667,11.33333,11.5],"texture":"#3"}}},{"from":[7,13.9862,9.22449],"to":[9,15.7362,11.22449],"rotation":{"angle":0,"axis":"x","origin":[8,15.15,10.59835]},"faces":{"north":{"uv":[8.66667,5.33333,7.33333,6.5],"texture":"#3"},"east":{"uv":[8.66667,4,7.33333,5.16667],"texture":"#3"},"south":{"uv":[8.66667,2.66667,7.33333,3.83333],"texture":"#3"},"west":{"uv":[8.66667,6.66667,7.33333,7.83333],"texture":"#3"},"up":{"uv":[4.66667,6.66667,3.33333,8],"texture":"#3"},"down":{"uv":[6,8,4.66667,6.66667],"texture":"#3"}}},{"from":[7.25,13.9862,11.22449],"to":[8.75,15.2362,12.72449],"rotation":{"angle":0,"axis":"x","origin":[8,15.15,10.59835]},"faces":{"east":{"uv":[4.33333,10.66667,3.33333,11.5],"texture":"#3"},"south":{"uv":[11.66667,1.33333,10.66667,2.16667],"texture":"#3"},"west":{"uv":[11.66667,4,10.66667,4.83333],"texture":"#3"},"up":{"uv":[9.66667,9.33333,8.66667,10.33333],"texture":"#3"},"down":{"uv":[1,11,0,10],"texture":"#3"}}},{"from":[8.475,15.20536,10.2017],"to":[9.225,15.95536,11.2017],"rotation":{"angle":22.5,"axis":"x","origin":[8,15.15,10.59835]},"faces":{"north":{"uv":[13.83333,11.33333,13.33333,11.83333],"texture":"#3"},"east":{"uv":[0.66667,13.33333,0,13.83333],"texture":"#3"},"south":{"uv":[13.83333,10.66667,13.33333,11.16667],"texture":"#3"},"west":{"uv":[14,0,13.33333,0.5],"texture":"#3"},"up":{"uv":[1.16667,13.33333,0.66667,14],"texture":"#3"},"down":{"uv":[13.83333,1.33333,13.33333,0.66667],"texture":"#3"}}},{"from":[8.48,15.24994,9.88736],"to":[9.22,15.99994,10.88736],"rotation":{"angle":-22.5,"axis":"x","origin":[8,15.15,10.59835]},"faces":{"north":{"uv":[13.16667,13.33333,12.66667,13.83333],"texture":"#3"},"east":{"uv":[2,13.33333,1.33333,13.83333],"texture":"#3"},"south":{"uv":[13.83333,12,13.33333,12.5],"texture":"#3"},"west":{"uv":[14,1.33333,13.33333,1.83333],"texture":"#3"},"up":{"uv":[2.5,13.33333,2,14],"texture":"#3"},"down":{"uv":[13.83333,2.66667,13.33333,2],"texture":"#3"}}},{"from":[8.5,14.49611,8.86631],"to":[9.5,15.49611,9.86631],"rotation":{"angle":22.5,"axis":"x","origin":[8,15.15,10.59835]},"faces":{"north":{"uv":[9.33333,12,8.66667,12.66667],"texture":"#3"},"east":{"uv":[3.33333,11.33333,2.66667,12],"texture":"#3"},"south":{"uv":[4,6,3.33333,6.66667],"texture":"#3"},"west":{"uv":[10,12,9.33333,12.66667],"texture":"#3"},"up":{"uv":[12.66667,9.33333,12,10],"texture":"#3"},"down":{"uv":[10.66667,12.66667,10,12],"texture":"#3"}}},{"from":[8.61,16.51325,9.38702],"to":[9.39,17.29325,10.16702],"rotation":{"angle":-45,"axis":"x","origin":[8,15.15,10.59835]},"faces":{"north":{"uv":[0.5,14,0,14.5],"texture":"#3"},"east":{"uv":[13.83333,13.33333,13.33333,13.83333],"texture":"#3"},"south":{"uv":[13.83333,12.66667,13.33333,13.16667],"texture":"#3"},"west":{"uv":[14.5,0,14,0.5],"texture":"#3"},"up":{"uv":[1.16667,14,0.66667,14.5],"texture":"#3"},"down":{"uv":[14.5,1.16667,14,0.66667],"texture":"#3"}}},{"from":[8.7036,16.66014,8.72763],"to":[9.2964,17.25294,9.32043],"rotation":{"angle":-22.5,"axis":"x","origin":[8,15.15,10.59835]},"faces":{"north":{"uv":[14.33333,10,14,10.33333],"texture":"#3"},"east":{"uv":[10.33333,14,10,14.33333],"texture":"#3"},"south":{"uv":[9.66667,14,9.33333,14.33333],"texture":"#3"},"west":{"uv":[11,14,10.66667,14.33333],"texture":"#3"},"up":{"uv":[14.33333,10.66667,14,11],"texture":"#3"},"down":{"uv":[11.66667,14.33333,11.33333,14],"texture":"#3"}}},{"from":[6.775,15.20536,10.2017],"to":[7.525,15.95536,11.2017],"rotation":{"angle":22.5,"axis":"x","origin":[8,15.15,10.59835]},"faces":{"north":{"uv":[14.5,1.33333,14,1.83333],"texture":"#3"},"east":{"uv":[3.33333,13.33333,2.66667,13.83333],"texture":"#3"},"south":{"uv":[1.83333,14,1.33333,14.5],"texture":"#3"},"west":{"uv":[14,2.66667,13.33333,3.16667],"texture":"#3"},"up":{"uv":[3.83333,13.33333,3.33333,14],"texture":"#3"},"down":{"uv":[13.83333,4,13.33333,3.33333],"texture":"#3"}}},{"from":[6.78,15.24994,9.88736],"to":[7.52,15.99994,10.88736],"rotation":{"angle":-22.5,"axis":"x","origin":[8,15.15,10.59835]},"faces":{"north":{"uv":[14.5,2,14,2.5],"texture":"#3"},"east":{"uv":[4.66667,13.33333,4,13.83333],"texture":"#3"},"south":{"uv":[2.5,14,2,14.5],"texture":"#3"},"west":{"uv":[14,4,13.33333,4.5],"texture":"#3"},"up":{"uv":[5.16667,13.33333,4.66667,14],"texture":"#3"},"down":{"uv":[13.83333,5.33333,13.33333,4.66667],"texture":"#3"}}},{"from":[6.5,14.49611,8.86631],"to":[7.5,15.49611,9.86631],"rotation":{"angle":22.5,"axis":"x","origin":[8,15.15,10.59835]},"faces":{"north":{"uv":[12,12,11.33333,12.66667],"texture":"#3"},"east":{"uv":[11.33333,12,10.66667,12.66667],"texture":"#3"},"south":{"uv":[12.66667,10,12,10.66667],"texture":"#3"},"west":{"uv":[12.66667,12,12,12.66667],"texture":"#3"},"up":{"uv":[0.66667,12.66667,0,13.33333],"texture":"#3"},"down":{"uv":[13.33333,0.66667,12.66667,0],"texture":"#3"}}},{"from":[6.61,16.51325,9.38702],"to":[7.39,17.29325,10.16702],"rotation":{"angle":-45,"axis":"x","origin":[8,15.15,10.59835]},"faces":{"north":{"uv":[3.83333,14,3.33333,14.5],"texture":"#3"},"east":{"uv":[14.5,2.66667,14,3.16667],"texture":"#3"},"south":{"uv":[3.16667,14,2.66667,14.5],"texture":"#3"},"west":{"uv":[14.5,3.33333,14,3.83333],"texture":"#3"},"up":{"uv":[4.5,14,4,14.5],"texture":"#3"},"down":{"uv":[14.5,4.5,14,4],"texture":"#3"}}},{"from":[7.7246,13.52482,11.79617],"to":[8.2754,14.07562,12.34697],"rotation":{"angle":-45,"axis":"x","origin":[8,15.15,10.59835]},"faces":{"north":{"uv":[4.33333,14.66667,4,15],"texture":"#3"},"east":{"uv":[15,3.33333,14.66667,3.66667],"texture":"#3"},"south":{"uv":[3.66667,14.66667,3.33333,15],"texture":"#3"},"west":{"uv":[15,4,14.66667,4.33333],"texture":"#3"},"up":{"uv":[5,14.66667,4.66667,15],"texture":"#3"},"down":{"uv":[15,5,14.66667,4.66667],"texture":"#3"}}},{"from":[7.78519,15.89411,11.82318],"to":[8.21481,16.32374,12.2528],"rotation":{"angle":22.5,"axis":"x","origin":[8,15.15,10.59835]},"faces":{"north":{"uv":[6.33333,14.66667,6,15],"texture":"#3"},"east":{"uv":[15,5.33333,14.66667,5.66667],"texture":"#3"},"south":{"uv":[5.66667,14.66667,5.33333,15],"texture":"#3"},"west":{"uv":[15,6,14.66667,6.33333],"texture":"#3"},"up":{"uv":[7,14.66667,6.66667,15],"texture":"#3"},"down":{"uv":[15,7,14.66667,6.66667],"texture":"#3"}}},{"from":[7.83674,15.40137,11.85613],"to":[8.16326,15.72788,12.18264],"rotation":{"angle":0,"axis":"x","origin":[8,15.15,10.59835]},"faces":{"north":{"uv":[8.16667,14.66667,8,14.83333],"texture":"#3"},"east":{"uv":[14.83333,7.33333,14.66667,7.5],"texture":"#3"},"south":{"uv":[7.5,14.66667,7.33333,14.83333],"texture":"#3"},"west":{"uv":[14.83333,8,14.66667,8.16667],"texture":"#3"},"up":{"uv":[8.83333,14.66667,8.66667,14.83333],"texture":"#3"},"down":{"uv":[14.83333,8.83333,14.66667,8.66667],"texture":"#3"}}},{"from":[7.88245,14.92934,11.74341],"to":[8.11755,15.16443,11.9785],"rotation":{"angle":-22.5,"axis":"x","origin":[8,15.15,10.59835]},"faces":{"north":{"uv":[10.16667,14.66667,10,14.83333],"texture":"#3"},"east":{"uv":[14.83333,9.33333,14.66667,9.5],"texture":"#3"},"south":{"uv":[9.5,14.66667,9.33333,14.83333],"texture":"#3"},"west":{"uv":[14.83333,10,14.66667,10.16667],"texture":"#3"},"up":{"uv":[10.83333,14.66667,10.66667,14.83333],"texture":"#3"},"down":{"uv":[14.83333,10.83333,14.66667,10.66667],"texture":"#3"}}},{"from":[7.5,12.61404,8.60226],"to":[8.5,14.61404,9.60226],"rotation":{"angle":0,"axis":"x","origin":[8,15.15,10.49835]},"faces":{"north":{"uv":[10.66667,5.33333,10,6.66667],"texture":"#3"},"east":{"uv":[10.66667,4,10,5.33333],"texture":"#3"},"south":{"uv":[3.33333,10,2.66667,11.33333],"texture":"#3"},"west":{"uv":[10.66667,6.66667,10,8],"texture":"#3"},"up":{"uv":[13.33333,6,12.66667,6.66667],"texture":"#3"},"down":{"uv":[7.33333,13.33333,6.66667,12.66667],"texture":"#3"}}},{"from":[7.5,13.61404,9.60225],"to":[8.5,14.61404,11.60225],"rotation":{"angle":0,"axis":"x","origin":[8,15.15,10.49835]},"faces":{"north":{"uv":[8,12.66667,7.33333,13.33333],"texture":"#3"},"east":{"uv":[11.33333,8,10,8.66667],"texture":"#3"},"south":{"uv":[13.33333,6.66667,12.66667,7.33333],"texture":"#3"},"west":{"uv":[11.33333,8.66667,10,9.33333],"texture":"#3"},"up":{"uv":[10.66667,9.33333,10,10.66667],"texture":"#3"},"down":{"uv":[11.33333,1.33333,10.66667,0],"texture":"#3"}}},{"from":[6.7036,16.66014,8.72763],"to":[7.2964,17.25294,9.32043],"rotation":{"angle":-22.5,"axis":"x","origin":[8,15.15,10.59835]},"faces":{"north":{"uv":[0.33333,14.66667,0,15],"texture":"#3"},"east":{"uv":[14.33333,14,14,14.33333],"texture":"#3"},"south":{"uv":[14.33333,13.33333,14,13.66667],"texture":"#3"},"west":{"uv":[15,0,14.66667,0.33333],"texture":"#3"},"up":{"uv":[1,14.66667,0.66667,15],"texture":"#3"},"down":{"uv":[15,1,14.66667,0.66667],"texture":"#3"}}},{"from":[6.78659,16.38247,8.13452],"to":[7.21341,16.80929,8.56134],"rotation":{"angle":0,"axis":"x","origin":[8,15.15,10.59835]},"faces":{"north":{"uv":[2.33333,14.66667,2,15],"texture":"#3"},"east":{"uv":[15,1.33333,14.66667,1.66667],"texture":"#3"},"south":{"uv":[1.66667,14.66667,1.33333,15],"texture":"#3"},"west":{"uv":[15,2,14.66667,2.33333],"texture":"#3"},"up":{"uv":[3,14.66667,2.66667,15],"texture":"#3"},"down":{"uv":[15,3,14.66667,2.66667],"texture":"#3"}}},{"from":[8.78659,16.38247,8.13452],"to":[9.21341,16.80929,8.56134],"rotation":{"angle":0,"axis":"x","origin":[8,15.15,10.59835]},"faces":{"north":{"uv":[14.33333,12,14,12.33333],"texture":"#3"},"east":{"uv":[12.33333,14,12,14.33333],"texture":"#3"},"south":{"uv":[14.33333,11.33333,14,11.66667],"texture":"#3"},"west":{"uv":[13,14,12.66667,14.33333],"texture":"#3"},"up":{"uv":[14.33333,12.66667,14,13],"texture":"#3"},"down":{"uv":[13.66667,14.33333,13.33333,14],"texture":"#3"}}},{"from":[7.75,12,8.45],"to":[8.25,14,13.2],"rotation":{"angle":0,"axis":"y","origin":[7.75,0.25,15.95]},"faces":{"north":{"uv":[9.66667,12.66667,9.33333,14],"texture":"#3"},"east":{"uv":[7.16667,0,4,1.33333],"texture":"#3"},"south":{"uv":[13,8.66667,12.66667,10],"texture":"#3"},"west":{"uv":[7.16667,1.33333,4,2.66667],"texture":"#3"},"up":{"uv":[7,9.33333,6.66667,12.5],"texture":"#3"},"down":{"uv":[7.66667,12.5,7.33333,9.33333],"texture":"#3"}}},{"from":[7.755,11.29805,8.18176],"to":[8.245,13.02305,12.80676],"rotation":{"angle":22.5,"axis":"x","origin":[8.005,11.52305,10.43176]},"faces":{"north":{"uv":[11.66667,12.66667,11.33333,13.83333],"texture":"#3"},"east":{"uv":[7.33333,2.66667,4,3.83333],"texture":"#3"},"south":{"uv":[13,10.66667,12.66667,11.83333],"texture":"#3"},"west":{"uv":[7.33333,4,4,5.16667],"texture":"#3"},"down":{"uv":[6.33333,12.66667,6,9.33333],"texture":"#3"}}},{"from":[7.76,10.85965,8.49732],"to":[8.24,12.48465,12.57232],"rotation":{"angle":45,"axis":"x","origin":[8.005,11.48465,10.04732]},"faces":{"north":{"uv":[13,12,12.66667,13.16667],"texture":"#3"},"east":{"uv":[7.16667,5.33333,4,6.5],"texture":"#3"},"south":{"uv":[12.33333,12.66667,12,13.83333],"texture":"#3"},"west":{"uv":[3.16667,6,0,7.16667],"texture":"#3"},"down":{"uv":[8.33333,12.5,8,9.33333],"texture":"#3"}}},{"from":[7.75,12,2.8],"to":[8.25,14,7.55],"rotation":{"angle":0,"axis":"y","origin":[7.75,0.25,0.05]},"faces":{"north":{"uv":[12.66667,8.66667,13,10],"texture":"#3"},"east":{"uv":[4,0,7.16667,1.33333],"texture":"#3"},"south":{"uv":[9.33333,12.66667,9.66667,14],"texture":"#3"},"west":{"uv":[4,1.33333,7.16667,2.66667],"texture":"#3"},"up":{"uv":[7,12.5,6.66667,9.33333],"texture":"#3"},"down":{"uv":[7.66667,9.33333,7.33333,12.5],"texture":"#3"}}},{"from":[7.755,11.29805,3.19324],"to":[8.245,13.02305,7.81824],"rotation":{"angle":-22.5,"axis":"x","origin":[8.005,11.52305,5.56824]},"faces":{"north":{"uv":[12.66667,10.66667,13,11.83333],"texture":"#3"},"east":{"uv":[4,2.66667,7.33333,3.83333],"texture":"#3"},"south":{"uv":[11.33333,12.66667,11.66667,13.83333],"texture":"#3"},"west":{"uv":[4,4,7.33333,5.16667],"texture":"#3"},"down":{"uv":[6.33333,9.33333,6,12.66667],"texture":"#3"}}},{"from":[7.76,10.85965,3.42768],"to":[8.24,12.48465,7.50268],"rotation":{"angle":-45,"axis":"x","origin":[8.005,11.48465,5.95268]},"faces":{"north":{"uv":[12,12.66667,12.33333,13.83333],"texture":"#3"},"east":{"uv":[4,5.33333,7.16667,6.5],"texture":"#3"},"south":{"uv":[12.66667,12,13,13.16667],"texture":"#3"},"west":{"uv":[0,6,3.16667,7.16667],"texture":"#3"},"down":{"uv":[8.33333,9.33333,8,12.5],"texture":"#3"}}},{"from":[7.35,13.2362,10.62449],"to":[7.35,13.9862,12.62449],"rotation":{"angle":0,"axis":"x","origin":[8,15.15,10.59835]},"faces":{"north":{"uv":[0,0,0,0.5],"texture":"#3"},"east":{"uv":[4,12,2.66667,12.5],"texture":"#3"},"south":{"uv":[0,0,0,0.5],"texture":"#3"},"west":{"uv":[5.33333,12,4,12.5],"texture":"#3"},"up":{"uv":[0,0,0,1.33333],"texture":"#3"},"down":{"uv":[0,1.33333,0,0],"texture":"#3"}}},{"from":[7.351,13.23621,12.62449],"to":[8.651,13.98621,12.62449],"rotation":{"angle":0,"axis":"x","origin":[8,15.15,10.59835]},"faces":{"north":{"uv":[13.5,10,12.66667,10.5],"texture":"#3"},"east":{"uv":[0,0,0,0.5],"texture":"#3"},"south":{"uv":[10.83333,12.66667,10,13.16667],"texture":"#3"},"west":{"uv":[0,0,0,0.5],"texture":"#3"},"up":{"uv":[0.83333,0,0,0],"texture":"#3"},"down":{"uv":[0.83333,0,0,0],"texture":"#3"}}},{"from":[8.65,13.2362,10.62449],"to":[8.65,13.9862,12.62449],"rotation":{"angle":0,"axis":"x","origin":[8,15.15,10.59835]},"faces":{"north":{"uv":[0,0,0,0.5],"texture":"#3"},"east":{"uv":[13.33333,1.33333,12,1.83333],"texture":"#3"},"south":{"uv":[0,0,0,0.5],"texture":"#3"},"west":{"uv":[13.33333,2,12,2.5],"texture":"#3"},"up":{"uv":[0,0,0,1.33333],"texture":"#3"},"down":{"uv":[0,1.33333,0,0],"texture":"#3"}}},{"from":[7.975,7.25,0.7],"to":[8.025,15.75,6.7],"rotation":{"angle":0,"axis":"y","origin":[7.975,7.75,-0.3]},"faces":{"east":{"uv":[4,0,0,5.66667],"texture":"#3"},"west":{"uv":[0,0,4,5.66667],"texture":"#3"}}},{"from":[7.975,7.25,9.3],"to":[8.025,15.75,15.3],"rotation":{"angle":0,"axis":"y","origin":[7.975,7.75,16.3]},"faces":{"east":{"uv":[0,0,4,5.66667],"texture":"#3"},"west":{"uv":[4,0,0,5.66667],"texture":"#3"}}},{"from":[6.5,15.23521,3.27552],"to":[7.25,15.23521,4.27552],"rotation":{"angle":-22.5,"axis":"x","origin":[8,15.23521,3.77552]},"faces":{"up":{"uv":[0,11.01667,4,7.91667],"rotation":90,"texture":"#2"},"down":{"uv":[4,11.01667,0,7.91667],"rotation":90,"texture":"#2"}}},{"from":[5.5,14.93521,4.77551],"to":[7,14.93521,6.77551],"rotation":{"angle":-22.5,"axis":"x","origin":[8,14.93521,5.77551]},"faces":{"up":{"uv":[0,6,8,0],"rotation":90,"texture":"#2"},"down":{"uv":[8,6,0,0],"rotation":90,"texture":"#2"}}},{"from":[9,14.93521,4.77551],"to":[10.5,14.93521,6.77551],"rotation":{"angle":-22.5,"axis":"x","origin":[8,14.93521,5.77551]},"faces":{"up":{"uv":[0,0,8,6],"rotation":90,"texture":"#2"},"down":{"uv":[8,0,0,6],"rotation":90,"texture":"#2"}}},{"from":[8.75,15.23521,3.27552],"to":[9.5,15.23521,4.27552],"rotation":{"angle":-22.5,"axis":"x","origin":[8,15.23521,3.77552]},"faces":{"up":{"uv":[0,7.91667,4,11.01667],"rotation":90,"texture":"#2"},"down":{"uv":[4,7.91667,0,11.01667],"rotation":90,"texture":"#2"}}},{"from":[6.5,15.23521,11.72448],"to":[7.25,15.23521,12.72448],"rotation":{"angle":22.5,"axis":"x","origin":[8,15.23521,12.22448]},"faces":{"up":{"uv":[4,11.01667,0,7.91667],"rotation":90,"texture":"#2"},"down":{"uv":[0,11.01667,4,7.91667],"rotation":90,"texture":"#2"}}},{"from":[5.5,14.93521,9.22449],"to":[7,14.93521,11.22449],"rotation":{"angle":22.5,"axis":"x","origin":[8,14.93521,10.22449]},"faces":{"up":{"uv":[8,6,0,0],"rotation":90,"texture":"#2"},"down":{"uv":[0,6,8,0],"rotation":90,"texture":"#2"}}},{"from":[8.75,15.23521,11.72448],"to":[9.5,15.23521,12.72448],"rotation":{"angle":22.5,"axis":"x","origin":[8,15.23521,12.22448]},"faces":{"up":{"uv":[4,7.91667,0,11.01667],"rotation":90,"texture":"#2"},"down":{"uv":[0,7.91667,4,11.01667],"rotation":90,"texture":"#2"}}},{"from":[9,14.93521,9.22449],"to":[10.5,14.93521,11.22449],"rotation":{"angle":22.5,"axis":"x","origin":[8,14.93521,10.22449]},"faces":{"up":{"uv":[8,0,0,6],"rotation":90,"texture":"#2"},"down":{"uv":[0,0,8,6],"rotation":90,"texture":"#2"}}}],"gui_light":"front","display":{"thirdperson_righthand":{"translation":[0,2.25,0.75]},"thirdperson_lefthand":{"translation":[0,2.25,0.75]},"firstperson_righthand":{"rotation":[-10,0,0],"translation":[-0.5,3.5,1.5]},"firstperson_lefthand":{"rotation":[-10,0,0],"translation":[-0.5,3.5,1.5]},"ground":{"translation":[0,6.25,0]},"gui":{"rotation":[90,-45,90],"translation":[2.25,-2.25,0],"scale":[1.0332,1.0332,1.0332]},"head":{"scale":[1.5,1.5,1.5],"rotation":[0,90,0]},"fixed":{"rotation":[90,-90,90],"translation":[0,-1.25,-0.5],"scale":[2.5,2.5,2.5]}}}