{"credit": "Made by PolygonMC", "texture_size": [28, 28], "textures": {"1": "dragonsoulset:bow", "2": "dragonsoulset:animations/animations_1", "particle": "dragonsoulset:bow"}, "elements": [{"from": [7, 12.2862, 6.97551], "to": [9, 14.0362, 8.97551], "rotation": {"angle": -22.5, "axis": "x", "origin": [8, 13.40354, 7.71379]}, "faces": {"north": {"uv": [4.57143, 6.28571, 5.71429, 7.28571], "texture": "#1"}, "east": {"uv": [5.71429, 6.28571, 6.85714, 7.28571], "texture": "#1"}, "south": {"uv": [6.85714, 4, 8, 5], "texture": "#1"}, "west": {"uv": [6.85714, 5.14286, 8, 6.14286], "texture": "#1"}, "up": {"uv": [5.71429, 5.14286, 4.57143, 4], "texture": "#1"}, "down": {"uv": [5.71429, 5.14286, 4.57143, 6.28571], "texture": "#1"}}}, {"from": [7.25, 12.2862, 5.47551], "to": [8.75, 13.5362, 6.97551], "rotation": {"angle": -22.5, "axis": "x", "origin": [8, 13.40354, 7.71379]}, "faces": {"north": {"uv": [9.14286, 0, 10, 0.71429], "texture": "#1"}, "east": {"uv": [1.14286, 9.14286, 2, 9.85714], "texture": "#1"}, "west": {"uv": [2.28571, 9.14286, 3.14286, 9.85714], "texture": "#1"}, "up": {"uv": [6.57143, 9.42857, 5.71429, 8.57143], "texture": "#1"}, "down": {"uv": [7.71429, 8.57143, 6.85714, 9.42857], "texture": "#1"}}}, {"from": [8.475, 13.54474, 7.02462], "to": [9.225, 14.29474, 8.02462], "rotation": {"angle": -45, "axis": "x", "origin": [8, 13.40354, 7.71379]}, "faces": {"north": {"uv": [12, 10.28571, 12.42857, 10.71429], "texture": "#1"}, "east": {"uv": [11.42857, 9.71429, 12, 10.14286], "texture": "#1"}, "south": {"uv": [10.85714, 12, 11.28571, 12.42857], "texture": "#1"}, "west": {"uv": [10.28571, 11.42857, 10.85714, 11.85714], "texture": "#1"}, "up": {"uv": [11.85714, 10.85714, 11.42857, 10.28571], "texture": "#1"}, "down": {"uv": [11.28571, 11.42857, 10.85714, 12], "texture": "#1"}}}, {"from": [8.48, 13.50349, 7.3034], "to": [9.22, 14.25349, 8.3034], "rotation": {"angle": 0, "axis": "x", "origin": [8, 13.40354, 7.71379]}, "faces": {"north": {"uv": [12, 10.85714, 12.42857, 11.28571], "texture": "#1"}, "east": {"uv": [11.42857, 10.85714, 12, 11.28571], "texture": "#1"}, "south": {"uv": [11.42857, 12, 11.85714, 12.42857], "texture": "#1"}, "west": {"uv": [11.42857, 11.42857, 12, 11.85714], "texture": "#1"}, "up": {"uv": [0.42857, 12.57143, 0, 12], "texture": "#1"}, "down": {"uv": [12.42857, 0, 12, 0.57143], "texture": "#1"}}}, {"from": [8.5, 12.83549, 8.36001], "to": [9.5, 13.83549, 9.36001], "rotation": {"angle": -45, "axis": "x", "origin": [8, 13.40354, 7.71379]}, "faces": {"north": {"uv": [8, 1.14286, 8.57143, 1.71429], "texture": "#1"}, "east": {"uv": [8.57143, 3.42857, 9.14286, 4], "texture": "#1"}, "south": {"uv": [6.28571, 10.85714, 6.85714, 11.42857], "texture": "#1"}, "west": {"uv": [6.85714, 10.85714, 7.42857, 11.42857], "texture": "#1"}, "up": {"uv": [8, 11.42857, 7.42857, 10.85714], "texture": "#1"}, "down": {"uv": [8.57143, 10.85714, 8, 11.42857], "texture": "#1"}}}, {"from": [8.61, 14.72035, 8.03297], "to": [9.39, 15.50035, 8.81297], "rotation": {"angle": 22.5, "axis": "x", "origin": [8, 13.40354, 7.71379]}, "faces": {"north": {"uv": [12, 11.42857, 12.42857, 11.85714], "texture": "#1"}, "east": {"uv": [12, 12, 12.42857, 12.42857], "texture": "#1"}, "south": {"uv": [0, 12.57143, 0.42857, 13], "texture": "#1"}, "west": {"uv": [12.57143, 0, 13, 0.42857], "texture": "#1"}, "up": {"uv": [1, 13, 0.57143, 12.57143], "texture": "#1"}, "down": {"uv": [13, 0.57143, 12.57143, 1], "texture": "#1"}}}, {"from": [8.7036, 14.91369, 8.87033], "to": [9.2964, 15.50649, 9.46313], "rotation": {"angle": 0, "axis": "x", "origin": [8, 13.40354, 7.71379]}, "faces": {"north": {"uv": [13.14286, 2.85714, 13.42857, 3.14286], "texture": "#1"}, "east": {"uv": [3.42857, 13.14286, 3.71429, 13.42857], "texture": "#1"}, "south": {"uv": [13.14286, 3.42857, 13.42857, 3.71429], "texture": "#1"}, "west": {"uv": [4, 13.14286, 4.28571, 13.42857], "texture": "#1"}, "up": {"uv": [13.42857, 4.28571, 13.14286, 4], "texture": "#1"}, "down": {"uv": [4.85714, 13.14286, 4.57143, 13.42857], "texture": "#1"}}}, {"from": [8.78659, 14.68247, 9.63866], "to": [9.21341, 15.10929, 10.06548], "rotation": {"angle": -22.5, "axis": "x", "origin": [8, 13.40354, 7.71379]}, "faces": {"north": {"uv": [13.14286, 4.57143, 13.42857, 4.85714], "texture": "#1"}, "east": {"uv": [5.14286, 13.14286, 5.42857, 13.42857], "texture": "#1"}, "south": {"uv": [13.14286, 5.14286, 13.42857, 5.42857], "texture": "#1"}, "west": {"uv": [5.71429, 13.14286, 6, 13.42857], "texture": "#1"}, "up": {"uv": [13.42857, 6, 13.14286, 5.71429], "texture": "#1"}, "down": {"uv": [6.57143, 13.14286, 6.28571, 13.42857], "texture": "#1"}}}, {"from": [6.775, 13.54474, 7.02462], "to": [7.525, 14.29474, 8.02462], "rotation": {"angle": -45, "axis": "x", "origin": [8, 13.40354, 7.71379]}, "faces": {"north": {"uv": [1.14286, 12.57143, 1.57143, 13], "texture": "#1"}, "east": {"uv": [0.57143, 12, 1.14286, 12.42857], "texture": "#1"}, "south": {"uv": [12.57143, 1.14286, 13, 1.57143], "texture": "#1"}, "west": {"uv": [12, 0.57143, 12.57143, 1], "texture": "#1"}, "up": {"uv": [1.57143, 12.57143, 1.14286, 12], "texture": "#1"}, "down": {"uv": [12.42857, 1.14286, 12, 1.71429], "texture": "#1"}}}, {"from": [6.78, 13.50349, 7.3034], "to": [7.52, 14.25349, 8.3034], "rotation": {"angle": 0, "axis": "x", "origin": [8, 13.40354, 7.71379]}, "faces": {"north": {"uv": [1.71429, 12.57143, 2.14286, 13], "texture": "#1"}, "east": {"uv": [1.71429, 12, 2.28571, 12.42857], "texture": "#1"}, "south": {"uv": [12.57143, 1.71429, 13, 2.14286], "texture": "#1"}, "west": {"uv": [12, 1.71429, 12.57143, 2.14286], "texture": "#1"}, "up": {"uv": [2.71429, 12.57143, 2.28571, 12], "texture": "#1"}, "down": {"uv": [12.42857, 2.28571, 12, 2.85714], "texture": "#1"}}}, {"from": [6.5, 12.83549, 8.36001], "to": [7.5, 13.83549, 9.36001], "rotation": {"angle": -45, "axis": "x", "origin": [8, 13.40354, 7.71379]}, "faces": {"north": {"uv": [8.57143, 10.85714, 9.14286, 11.42857], "texture": "#1"}, "east": {"uv": [9.14286, 10.85714, 9.71429, 11.42857], "texture": "#1"}, "south": {"uv": [9.71429, 10.85714, 10.28571, 11.42857], "texture": "#1"}, "west": {"uv": [10.85714, 9.71429, 11.42857, 10.28571], "texture": "#1"}, "up": {"uv": [10.85714, 11.42857, 10.28571, 10.85714], "texture": "#1"}, "down": {"uv": [11.42857, 10.28571, 10.85714, 10.85714], "texture": "#1"}}}, {"from": [6.61, 14.72035, 8.03297], "to": [7.39, 15.50035, 8.81297], "rotation": {"angle": 22.5, "axis": "x", "origin": [8, 13.40354, 7.71379]}, "faces": {"north": {"uv": [2.28571, 12.57143, 2.71429, 13], "texture": "#1"}, "east": {"uv": [12.57143, 2.28571, 13, 2.71429], "texture": "#1"}, "south": {"uv": [12.57143, 2.85714, 13, 3.28571], "texture": "#1"}, "west": {"uv": [12.57143, 3.42857, 13, 3.85714], "texture": "#1"}, "up": {"uv": [13, 4.42857, 12.57143, 4], "texture": "#1"}, "down": {"uv": [13, 4.57143, 12.57143, 5], "texture": "#1"}}}, {"from": [6.7036, 14.91369, 8.87033], "to": [7.2964, 15.50649, 9.46313], "rotation": {"angle": 0, "axis": "x", "origin": [8, 13.40354, 7.71379]}, "faces": {"north": {"uv": [13.14286, 6.28571, 13.42857, 6.57143], "texture": "#1"}, "east": {"uv": [6.85714, 13.14286, 7.14286, 13.42857], "texture": "#1"}, "south": {"uv": [13.14286, 6.85714, 13.42857, 7.14286], "texture": "#1"}, "west": {"uv": [7.42857, 13.14286, 7.71429, 13.42857], "texture": "#1"}, "up": {"uv": [13.42857, 7.71429, 13.14286, 7.42857], "texture": "#1"}, "down": {"uv": [8.28571, 13.14286, 8, 13.42857], "texture": "#1"}}}, {"from": [6.78659, 14.68247, 9.63866], "to": [7.21341, 15.10929, 10.06548], "rotation": {"angle": -22.5, "axis": "x", "origin": [8, 13.40354, 7.71379]}, "faces": {"north": {"uv": [13.14286, 8, 13.42857, 8.28571], "texture": "#1"}, "east": {"uv": [8.57143, 13.14286, 8.85714, 13.42857], "texture": "#1"}, "south": {"uv": [13.14286, 8.57143, 13.42857, 8.85714], "texture": "#1"}, "west": {"uv": [9.14286, 13.14286, 9.42857, 13.42857], "texture": "#1"}, "up": {"uv": [13.42857, 9.42857, 13.14286, 9.14286], "texture": "#1"}, "down": {"uv": [10, 13.14286, 9.71429, 13.42857], "texture": "#1"}}}, {"from": [7.7246, 11.73192, 5.85302], "to": [8.2754, 12.28272, 6.40382], "rotation": {"angle": 22.5, "axis": "x", "origin": [8, 13.40354, 7.71379]}, "faces": {"north": {"uv": [13.14286, 9.71429, 13.42857, 10], "texture": "#1"}, "east": {"uv": [10.28571, 13.14286, 10.57143, 13.42857], "texture": "#1"}, "south": {"uv": [13.14286, 10.28571, 13.42857, 10.57143], "texture": "#1"}, "west": {"uv": [10.85714, 13.14286, 11.14286, 13.42857], "texture": "#1"}, "up": {"uv": [13.42857, 11.14286, 13.14286, 10.85714], "texture": "#1"}, "down": {"uv": [11.71429, 13.14286, 11.42857, 13.42857], "texture": "#1"}}}, {"from": [7.78519, 14.23349, 5.97352], "to": [8.21481, 14.66312, 6.40314], "rotation": {"angle": -45, "axis": "x", "origin": [8, 13.40354, 7.71379]}, "faces": {"north": {"uv": [13.14286, 11.42857, 13.42857, 11.71429], "texture": "#1"}, "east": {"uv": [12, 13.14286, 12.28571, 13.42857], "texture": "#1"}, "south": {"uv": [13.14286, 12, 13.42857, 12.28571], "texture": "#1"}, "west": {"uv": [12.57143, 13.14286, 12.85714, 13.42857], "texture": "#1"}, "up": {"uv": [13.42857, 12.85714, 13.14286, 12.57143], "texture": "#1"}, "down": {"uv": [13.42857, 13.14286, 13.14286, 13.42857], "texture": "#1"}}}, {"from": [7.83674, 13.70137, 6.01736], "to": [8.16326, 14.02788, 6.34387], "rotation": {"angle": -22.5, "axis": "x", "origin": [8, 13.40354, 7.71379]}, "faces": {"north": {"uv": [1.14286, 13.71429, 1.28571, 13.85714], "texture": "#1"}, "east": {"uv": [13.71429, 1.14286, 13.85714, 1.28571], "texture": "#1"}, "south": {"uv": [1.71429, 13.71429, 1.85714, 13.85714], "texture": "#1"}, "west": {"uv": [13.71429, 1.71429, 13.85714, 1.85714], "texture": "#1"}, "up": {"uv": [2.42857, 13.85714, 2.28571, 13.71429], "texture": "#1"}, "down": {"uv": [13.85714, 2.28571, 13.71429, 2.42857], "texture": "#1"}}}, {"from": [7.88245, 13.18289, 6.21226], "to": [8.11755, 13.41798, 6.44735], "rotation": {"angle": 0, "axis": "x", "origin": [8, 13.40354, 7.71379]}, "faces": {"north": {"uv": [2.85714, 13.71429, 3, 13.85714], "texture": "#1"}, "east": {"uv": [13.71429, 2.85714, 13.85714, 3], "texture": "#1"}, "south": {"uv": [3.42857, 13.71429, 3.57143, 13.85714], "texture": "#1"}, "west": {"uv": [13.71429, 3.42857, 13.85714, 3.57143], "texture": "#1"}, "up": {"uv": [4.14286, 13.85714, 4, 13.71429], "texture": "#1"}, "down": {"uv": [13.85714, 4, 13.71429, 4.14286], "texture": "#1"}}}, {"from": [8.65, 11.5362, 5.57551], "to": [8.65, 12.2862, 7.57551], "rotation": {"angle": -22.5, "axis": "x", "origin": [8, 13.40354, 7.71379]}, "faces": {"north": {"uv": [0, 0, 0, 0.42857], "texture": "#1"}, "east": {"uv": [10.28571, 8, 11.42857, 8.42857], "texture": "#1"}, "south": {"uv": [0, 0, 0, 0.42857], "texture": "#1"}, "west": {"uv": [10.28571, 8.57143, 11.42857, 9], "texture": "#1"}, "up": {"uv": [0, 1.14286, 0, 0], "texture": "#1"}, "down": {"uv": [0, 0, 0, 1.14286], "texture": "#1"}}}, {"from": [7.35, 11.5362, 5.57551], "to": [7.35, 12.2862, 7.57551], "rotation": {"angle": -22.5, "axis": "x", "origin": [8, 13.40354, 7.71379]}, "faces": {"north": {"uv": [0, 0, 0, 0.42857], "texture": "#1"}, "east": {"uv": [9.14286, 10.28571, 10.28571, 10.71429], "texture": "#1"}, "south": {"uv": [0, 0, 0, 0.42857], "texture": "#1"}, "west": {"uv": [10.28571, 9.14286, 11.42857, 9.57143], "texture": "#1"}, "up": {"uv": [0, 1.14286, 0, 0], "texture": "#1"}, "down": {"uv": [0, 0, 0, 1.14286], "texture": "#1"}}}, {"from": [7.351, 11.53621, 5.57551], "to": [8.651, 12.28621, 5.57551], "rotation": {"angle": -22.5, "axis": "x", "origin": [8, 13.40354, 7.71379]}, "faces": {"north": {"uv": [9.14286, 11.42857, 9.85714, 11.85714], "texture": "#1"}, "east": {"uv": [0, 0, 0, 0.42857], "texture": "#1"}, "south": {"uv": [11.42857, 9.14286, 12.14286, 9.57143], "texture": "#1"}, "west": {"uv": [0, 0, 0, 0.42857], "texture": "#1"}, "up": {"uv": [0.71429, 0, 0, 0], "texture": "#1"}, "down": {"uv": [0.71429, 0, 0, 0], "texture": "#1"}}}, {"from": [7.6, 7.1, 7.6], "to": [8.4, 8.9, 8.4], "rotation": {"angle": 0, "axis": "y", "origin": [7.5, 4.35, 7.5]}, "faces": {"north": {"uv": [10.85714, 2.28571, 11.28571, 3.28571], "texture": "#1"}, "east": {"uv": [4.57143, 10.85714, 5, 11.85714], "texture": "#1"}, "south": {"uv": [5.14286, 10.85714, 5.57143, 11.85714], "texture": "#1"}, "west": {"uv": [5.71429, 10.85714, 6.14286, 11.85714], "texture": "#1"}, "up": {"uv": [5.57143, 13, 5.14286, 12.57143], "texture": "#1"}, "down": {"uv": [6.14286, 12.57143, 5.71429, 13], "texture": "#1"}}}, {"from": [7.4, 9.9, 7.4], "to": [8.6, 10.4, 8.6], "rotation": {"angle": 0, "axis": "y", "origin": [7.5, 8.65, 7.5]}, "faces": {"north": {"uv": [5.14286, 12, 5.85714, 12.28571], "texture": "#1"}, "east": {"uv": [12, 5.14286, 12.71429, 5.42857], "texture": "#1"}, "south": {"uv": [12, 5.71429, 12.71429, 6], "texture": "#1"}, "west": {"uv": [6.28571, 12, 7, 12.28571], "texture": "#1"}, "up": {"uv": [4.14286, 9.85714, 3.42857, 9.14286], "texture": "#1"}, "down": {"uv": [9.85714, 3.42857, 9.14286, 4.14286], "texture": "#1"}}}, {"from": [7.5, 10.4, 7.5], "to": [8.5, 10.9, 8.5], "rotation": {"angle": 0, "axis": "y", "origin": [7.5, 20.4, 7.5]}, "faces": {"north": {"uv": [6.28571, 12.57143, 6.85714, 12.85714], "texture": "#1"}, "east": {"uv": [12.57143, 6.28571, 13.14286, 6.57143], "texture": "#1"}, "south": {"uv": [6.85714, 12.57143, 7.42857, 12.85714], "texture": "#1"}, "west": {"uv": [12.57143, 6.85714, 13.14286, 7.14286], "texture": "#1"}, "up": {"uv": [11.42857, 11.42857, 10.85714, 10.85714], "texture": "#1"}, "down": {"uv": [0.57143, 11.42857, 0, 12], "texture": "#1"}}}, {"from": [7.5, 8.9, 7.5], "to": [8.5, 9.9, 8.5], "rotation": {"angle": 0, "axis": "y", "origin": [7.5, 20.4, 7.5]}, "faces": {"north": {"uv": [11.42857, 0, 12, 0.57143], "texture": "#1"}, "east": {"uv": [0.57143, 11.42857, 1.14286, 12], "texture": "#1"}, "south": {"uv": [11.42857, 0.57143, 12, 1.14286], "texture": "#1"}, "west": {"uv": [1.14286, 11.42857, 1.71429, 12], "texture": "#1"}, "up": {"uv": [12, 1.71429, 11.42857, 1.14286], "texture": "#1"}, "down": {"uv": [2.28571, 11.42857, 1.71429, 12], "texture": "#1"}}}, {"from": [7.5, 6.1, 7.5], "to": [8.5, 7.1, 8.5], "rotation": {"angle": 0, "axis": "y", "origin": [7.5, -4.4, 7.5]}, "faces": {"north": {"uv": [7.42857, 11.42857, 8, 12], "texture": "#1"}, "east": {"uv": [11.42857, 7.42857, 12, 8], "texture": "#1"}, "south": {"uv": [8, 11.42857, 8.57143, 12], "texture": "#1"}, "west": {"uv": [11.42857, 8, 12, 8.57143], "texture": "#1"}, "up": {"uv": [9.14286, 12, 8.57143, 11.42857], "texture": "#1"}, "down": {"uv": [12, 8.57143, 11.42857, 9.14286], "texture": "#1"}}}, {"from": [7.4, 5.6, 7.4], "to": [8.6, 6.1, 8.6], "rotation": {"angle": 0, "axis": "y", "origin": [7.5, 7.35, 7.5]}, "faces": {"north": {"uv": [8.57143, 12, 9.28571, 12.28571], "texture": "#1"}, "east": {"uv": [12, 8.57143, 12.71429, 8.85714], "texture": "#1"}, "south": {"uv": [9.71429, 12, 10.42857, 12.28571], "texture": "#1"}, "west": {"uv": [12, 9.71429, 12.71429, 10], "texture": "#1"}, "up": {"uv": [11, 6.42857, 10.28571, 5.71429], "texture": "#1"}, "down": {"uv": [11, 6.85714, 10.28571, 7.57143], "texture": "#1"}}}, {"from": [7.5, 5.1, 7.5], "to": [8.5, 5.6, 8.5], "rotation": {"angle": 0, "axis": "y", "origin": [7.5, -4.4, 7.5]}, "faces": {"north": {"uv": [13.14286, 1.71429, 13.71429, 2], "texture": "#1"}, "east": {"uv": [2.28571, 13.14286, 2.85714, 13.42857], "texture": "#1"}, "south": {"uv": [13.14286, 2.28571, 13.71429, 2.57143], "texture": "#1"}, "west": {"uv": [2.85714, 13.14286, 3.42857, 13.42857], "texture": "#1"}, "up": {"uv": [7.42857, 12, 6.85714, 11.42857], "texture": "#1"}, "down": {"uv": [12, 6.85714, 11.42857, 7.42857], "texture": "#1"}}}, {"from": [7.375, 12.45, 12.15], "to": [8.625, 13.65, 13.35], "rotation": {"angle": -45, "axis": "x", "origin": [8, 13.05, 6.5]}, "faces": {"north": {"uv": [9.14286, 4.57143, 9.85714, 5.28571], "texture": "#1"}, "east": {"uv": [9.14286, 5.71429, 9.85714, 6.42857], "texture": "#1"}, "south": {"uv": [9.14286, 6.85714, 9.85714, 7.57143], "texture": "#1"}, "west": {"uv": [9.14286, 8, 9.85714, 8.71429], "texture": "#1"}, "up": {"uv": [9.85714, 9.85714, 9.14286, 9.14286], "texture": "#1"}, "down": {"uv": [10.42857, 1.14286, 9.71429, 1.85714], "texture": "#1"}}}, {"from": [7.7, 10.125, 13.15], "to": [8.3, 11.325, 14.35], "rotation": {"angle": -45, "axis": "x", "origin": [8, 13.05, 6.5]}, "faces": {"north": {"uv": [12, 6.28571, 12.28571, 7], "texture": "#1"}, "east": {"uv": [9.71429, 2.28571, 10.42857, 3], "texture": "#1"}, "south": {"uv": [7.42857, 12, 7.71429, 12.71429], "texture": "#1"}, "west": {"uv": [4.57143, 9.71429, 5.28571, 10.42857], "texture": "#1"}, "up": {"uv": [12.28571, 8.14286, 12, 7.42857], "texture": "#1"}, "down": {"uv": [8.28571, 12, 8, 12.71429], "texture": "#1"}}}, {"from": [7.3, 10.7, 7], "to": [8.7, 12.7, 9], "rotation": {"angle": -45, "axis": "x", "origin": [8, 11.7, 8]}, "faces": {"north": {"uv": [6.85714, 6.28571, 7.71429, 7.42857], "texture": "#1"}, "east": {"uv": [5.71429, 4, 6.85714, 5.14286], "texture": "#1"}, "south": {"uv": [7.42857, 2.85714, 8.28571, 4], "texture": "#1"}, "west": {"uv": [5.71429, 5.14286, 6.85714, 6.28571], "texture": "#1"}, "up": {"uv": [5.42857, 8.57143, 4.57143, 7.42857], "texture": "#1"}, "down": {"uv": [6.57143, 7.42857, 5.71429, 8.57143], "texture": "#1"}}}, {"from": [7.05, 10.95, 7.25], "to": [8.95, 12.45, 8.75], "rotation": {"angle": -45, "axis": "x", "origin": [8, 11.7, 8]}, "faces": {"north": {"uv": [6.85714, 7.42857, 8, 8.28571], "texture": "#1"}, "east": {"uv": [8, 8.57143, 8.85714, 9.42857], "texture": "#1"}, "south": {"uv": [0, 8, 1.14286, 8.85714], "texture": "#1"}, "west": {"uv": [0, 9.14286, 0.85714, 10], "texture": "#1"}, "up": {"uv": [9.14286, 0.85714, 8, 0], "texture": "#1"}, "down": {"uv": [2.28571, 8, 1.14286, 8.85714], "texture": "#1"}}}, {"from": [7.4, 13.35, 8.5], "to": [8.6, 15.45, 9.7], "rotation": {"angle": 22.5, "axis": "x", "origin": [8, 15.9, 9.1]}, "faces": {"north": {"uv": [2.28571, 8, 3, 9.14286], "texture": "#1"}, "east": {"uv": [8, 4, 8.71429, 5.14286], "texture": "#1"}, "south": {"uv": [8, 5.14286, 8.71429, 6.28571], "texture": "#1"}, "west": {"uv": [8, 6.28571, 8.71429, 7.42857], "texture": "#1"}, "up": {"uv": [6.42857, 10.42857, 5.71429, 9.71429], "texture": "#1"}, "down": {"uv": [7.57143, 9.71429, 6.85714, 10.42857], "texture": "#1"}}}, {"from": [7.5, 15.95, 10.1], "to": [8.5, 17.45, 10.6], "rotation": {"angle": 45, "axis": "x", "origin": [8, 17, 9.25]}, "faces": {"north": {"uv": [10.28571, 9.71429, 10.85714, 10.57143], "texture": "#1"}, "east": {"uv": [2.85714, 12, 3.14286, 12.85714], "texture": "#1"}, "south": {"uv": [10.85714, 1.14286, 11.42857, 2], "texture": "#1"}, "west": {"uv": [12, 2.85714, 12.28571, 3.71429], "texture": "#1"}, "up": {"uv": [13.14286, 7.71429, 12.57143, 7.42857], "texture": "#1"}, "down": {"uv": [13.14286, 8, 12.57143, 8.28571], "texture": "#1"}}}, {"from": [7.75, 15.95, 9.675], "to": [8.25, 17.45, 10.1], "rotation": {"angle": 45, "axis": "x", "origin": [8, 17, 9.25]}, "faces": {"north": {"uv": [3.42857, 12, 3.71429, 12.85714], "texture": "#1"}, "east": {"uv": [4, 12, 4.28571, 12.85714], "texture": "#1"}, "south": {"uv": [12, 4, 12.28571, 4.85714], "texture": "#1"}, "west": {"uv": [4.57143, 12, 4.85714, 12.85714], "texture": "#1"}, "up": {"uv": [0.28571, 14, 0, 13.71429], "texture": "#1"}, "down": {"uv": [14, 0, 13.71429, 0.28571], "texture": "#1"}}}, {"from": [7.5, 15.45, 9.6], "to": [8.5, 15.95, 10.6], "rotation": {"angle": 45, "axis": "x", "origin": [8, 17, 9.25]}, "faces": {"north": {"uv": [8.57143, 12.57143, 9.14286, 12.85714], "texture": "#1"}, "east": {"uv": [9.14286, 12.57143, 9.71429, 12.85714], "texture": "#1"}, "south": {"uv": [12.57143, 9.14286, 13.14286, 9.42857], "texture": "#1"}, "west": {"uv": [9.71429, 12.57143, 10.28571, 12.85714], "texture": "#1"}, "up": {"uv": [12, 2.28571, 11.42857, 1.71429], "texture": "#1"}, "down": {"uv": [2.85714, 11.42857, 2.28571, 12], "texture": "#1"}}}, {"from": [7.5, 17.45, 9.6], "to": [8.5, 17.95, 10.6], "rotation": {"angle": 45, "axis": "x", "origin": [8, 17, 9.25]}, "faces": {"north": {"uv": [10.28571, 12.57143, 10.85714, 12.85714], "texture": "#1"}, "east": {"uv": [12.57143, 10.28571, 13.14286, 10.57143], "texture": "#1"}, "south": {"uv": [10.85714, 12.57143, 11.42857, 12.85714], "texture": "#1"}, "west": {"uv": [12.57143, 10.85714, 13.14286, 11.14286], "texture": "#1"}, "up": {"uv": [12, 2.85714, 11.42857, 2.28571], "texture": "#1"}, "down": {"uv": [3.42857, 11.42857, 2.85714, 12], "texture": "#1"}}}, {"from": [7.5, 16.71525, 13.44234], "to": [8.5, 17.71525, 13.94234], "rotation": {"angle": 22.5, "axis": "x", "origin": [8, 19.01525, 12.46734]}, "faces": {"north": {"uv": [11.42857, 2.85714, 12, 3.42857], "texture": "#1"}, "east": {"uv": [11.42857, 12.57143, 11.71429, 13.14286], "texture": "#1"}, "south": {"uv": [3.42857, 11.42857, 4, 12], "texture": "#1"}, "west": {"uv": [12.57143, 11.42857, 12.85714, 12], "texture": "#1"}, "up": {"uv": [12.57143, 12.85714, 12, 12.57143], "texture": "#1"}, "down": {"uv": [13.14286, 12, 12.57143, 12.28571], "texture": "#1"}}}, {"from": [7.75, 17.21525, 12.44234], "to": [8.25, 17.64025, 13.44234], "rotation": {"angle": 22.5, "axis": "x", "origin": [8, 19.01525, 12.46734]}, "faces": {"north": {"uv": [0.57143, 13.71429, 0.85714, 14], "texture": "#1"}, "east": {"uv": [12.57143, 12.57143, 13.14286, 12.85714], "texture": "#1"}, "south": {"uv": [13.71429, 0.57143, 14, 0.85714], "texture": "#1"}, "west": {"uv": [0, 13.14286, 0.57143, 13.42857], "texture": "#1"}, "up": {"uv": [13.42857, 0.57143, 13.14286, 0], "texture": "#1"}, "down": {"uv": [0.85714, 13.14286, 0.57143, 13.71429], "texture": "#1"}}}, {"from": [7.5, 16.71525, 12.44234], "to": [8.5, 17.21525, 13.44234], "rotation": {"angle": 22.5, "axis": "x", "origin": [8, 19.01525, 12.46734]}, "faces": {"north": {"uv": [13.14286, 0.57143, 13.71429, 0.85714], "texture": "#1"}, "east": {"uv": [1.14286, 13.14286, 1.71429, 13.42857], "texture": "#1"}, "south": {"uv": [13.14286, 1.14286, 13.71429, 1.42857], "texture": "#1"}, "west": {"uv": [1.71429, 13.14286, 2.28571, 13.42857], "texture": "#1"}, "up": {"uv": [12, 4, 11.42857, 3.42857], "texture": "#1"}, "down": {"uv": [4.57143, 11.42857, 4, 12], "texture": "#1"}}}, {"from": [7.5, 16.71525, 11.44234], "to": [8.5, 17.71525, 12.44234], "rotation": {"angle": 22.5, "axis": "x", "origin": [8, 19.01525, 12.46734]}, "faces": {"north": {"uv": [11.42857, 4, 12, 4.57143], "texture": "#1"}, "east": {"uv": [11.42857, 4.57143, 12, 5.14286], "texture": "#1"}, "south": {"uv": [11.42857, 5.14286, 12, 5.71429], "texture": "#1"}, "west": {"uv": [11.42857, 5.71429, 12, 6.28571], "texture": "#1"}, "up": {"uv": [6.85714, 12, 6.28571, 11.42857], "texture": "#1"}, "down": {"uv": [12, 6.28571, 11.42857, 6.85714], "texture": "#1"}}}, {"from": [7.975, 2.1, 13.1], "to": [8.025, 16.1, 18.35], "rotation": {"angle": 0, "axis": "y", "origin": [7.975, -1, -0.2]}, "faces": {"east": {"uv": [3, 0, 0, 8], "texture": "#1"}, "west": {"uv": [0, 0, 3, 8], "texture": "#1"}}}, {"from": [7.975, 15.36701, 6.38173], "to": [8.025, 18.36701, 14.38173], "rotation": {"angle": -22.5, "axis": "x", "origin": [7.975, 16.61701, 8.13173]}, "faces": {"east": {"uv": [8, 0, 3.42857, 1.71429], "texture": "#1"}, "west": {"uv": [3.42857, 0, 8, 1.71429], "texture": "#1"}}}, {"from": [7.5, 2.3, 9.6], "to": [8.5, 2.8, 10.6], "rotation": {"angle": -45, "axis": "x", "origin": [8, 1.25, 9.25]}, "faces": {"north": {"uv": [8.57143, 12.85714, 9.14286, 12.57143], "texture": "#1"}, "east": {"uv": [9.14286, 12.85714, 9.71429, 12.57143], "texture": "#1"}, "south": {"uv": [12.57143, 9.42857, 13.14286, 9.14286], "texture": "#1"}, "west": {"uv": [9.71429, 12.85714, 10.28571, 12.57143], "texture": "#1"}, "up": {"uv": [2.85714, 12, 2.28571, 11.42857], "texture": "#1"}, "down": {"uv": [12, 1.71429, 11.42857, 2.28571], "texture": "#1"}}}, {"from": [7.75, 0.8, 9.675], "to": [8.25, 2.3, 10.1], "rotation": {"angle": -45, "axis": "x", "origin": [8, 1.25, 9.25]}, "faces": {"north": {"uv": [3.42857, 12.85714, 3.71429, 12], "texture": "#1"}, "east": {"uv": [4, 12.85714, 4.28571, 12], "texture": "#1"}, "south": {"uv": [12, 4.85714, 12.28571, 4], "texture": "#1"}, "west": {"uv": [4.57143, 12.85714, 4.85714, 12], "texture": "#1"}, "up": {"uv": [14, 0.28571, 13.71429, 0], "texture": "#1"}, "down": {"uv": [0.28571, 13.71429, 0, 14], "texture": "#1"}}}, {"from": [7.5, 0.8, 10.1], "to": [8.5, 2.3, 10.6], "rotation": {"angle": -45, "axis": "x", "origin": [8, 1.25, 9.25]}, "faces": {"north": {"uv": [10.28571, 10.57143, 10.85714, 9.71429], "texture": "#1"}, "east": {"uv": [2.85714, 12.85714, 3.14286, 12], "texture": "#1"}, "south": {"uv": [10.85714, 2, 11.42857, 1.14286], "texture": "#1"}, "west": {"uv": [12, 3.71429, 12.28571, 2.85714], "texture": "#1"}, "up": {"uv": [13.14286, 8.28571, 12.57143, 8], "texture": "#1"}, "down": {"uv": [13.14286, 7.42857, 12.57143, 7.71429], "texture": "#1"}}}, {"from": [7.5, 0.3, 9.6], "to": [8.5, 0.8, 10.6], "rotation": {"angle": -45, "axis": "x", "origin": [8, 1.25, 9.25]}, "faces": {"north": {"uv": [10.28571, 12.85714, 10.85714, 12.57143], "texture": "#1"}, "east": {"uv": [12.57143, 10.57143, 13.14286, 10.28571], "texture": "#1"}, "south": {"uv": [10.85714, 12.85714, 11.42857, 12.57143], "texture": "#1"}, "west": {"uv": [12.57143, 11.14286, 13.14286, 10.85714], "texture": "#1"}, "up": {"uv": [3.42857, 12, 2.85714, 11.42857], "texture": "#1"}, "down": {"uv": [12, 2.28571, 11.42857, 2.85714], "texture": "#1"}}}, {"from": [7.375, 4.6, 12.15], "to": [8.625, 5.8, 13.35], "rotation": {"angle": 45, "axis": "x", "origin": [8, 5.2, 6.5]}, "faces": {"north": {"uv": [9.14286, 5.28571, 9.85714, 4.57143], "texture": "#1"}, "east": {"uv": [9.14286, 6.42857, 9.85714, 5.71429], "texture": "#1"}, "south": {"uv": [9.14286, 7.57143, 9.85714, 6.85714], "texture": "#1"}, "west": {"uv": [9.14286, 8.71429, 9.85714, 8], "texture": "#1"}, "up": {"uv": [10.42857, 1.85714, 9.71429, 1.14286], "texture": "#1"}, "down": {"uv": [9.85714, 9.14286, 9.14286, 9.85714], "texture": "#1"}}}, {"from": [7.5, 0.53475, 11.44234], "to": [8.5, 1.53475, 12.44234], "rotation": {"angle": -22.5, "axis": "x", "origin": [8, -0.76525, 12.46734]}, "faces": {"north": {"uv": [11.42857, 4.57143, 12, 4], "texture": "#1"}, "east": {"uv": [11.42857, 5.14286, 12, 4.57143], "texture": "#1"}, "south": {"uv": [11.42857, 5.71429, 12, 5.14286], "texture": "#1"}, "west": {"uv": [11.42857, 6.28571, 12, 5.71429], "texture": "#1"}, "up": {"uv": [12, 6.85714, 11.42857, 6.28571], "texture": "#1"}, "down": {"uv": [6.85714, 11.42857, 6.28571, 12], "texture": "#1"}}}, {"from": [7.5, 1.03475, 12.44234], "to": [8.5, 1.53475, 13.44234], "rotation": {"angle": -22.5, "axis": "x", "origin": [8, -0.76525, 12.46734]}, "faces": {"north": {"uv": [13.14286, 0.85714, 13.71429, 0.57143], "texture": "#1"}, "east": {"uv": [1.14286, 13.42857, 1.71429, 13.14286], "texture": "#1"}, "south": {"uv": [13.14286, 1.42857, 13.71429, 1.14286], "texture": "#1"}, "west": {"uv": [1.71429, 13.42857, 2.28571, 13.14286], "texture": "#1"}, "up": {"uv": [4.57143, 12, 4, 11.42857], "texture": "#1"}, "down": {"uv": [12, 3.42857, 11.42857, 4], "texture": "#1"}}}, {"from": [7.75, 0.60975, 12.44234], "to": [8.25, 1.03475, 13.44234], "rotation": {"angle": -22.5, "axis": "x", "origin": [8, -0.76525, 12.46734]}, "faces": {"north": {"uv": [0.57143, 14, 0.85714, 13.71429], "texture": "#1"}, "east": {"uv": [12.57143, 12.85714, 13.14286, 12.57143], "texture": "#1"}, "south": {"uv": [13.71429, 0.85714, 14, 0.57143], "texture": "#1"}, "west": {"uv": [0, 13.42857, 0.57143, 13.14286], "texture": "#1"}, "up": {"uv": [0.85714, 13.71429, 0.57143, 13.14286], "texture": "#1"}, "down": {"uv": [13.42857, 0, 13.14286, 0.57143], "texture": "#1"}}}, {"from": [7.5, 0.53475, 13.44234], "to": [8.5, 1.53475, 13.94234], "rotation": {"angle": -22.5, "axis": "x", "origin": [8, -0.76525, 12.46734]}, "faces": {"north": {"uv": [11.42857, 3.42857, 12, 2.85714], "texture": "#1"}, "east": {"uv": [11.42857, 13.14286, 11.71429, 12.57143], "texture": "#1"}, "south": {"uv": [3.42857, 12, 4, 11.42857], "texture": "#1"}, "west": {"uv": [12.57143, 12, 12.85714, 11.42857], "texture": "#1"}, "up": {"uv": [13.14286, 12.28571, 12.57143, 12], "texture": "#1"}, "down": {"uv": [12.57143, 12.57143, 12, 12.85714], "texture": "#1"}}}, {"from": [7.7, 6.925, 13.15], "to": [8.3, 8.125, 14.35], "rotation": {"angle": 45, "axis": "x", "origin": [8, 5.2, 6.5]}, "faces": {"north": {"uv": [12, 7, 12.28571, 6.28571], "texture": "#1"}, "east": {"uv": [9.71429, 3, 10.42857, 2.28571], "texture": "#1"}, "south": {"uv": [7.42857, 12.71429, 7.71429, 12], "texture": "#1"}, "west": {"uv": [4.57143, 10.42857, 5.28571, 9.71429], "texture": "#1"}, "up": {"uv": [8.28571, 12.71429, 8, 12], "texture": "#1"}, "down": {"uv": [12.28571, 7.42857, 12, 8.14286], "texture": "#1"}}}, {"from": [7.975, -0.11701, 6.38173], "to": [8.025, 2.88299, 14.38173], "rotation": {"angle": 22.5, "axis": "x", "origin": [7.975, 1.63299, 8.13173]}, "faces": {"east": {"uv": [8, 1.71429, 3.42857, 0], "texture": "#1"}, "west": {"uv": [3.42857, 1.71429, 8, 0], "texture": "#1"}}}, {"from": [7.975, 4.25, 1], "to": [8.025, 6, 8], "rotation": {"angle": 0, "axis": "y", "origin": [7.975, 4.25, 2]}, "faces": {"east": {"uv": [8.57143, 1.71429, 4.57143, 2.71429], "texture": "#1"}, "west": {"uv": [4.57143, 1.71429, 8.57143, 2.71429], "texture": "#1"}}}, {"from": [7.125, 9.075, 0.3], "to": [8.875, 9.125, 13.35], "rotation": {"angle": 45, "axis": "z", "origin": [8, 9.1, 6.825]}, "faces": {"up": {"uv": [4.42857, 9.14286, 3.42857, 1.71429], "texture": "#1"}, "down": {"uv": [4.42857, 1.71429, 3.42857, 9.14286], "texture": "#1"}}}, {"from": [7.125, 9.075, 0.3], "to": [8.875, 9.125, 13.35], "rotation": {"angle": -45, "axis": "z", "origin": [8, 9.1, 6.825]}, "faces": {"up": {"uv": [4.42857, 9.14286, 3.42857, 1.71429], "texture": "#1"}, "down": {"uv": [4.42857, 1.71429, 3.42857, 9.14286], "texture": "#1"}}}, {"from": [7.975, 10, 2.75], "to": [8.025, 11.75, 7.75], "rotation": {"angle": 0, "axis": "y", "origin": [7.975, 10, 1.75]}, "faces": {"east": {"uv": [7.42857, 2.85714, 4.57143, 3.85714], "texture": "#1"}, "west": {"uv": [4.57143, 2.85714, 7.42857, 3.85714], "texture": "#1"}}}, {"from": [7.4, 2.8, 8.5], "to": [8.6, 4.9, 9.7], "rotation": {"angle": -22.5, "axis": "x", "origin": [8, 2.35, 9.1]}, "faces": {"north": {"uv": [8, 7.42857, 8.71429, 8.57143], "texture": "#1"}, "east": {"uv": [8.57143, 1.14286, 9.28571, 2.28571], "texture": "#1"}, "south": {"uv": [8.57143, 2.28571, 9.28571, 3.42857], "texture": "#1"}, "west": {"uv": [4.57143, 8.57143, 5.28571, 9.71429], "texture": "#1"}, "up": {"uv": [8.71429, 10.42857, 8, 9.71429], "texture": "#1"}, "down": {"uv": [0.71429, 10.28571, 0, 11], "texture": "#1"}}}, {"from": [7.375, 4.2, 7.4], "to": [8.625, 5.4, 8.6], "rotation": {"angle": -45, "axis": "x", "origin": [8, 4.8, 8]}, "faces": {"north": {"uv": [10.28571, 0, 11, 0.71429], "texture": "#1"}, "east": {"uv": [1.14286, 10.28571, 1.85714, 11], "texture": "#1"}, "south": {"uv": [2.28571, 10.28571, 3, 11], "texture": "#1"}, "west": {"uv": [3.42857, 10.28571, 4.14286, 11], "texture": "#1"}, "up": {"uv": [11, 4.14286, 10.28571, 3.42857], "texture": "#1"}, "down": {"uv": [11, 4.57143, 10.28571, 5.28571], "texture": "#1"}}}, {"from": [6.5, 11.66874, 6.50425], "to": [7.25, 12.66874, 6.50425], "rotation": {"angle": 45, "axis": "x", "origin": [8, 13.03521, 7.02552]}, "faces": {"north": {"uv": [0, 11.01667, 4, 7.91667], "rotation": 270, "texture": "#2"}, "south": {"uv": [4, 11.01667, 0, 7.91667], "rotation": 90, "texture": "#2"}}}, {"from": [5.5, 12.90168, 7.54678], "to": [7, 14.90168, 7.54678], "rotation": {"angle": 45, "axis": "x", "origin": [8, 13.03521, 7.02552]}, "faces": {"north": {"uv": [0, 6, 8, 0], "rotation": 270, "texture": "#2"}, "south": {"uv": [8, 6, 0, 0], "rotation": 90, "texture": "#2"}}}, {"from": [8.75, 11.66874, 6.50425], "to": [9.5, 12.66874, 6.50425], "rotation": {"angle": 45, "axis": "x", "origin": [8, 13.03521, 7.02552]}, "faces": {"north": {"uv": [0, 7.91667, 4, 11.01667], "rotation": 270, "texture": "#2"}, "south": {"uv": [4, 7.91667, 0, 11.01667], "rotation": 90, "texture": "#2"}}}, {"from": [9, 12.90168, 7.54678], "to": [10.5, 14.90168, 7.54678], "rotation": {"angle": 45, "axis": "x", "origin": [8, 13.03521, 7.02552]}, "faces": {"north": {"uv": [0, 0, 8, 6], "rotation": 270, "texture": "#2"}, "south": {"uv": [8, 0, 0, 6], "rotation": 90, "texture": "#2"}}}], "gui_light": "front", "display": {"thirdperson_righthand": {"translation": [0, -2, 0.75]}, "thirdperson_lefthand": {"translation": [0, -2, 0.75]}, "firstperson_righthand": {"rotation": [20, 19, 0], "translation": [0, 2.5, -2]}, "firstperson_lefthand": {"rotation": [20, -20, 0], "translation": [1, 2.5, -1]}, "ground": {"rotation": [40, 0, 0], "translation": [0, 11.5, 0]}, "gui": {"rotation": [-90, 135, 90], "translation": [-3.25, 1.75, 0], "scale": [0.96679, 0.96679, 0.96679]}, "head": {"scale": [1.5, 1.5, 1.5], "rotation": [90, 45, 90]}, "fixed": {"rotation": [90, -90, 90], "translation": [4.5, -2, -0.75], "scale": [2.5, 2.5, 2.5]}}, "groups": [0, 1, 2, 3, 4, 5, 6, 7, 8, 9, 10, 11, 12, 13, 14, 15, 16, 17, 18, 19, 20, 21, 22, 23, 24, 25, 26, 27, 28, 29, 30, 31, 32, 33, 34, 35, 36, 37, 38, 39, 40, 41, 42, 43, 44, 45, 46, 47, 48, 49, 50, 51, 52, 53, 54, 55, 56, 57, 58, 59, {"name": "group", "origin": [8, 15.15, 5.50165], "color": 0, "children": [60, 61, 62, 63]}]}