{"credit":"MadebyPolygonMC","texture_size":[24,24],"textures":{"2":"dragonsoulset:animations/animations_1","3":"dragonsoulset:fishing_rod","particle":"dragonsoulset:fishing_rod"},"elements":[{"from":[7,7.59182,8.64645],"to":[9,9.59182,10.39645],"rotation":{"angle":0,"axis":"x","origin":[8,8.85354,9.76379]},"faces":{"north":{"uv":[4,1.33333,2.66667,2.66667],"rotation":180,"texture":"#3"},"east":{"uv":[2.66667,4,4,5.16667],"rotation":270,"texture":"#3"},"south":{"uv":[4,1.33333,2.66667,0],"texture":"#3"},"west":{"uv":[4,4,5.33333,5.16667],"rotation":90,"texture":"#3"},"up":{"uv":[4,1.33333,5.33333,2.5],"rotation":180,"texture":"#3"},"down":{"uv":[4,2.66667,5.33333,3.83333],"texture":"#3"}}},{"from":[7.25,9.59182,8.64645],"to":[8.75,11.09182,9.89645],"rotation":{"angle":0,"axis":"x","origin":[8,8.85354,9.76379]},"faces":{"north":{"uv":[8.33333,0,7.33333,1],"rotation":180,"texture":"#3"},"east":{"uv":[2.66667,8,3.66667,8.83333],"rotation":270,"texture":"#3"},"south":{"uv":[7.66667,7.66667,6.66667,6.66667],"texture":"#3"},"west":{"uv":[4,8,5,8.83333],"rotation":90,"texture":"#3"},"up":{"uv":[0,8,1,8.83333],"rotation":180,"texture":"#3"}}},{"from":[8.475,8.54271,9.90499],"to":[9.225,9.54271,10.65499],"rotation":{"angle":-22.5,"axis":"x","origin":[8,8.85354,9.76379]},"faces":{"north":{"uv":[9.16667,10.66667,8.66667,11.33333],"rotation":180,"texture":"#3"},"east":{"uv":[7.33333,10.66667,8,11.16667],"rotation":270,"texture":"#3"},"south":{"uv":[11.16667,8.66667,10.66667,8],"texture":"#3"},"west":{"uv":[8,10.66667,8.66667,11.16667],"rotation":90,"texture":"#3"},"up":{"uv":[10.66667,11.33333,11.16667,11.83333],"rotation":180,"texture":"#3"},"down":{"uv":[11.33333,10.66667,11.83333,11.16667],"texture":"#3"}}},{"from":[8.48,8.26393,9.86374],"to":[9.22,9.26393,10.61374],"rotation":{"angle":22.5,"axis":"x","origin":[8,8.85354,9.76379]},"faces":{"north":{"uv":[10.5,10.66667,10,11.33333],"rotation":180,"texture":"#3"},"east":{"uv":[10.66667,8.66667,11.33333,9.16667],"rotation":270,"texture":"#3"},"south":{"uv":[11.16667,10,10.66667,9.33333],"texture":"#3"},"west":{"uv":[9.33333,10.66667,10,11.16667],"rotation":90,"texture":"#3"},"up":{"uv":[11.33333,11.33333,11.83333,11.83333],"rotation":180,"texture":"#3"},"down":{"uv":[0,12,0.5,12.5],"texture":"#3"}}},{"from":[8.5,7.20732,9.19574],"to":[9.5,8.20732,10.19574],"rotation":{"angle":-22.5,"axis":"x","origin":[8,8.85354,9.76379]},"faces":{"north":{"uv":[6,10,5.33333,10.66667],"rotation":180,"texture":"#3"},"east":{"uv":[10,2.66667,10.66667,3.33333],"rotation":270,"texture":"#3"},"south":{"uv":[10.66667,5.33333,10,4.66667],"texture":"#3"},"west":{"uv":[10,4,10.66667,4.66667],"rotation":90,"texture":"#3"},"up":{"uv":[2,10,2.66667,10.66667],"rotation":180,"texture":"#3"},"down":{"uv":[10,3.33333,10.66667,4],"texture":"#3"}}},{"from":[8.61,7.75436,11.0806],"to":[9.39,8.53436,11.8606],"rotation":{"angle":45,"axis":"x","origin":[8,8.85354,9.76379]},"faces":{"north":{"uv":[2.5,12,2,12.5],"rotation":180,"texture":"#3"},"east":{"uv":[0.66667,12,1.16667,12.5],"rotation":270,"texture":"#3"},"south":{"uv":[12.5,1.83333,12,1.33333],"texture":"#3"},"west":{"uv":[1.33333,12,1.83333,12.5],"rotation":90,"texture":"#3"},"up":{"uv":[12,0,12.5,0.5],"rotation":180,"texture":"#3"},"down":{"uv":[12,0.66667,12.5,1.16667],"texture":"#3"}}},{"from":[8.7036,7.1042,11.27394],"to":[9.2964,7.697,11.86674],"rotation":{"angle":22.5,"axis":"x","origin":[8,8.85354,9.76379]},"faces":{"north":{"uv":[13,0.66667,12.66667,1],"rotation":180,"texture":"#3"},"east":{"uv":[12,12,12.33333,12.33333],"rotation":270,"texture":"#3"},"south":{"uv":[1,13,0.66667,12.66667],"texture":"#3"},"west":{"uv":[12.66667,0,13,0.33333],"rotation":90,"texture":"#3"},"up":{"uv":[12,11.33333,12.33333,11.66667],"rotation":180,"texture":"#3"},"down":{"uv":[0,12.66667,0.33333,13],"texture":"#3"}}},{"from":[8.78659,6.50185,11.04272],"to":[9.21341,6.92867,11.46954],"rotation":{"angle":0,"axis":"x","origin":[8,8.85354,9.76379]},"faces":{"north":{"uv":[13,2.66667,12.66667,3],"rotation":180,"texture":"#3"},"east":{"uv":[12.66667,1.33333,13,1.66667],"rotation":270,"texture":"#3"},"south":{"uv":[3,13,2.66667,12.66667],"texture":"#3"},"west":{"uv":[12.66667,2,13,2.33333],"rotation":90,"texture":"#3"},"up":{"uv":[1.33333,12.66667,1.66667,13],"rotation":180,"texture":"#3"},"down":{"uv":[2,12.66667,2.33333,13],"texture":"#3"}}},{"from":[6.775,8.54271,9.90499],"to":[7.525,9.54271,10.65499],"rotation":{"angle":-22.5,"axis":"x","origin":[8,8.85354,9.76379]},"faces":{"north":{"uv":[11.83333,0,11.33333,0.66667],"rotation":180,"texture":"#3"},"east":{"uv":[10.66667,10,11.33333,10.5],"rotation":270,"texture":"#3"},"south":{"uv":[0.5,12,0,11.33333],"texture":"#3"},"west":{"uv":[10.66667,10.66667,11.33333,11.16667],"rotation":90,"texture":"#3"},"up":{"uv":[2.66667,12,3.16667,12.5],"rotation":180,"texture":"#3"},"down":{"uv":[3.33333,12,3.83333,12.5],"texture":"#3"}}},{"from":[6.78,8.26393,9.86374],"to":[7.52,9.26393,10.61374],"rotation":{"angle":22.5,"axis":"x","origin":[8,8.85354,9.76379]},"faces":{"north":{"uv":[11.83333,1.33333,11.33333,2],"rotation":180,"texture":"#3"},"east":{"uv":[0.66667,11.33333,1.33333,11.83333],"rotation":270,"texture":"#3"},"south":{"uv":[1.83333,12,1.33333,11.33333],"texture":"#3"},"west":{"uv":[11.33333,0.66667,12,1.16667],"rotation":90,"texture":"#3"},"up":{"uv":[4,12,4.5,12.5],"rotation":180,"texture":"#3"},"down":{"uv":[4.66667,12,5.16667,12.5],"texture":"#3"}}},{"from":[6.5,7.20732,9.19574],"to":[7.5,8.20732,10.19574],"rotation":{"angle":-22.5,"axis":"x","origin":[8,8.85354,9.76379]},"faces":{"north":{"uv":[8,10,7.33333,10.66667],"rotation":180,"texture":"#3"},"east":{"uv":[6,10,6.66667,10.66667],"rotation":270,"texture":"#3"},"south":{"uv":[10.66667,7.33333,10,6.66667],"texture":"#3"},"west":{"uv":[6.66667,10,7.33333,10.66667],"rotation":90,"texture":"#3"},"up":{"uv":[10,5.33333,10.66667,6],"rotation":180,"texture":"#3"},"down":{"uv":[10,6,10.66667,6.66667],"texture":"#3"}}},{"from":[6.61,7.75436,11.0806],"to":[7.39,8.53436,11.8606],"rotation":{"angle":45,"axis":"x","origin":[8,8.85354,9.76379]},"faces":{"north":{"uv":[12.5,6.66667,12,7.16667],"rotation":180,"texture":"#3"},"east":{"uv":[5.33333,12,5.83333,12.5],"rotation":270,"texture":"#3"},"south":{"uv":[7.16667,12.5,6.66667,12],"texture":"#3"},"west":{"uv":[12,6,12.5,6.5],"rotation":90,"texture":"#3"},"up":{"uv":[12,4.66667,12.5,5.16667],"rotation":180,"texture":"#3"},"down":{"uv":[6,12,6.5,12.5],"texture":"#3"}}},{"from":[6.7036,7.1042,11.27394],"to":[7.2964,7.697,11.86674],"rotation":{"angle":22.5,"axis":"x","origin":[8,8.85354,9.76379]},"faces":{"north":{"uv":[13,4.66667,12.66667,5],"rotation":180,"texture":"#3"},"east":{"uv":[12.66667,3.33333,13,3.66667],"rotation":270,"texture":"#3"},"south":{"uv":[5,13,4.66667,12.66667],"texture":"#3"},"west":{"uv":[12.66667,4,13,4.33333],"rotation":90,"texture":"#3"},"up":{"uv":[3.33333,12.66667,3.66667,13],"rotation":180,"texture":"#3"},"down":{"uv":[4,12.66667,4.33333,13],"texture":"#3"}}},{"from":[6.78659,6.50185,11.04272],"to":[7.21341,6.92867,11.46954],"rotation":{"angle":0,"axis":"x","origin":[8,8.85354,9.76379]},"faces":{"north":{"uv":[13,6.66667,12.66667,7],"rotation":180,"texture":"#3"},"east":{"uv":[12.66667,5.33333,13,5.66667],"rotation":270,"texture":"#3"},"south":{"uv":[7,13,6.66667,12.66667],"texture":"#3"},"west":{"uv":[12.66667,6,13,6.33333],"rotation":90,"texture":"#3"},"up":{"uv":[5.33333,12.66667,5.66667,13],"rotation":180,"texture":"#3"},"down":{"uv":[6,12.66667,6.33333,13],"texture":"#3"}}},{"from":[7.7246,10.16351,8.09217],"to":[8.2754,10.71431,8.64297],"rotation":{"angle":45,"axis":"x","origin":[8,8.85354,9.76379]},"faces":{"north":{"uv":[13,8.66667,12.66667,9],"rotation":180,"texture":"#3"},"east":{"uv":[12.66667,7.33333,13,7.66667],"rotation":270,"texture":"#3"},"south":{"uv":[9,13,8.66667,12.66667],"texture":"#3"},"west":{"uv":[12.66667,8,13,8.33333],"rotation":90,"texture":"#3"},"up":{"uv":[7.33333,12.66667,7.66667,13],"rotation":180,"texture":"#3"},"down":{"uv":[8,12.66667,8.33333,13],"texture":"#3"}}},{"from":[7.78519,10.16419,10.59374],"to":[8.21481,10.59381,11.02337],"rotation":{"angle":-22.5,"axis":"x","origin":[8,8.85354,9.76379]},"faces":{"north":{"uv":[13,10.66667,12.66667,11],"rotation":180,"texture":"#3"},"east":{"uv":[12.66667,9.33333,13,9.66667],"rotation":270,"texture":"#3"},"south":{"uv":[11,13,10.66667,12.66667],"texture":"#3"},"west":{"uv":[12.66667,10,13,10.33333],"rotation":90,"texture":"#3"},"up":{"uv":[9.33333,12.66667,9.66667,13],"rotation":180,"texture":"#3"},"down":{"uv":[10,12.66667,10.33333,13],"texture":"#3"}}},{"from":[7.83674,10.22346,10.06162],"to":[8.16326,10.54997,10.38813],"rotation":{"angle":0,"axis":"x","origin":[8,8.85354,9.76379]},"faces":{"north":{"uv":[0.83333,13.33333,0.66667,13.5],"rotation":180,"texture":"#3"},"east":{"uv":[12.66667,12,12.83333,12.16667],"rotation":270,"texture":"#3"},"south":{"uv":[13.5,0.16667,13.33333,0],"texture":"#3"},"west":{"uv":[0,13.33333,0.16667,13.5],"rotation":90,"texture":"#3"},"up":{"uv":[12,12.66667,12.16667,12.83333],"rotation":180,"texture":"#3"},"down":{"uv":[12.66667,12.66667,12.83333,12.83333],"texture":"#3"}}},{"from":[7.88245,10.11998,9.54314],"to":[8.11755,10.35507,9.77823],"rotation":{"angle":22.5,"axis":"x","origin":[8,8.85354,9.76379]},"faces":{"north":{"uv":[2.83333,13.33333,2.66667,13.5],"rotation":180,"texture":"#3"},"east":{"uv":[1.33333,13.33333,1.5,13.5],"rotation":270,"texture":"#3"},"south":{"uv":[13.5,2.16667,13.33333,2],"texture":"#3"},"west":{"uv":[2,13.33333,2.16667,13.5],"rotation":90,"texture":"#3"},"up":{"uv":[13.33333,0.66667,13.5,0.83333],"rotation":180,"texture":"#3"},"down":{"uv":[13.33333,1.33333,13.5,1.5],"texture":"#3"}}},{"from":[8.65,8.99182,7.89645],"to":[8.65,10.99182,8.64645],"rotation":{"angle":0,"axis":"x","origin":[8,8.85354,9.76379]},"faces":{"north":{"uv":[0,0,0,1.33333],"rotation":180,"texture":"#3"},"east":{"uv":[6.66667,9.33333,8,9.83333],"rotation":270,"texture":"#3"},"south":{"uv":[0,1.33333,0,0],"texture":"#3"},"west":{"uv":[8,9.33333,9.33333,9.83333],"rotation":90,"texture":"#3"},"up":{"uv":[0,0,0,0.5],"rotation":180,"texture":"#3"},"down":{"uv":[0,0,0,0.5],"texture":"#3"}}},{"from":[7.35,8.99182,7.89645],"to":[7.35,10.99182,8.64645],"rotation":{"angle":0,"axis":"x","origin":[8,8.85354,9.76379]},"faces":{"north":{"uv":[0,0,0,1.33333],"rotation":180,"texture":"#3"},"east":{"uv":[9.33333,8,10.66667,8.5],"rotation":270,"texture":"#3"},"south":{"uv":[0,1.33333,0,0],"texture":"#3"},"west":{"uv":[9.33333,8.66667,10.66667,9.16667],"rotation":90,"texture":"#3"},"up":{"uv":[0,0,0,0.5],"rotation":180,"texture":"#3"},"down":{"uv":[0,0,0,0.5],"texture":"#3"}}},{"from":[7.351,10.99182,7.89646],"to":[8.651,10.99182,8.64646],"rotation":{"angle":0,"axis":"x","origin":[8,8.85354,9.76379]},"faces":{"north":{"uv":[0.83333,0,0,0],"rotation":180,"texture":"#3"},"east":{"uv":[0,0,0,0.5],"rotation":270,"texture":"#3"},"south":{"uv":[0.83333,0,0,0],"texture":"#3"},"west":{"uv":[0,0,0,0.5],"rotation":90,"texture":"#3"},"up":{"uv":[4.66667,10.66667,5.5,11.16667],"rotation":180,"texture":"#3"},"down":{"uv":[10.66667,4.66667,11.5,5.16667],"texture":"#3"}}},{"from":[7.5,0.75,7.5],"to":[8.5,1.25,8.5],"rotation":{"angle":0,"axis":"y","origin":[7.5,0,7.5]},"faces":{"north":{"uv":[12,8.66667,12.66667,9],"texture":"#3"},"east":{"uv":[9.33333,12,10,12.33333],"texture":"#3"},"south":{"uv":[12,9.33333,12.66667,9.66667],"texture":"#3"},"west":{"uv":[10,12,10.66667,12.33333],"texture":"#3"},"up":{"uv":[10.66667,8,10,7.33333],"texture":"#3"},"down":{"uv":[8.66667,10,8,10.66667],"texture":"#3"}}},{"from":[7.5,1.75,7.5],"to":[8.5,2.75,8.5],"rotation":{"angle":0,"axis":"y","origin":[7.5,0,7.5]},"faces":{"north":{"uv":[8.66667,10,9.33333,10.66667],"texture":"#3"},"east":{"uv":[10,9.33333,10.66667,10],"texture":"#3"},"south":{"uv":[10,10,10.66667,10.66667],"texture":"#3"},"west":{"uv":[0,10.66667,0.66667,11.33333],"texture":"#3"},"up":{"uv":[11.33333,0.66667,10.66667,0],"texture":"#3"},"down":{"uv":[1.33333,10.66667,0.66667,11.33333],"texture":"#3"}}},{"from":[7.6,2.75,7.6],"to":[8.4,4.55,8.4],"rotation":{"angle":0,"axis":"y","origin":[7.5,0,7.5]},"faces":{"north":{"uv":[9.33333,9.33333,9.83333,10.5],"texture":"#3"},"east":{"uv":[10,0,10.5,1.16667],"texture":"#3"},"south":{"uv":[1.33333,10,1.83333,11.16667],"texture":"#3"},"west":{"uv":[10,1.33333,10.5,2.5],"texture":"#3"},"up":{"uv":[12.5,7.83333,12,7.33333],"texture":"#3"},"down":{"uv":[12.5,8,12,8.5],"texture":"#3"}}},{"from":[7.4,1.25,7.4],"to":[8.6,1.75,8.6],"rotation":{"angle":0,"axis":"y","origin":[7.5,0,7.5]},"faces":{"north":{"uv":[2,11.33333,2.83333,11.66667],"texture":"#3"},"east":{"uv":[11.33333,2,12.16667,2.33333],"texture":"#3"},"south":{"uv":[11.33333,2.66667,12.16667,3],"texture":"#3"},"west":{"uv":[3.33333,11.33333,4.16667,11.66667],"texture":"#3"},"up":{"uv":[7.5,8.83333,6.66667,8],"texture":"#3"},"down":{"uv":[8.83333,8,8,8.83333],"texture":"#3"}}},{"from":[7.4,5.55,7.4],"to":[8.6,6.05,8.6],"rotation":{"angle":0,"axis":"y","origin":[7.5,4.3,7.5]},"faces":{"north":{"uv":[11.33333,3.33333,12.16667,3.66667],"texture":"#3"},"east":{"uv":[11.33333,4,12.16667,4.33333],"texture":"#3"},"south":{"uv":[4.66667,11.33333,5.5,11.66667],"texture":"#3"},"west":{"uv":[11.33333,5.33333,12.16667,5.66667],"texture":"#3"},"up":{"uv":[9.5,0.83333,8.66667,0],"texture":"#3"},"down":{"uv":[2.16667,8.66667,1.33333,9.5],"texture":"#3"}}},{"from":[7.5,6.05,7.5],"to":[8.5,6.55,8.5],"rotation":{"angle":0,"axis":"y","origin":[7.5,16.05,7.5]},"faces":{"north":{"uv":[12,10,12.66667,10.33333],"texture":"#3"},"east":{"uv":[10.66667,12,11.33333,12.33333],"texture":"#3"},"south":{"uv":[12,10.66667,12.66667,11],"texture":"#3"},"west":{"uv":[11.33333,12,12,12.33333],"texture":"#3"},"up":{"uv":[11.33333,1.33333,10.66667,0.66667],"texture":"#3"},"down":{"uv":[11.33333,1.33333,10.66667,2],"texture":"#3"}}},{"from":[7.5,4.55,7.5],"to":[8.5,5.55,8.5],"rotation":{"angle":0,"axis":"y","origin":[7.5,16.05,7.5]},"faces":{"north":{"uv":[2,10.66667,2.66667,11.33333],"texture":"#3"},"east":{"uv":[10.66667,2,11.33333,2.66667],"texture":"#3"},"south":{"uv":[2.66667,10.66667,3.33333,11.33333],"texture":"#3"},"west":{"uv":[10.66667,2.66667,11.33333,3.33333],"texture":"#3"},"up":{"uv":[4,11.33333,3.33333,10.66667],"texture":"#3"},"down":{"uv":[11.33333,3.33333,10.66667,4],"texture":"#3"}}},{"from":[7.375,-0.1,7.4],"to":[8.625,1.1,8.6],"rotation":{"angle":-45,"axis":"x","origin":[8,0.5,8]},"faces":{"north":{"uv":[8.66667,1.33333,9.5,2.16667],"texture":"#3"},"east":{"uv":[8.66667,2.66667,9.5,3.5],"texture":"#3"},"south":{"uv":[8.66667,4,9.5,4.83333],"texture":"#3"},"west":{"uv":[8.66667,5.33333,9.5,6.16667],"texture":"#3"},"up":{"uv":[9.5,7.5,8.66667,6.66667],"texture":"#3"},"down":{"uv":[0.83333,9.33333,0,10.16667],"texture":"#3"}}},{"from":[7.3,5.65,7],"to":[8.7,7.65,9],"rotation":{"angle":-45,"axis":"x","origin":[8,6.65,8]},"faces":{"north":{"uv":[5.33333,0,6.33333,1.33333],"texture":"#3"},"east":{"uv":[2.66667,2.66667,4,4],"texture":"#3"},"south":{"uv":[5.33333,1.33333,6.33333,2.66667],"texture":"#3"},"west":{"uv":[4,0,5.33333,1.33333],"texture":"#3"},"up":{"uv":[3.66667,6.66667,2.66667,5.33333],"texture":"#3"},"down":{"uv":[6.33333,2.66667,5.33333,4],"texture":"#3"}}},{"from":[7.05,5.9,7.25],"to":[8.95,7.4,8.75],"rotation":{"angle":-45,"axis":"x","origin":[8,6.65,8]},"faces":{"north":{"uv":[4,5.33333,5.33333,6.33333],"texture":"#3"},"east":{"uv":[7.33333,1.33333,8.33333,2.33333],"texture":"#3"},"south":{"uv":[5.33333,4,6.66667,5],"texture":"#3"},"west":{"uv":[7.33333,2.66667,8.33333,3.66667],"texture":"#3"},"up":{"uv":[6.66667,6.33333,5.33333,5.33333],"texture":"#3"},"down":{"uv":[1.33333,6.66667,0,7.66667],"texture":"#3"}}},{"from":[7.4,7.3,7.4],"to":[8.6,9.4,8.6],"rotation":{"angle":0,"axis":"y","origin":[15,13.85,15]},"faces":{"north":{"uv":[4,6.66667,4.83333,8],"texture":"#3"},"east":{"uv":[6.66667,4,7.5,5.33333],"texture":"#3"},"south":{"uv":[5.33333,6.66667,6.16667,8],"texture":"#3"},"west":{"uv":[6.66667,5.33333,7.5,6.66667],"texture":"#3"},"up":{"uv":[3.5,10.16667,2.66667,9.33333],"texture":"#3"},"down":{"uv":[4.83333,9.33333,4,10.16667],"texture":"#3"}}},{"from":[7.5,9.4,7.5],"to":[8.5,12.3,8.5],"rotation":{"angle":0,"axis":"y","origin":[7.5,16.8,8.5]},"faces":{"north":{"uv":[7.33333,2,6.66667,4],"texture":"#3"},"east":{"uv":[6.66667,2,7.33333,4],"texture":"#3"},"south":{"uv":[7.33333,2,6.66667,4],"texture":"#3"},"west":{"uv":[6.66667,2,7.33333,4],"texture":"#3"},"up":{"uv":[4.66667,11.33333,4,10.66667],"texture":"#3"},"down":{"uv":[11.33333,4,10.66667,4.66667],"texture":"#3"}}},{"from":[7.61,12.3,7.61],"to":[8.39,14.562,8.39],"rotation":{"angle":0,"axis":"y","origin":[8,13.431,8]},"faces":{"north":{"uv":[8,6,8.5,7.5],"texture":"#3"},"east":{"uv":[8,6,8.5,7.5],"texture":"#3"},"south":{"uv":[8,6,8.5,7.5],"texture":"#3"},"west":{"uv":[8,6,8.5,7.5],"texture":"#3"},"up":{"uv":[9.16667,12.5,8.66667,12],"texture":"#3"}}},{"from":[7.6958,14.37548,7.41767],"to":[8.3042,16.13984,8.02607],"rotation":{"angle":-22.5,"axis":"x","origin":[8,15.25766,7.72187]},"faces":{"north":{"uv":[10.66667,5.33333,11,6.5],"texture":"#3"},"east":{"uv":[6,10.66667,6.33333,11.83333],"texture":"#3"},"south":{"uv":[6.66667,10.66667,7,11.83333],"texture":"#3"},"west":{"uv":[10.66667,6.66667,11,7.83333],"texture":"#3"},"up":{"uv":[11.66667,13,11.33333,12.66667],"texture":"#3"}}},{"from":[7.78098,15.97025,6.31248],"to":[8.21902,17.24059,6.75053],"rotation":{"angle":-45,"axis":"x","origin":[8,17.10542,6.95651]},"faces":{"north":{"uv":[11.33333,6,11.66667,6.83333],"texture":"#3"},"east":{"uv":[7.33333,11.33333,7.66667,12.16667],"texture":"#3"},"south":{"uv":[11.33333,7.33333,11.66667,8.16667],"texture":"#3"},"west":{"uv":[8,11.33333,8.33333,12.16667],"texture":"#3"},"up":{"uv":[13,11.66667,12.66667,11.33333],"texture":"#3"}}},{"from":[7.25,8.75,5.75],"to":[8.75,8.8,7.75],"rotation":{"angle":0,"axis":"y","origin":[7.25,-0.5,0.25]},"faces":{"up":{"uv":[3.66667,8,2.66667,6.66667],"texture":"#3"},"down":{"uv":[3.66667,6.66667,2.66667,8],"texture":"#3"}}},{"from":[7.25,10.75,5.75],"to":[8.75,10.8,7.75],"rotation":{"angle":0,"axis":"y","origin":[7.25,-0.5,0.25]},"faces":{"up":{"uv":[3.66667,8,2.66667,6.66667],"texture":"#3"},"down":{"uv":[3.66667,6.66667,2.66667,8],"texture":"#3"}}},{"from":[7.25,12.75,5.75],"to":[8.75,12.8,7.75],"rotation":{"angle":0,"axis":"y","origin":[7.25,-0.5,0.25]},"faces":{"up":{"uv":[3.66667,8,2.66667,6.66667],"texture":"#3"},"down":{"uv":[3.66667,6.66667,2.66667,8],"texture":"#3"}}},{"from":[7.25,14.75,5.7],"to":[8.75,14.8,7.7],"rotation":{"angle":-22.5,"axis":"x","origin":[8,14.775,6.9]},"faces":{"up":{"uv":[3.66667,8,2.66667,6.66667],"texture":"#3"},"down":{"uv":[3.66667,6.66667,2.66667,8],"texture":"#3"}}},{"from":[7.25,16.19343,4.88924],"to":[8.75,16.24343,6.88924],"rotation":{"angle":-45,"axis":"x","origin":[8,16.56843,6.11424]},"faces":{"up":{"uv":[3.66667,8,2.66667,6.66667],"texture":"#3"},"down":{"uv":[3.66667,6.66667,2.66667,8],"texture":"#3"}}},{"from":[7.975,7,4],"to":[8.025,17,8],"rotation":{"angle":0,"axis":"y","origin":[7.975,0,0]},"faces":{"east":{"uv":[2.66667,0,0,6.66667],"texture":"#3"},"west":{"uv":[0,0,2.66667,6.66667],"texture":"#3"}}},{"from":[7.64,11.54,4.64],"to":[8.36,12.26,5.36],"rotation":{"angle":0,"axis":"y","origin":[7.64,0.14,0.14]},"faces":{"north":{"uv":[8.66667,11.33333,9.16667,11.83333],"texture":"#3"},"east":{"uv":[11.33333,8.66667,11.83333,9.16667],"texture":"#3"},"south":{"uv":[9.33333,11.33333,9.83333,11.83333],"texture":"#3"},"west":{"uv":[11.33333,9.33333,11.83333,9.83333],"texture":"#3"},"up":{"uv":[10.5,11.83333,10,11.33333],"texture":"#3"},"down":{"uv":[11.83333,10,11.33333,10.5],"texture":"#3"}}},{"from":[6.5,9.9091,10.55064],"to":[7.25,10.9091,10.55064],"rotation":{"angle":-22.5,"axis":"x","origin":[8,8.85354,9.76379]},"faces":{"north":{"uv":[4,11.01667,0,7.91667],"rotation":270,"texture":"#2"},"south":{"uv":[0,11.01667,4,7.91667],"rotation":90,"texture":"#2"}}},{"from":[5.5,7.67616,9.50812],"to":[7,9.67616,9.50812],"rotation":{"angle":-22.5,"axis":"x","origin":[8,8.85354,9.76379]},"faces":{"north":{"uv":[8,6,0,0],"rotation":270,"texture":"#2"},"south":{"uv":[0,6,8,0],"rotation":90,"texture":"#2"}}},{"from":[9,7.67616,9.50812],"to":[10.5,9.67616,9.50812],"rotation":{"angle":-22.5,"axis":"x","origin":[8,8.85354,9.76379]},"faces":{"north":{"uv":[8,0,0,6],"rotation":270,"texture":"#2"},"south":{"uv":[0,0,8,6],"rotation":90,"texture":"#2"}}},{"from":[8.75,9.9091,10.55064],"to":[9.5,10.9091,10.55064],"rotation":{"angle":-22.5,"axis":"x","origin":[8,8.85354,9.76379]},"faces":{"north":{"uv":[4,7.91667,0,11.01667],"rotation":270,"texture":"#2"},"south":{"uv":[0,7.91667,4,11.01667],"rotation":90,"texture":"#2"}}}],"gui_light":"front","display":{"thirdperson_righthand":{"translation":[0,2.25,0.75]},"thirdperson_lefthand":{"translation":[0,2.25,0.75]},"firstperson_righthand":{"rotation":[-10,0,0],"translation":[-1.75,4.25,2.75]},"firstperson_lefthand":{"rotation":[-10,0,0],"translation":[-1.75,4.25,2.75]},"ground":{"translation":[0,7.75,0]},"gui":{"rotation":[-90,45,90],"translation":[1,0.25,0],"scale":[1.13672,1.13672,1.13672]},"head":{"scale":[1.5,1.5,1.5],"rotation":[0,90,0]},"fixed":{"rotation":[90,-90,90],"translation":[0,-1.25,-0.5],"scale":[2.5,2.5,2.5]}}}