{"credit":"MadebyPolygonMC","texture_size":[24,24],"textures":{"2":"dragonsoulset:animations/animations_1","3":"dragonsoulset:hoe","particle":"dragonsoulset:hoe"},"elements":[{"from":[7,14.1862,6.97551],"to":[9,15.9362,8.97551],"rotation":{"angle":0,"axis":"x","origin":[8,15.35,7.60165]},"faces":{"north":{"uv":[4.66667,4,6,5.16667],"texture":"#3"},"east":{"uv":[0,5.33333,1.33333,6.5],"texture":"#3"},"south":{"uv":[3.33333,5.33333,4.66667,6.5],"texture":"#3"},"west":{"uv":[4.66667,5.33333,6,6.5],"texture":"#3"},"up":{"uv":[1.33333,4,0,2.66667],"texture":"#3"},"down":{"uv":[2.66667,2.66667,1.33333,4],"texture":"#3"}}},{"from":[7.25,14.1862,5.47551],"to":[8.75,15.4362,6.97551],"rotation":{"angle":0,"axis":"x","origin":[8,15.35,7.60165]},"faces":{"north":{"uv":[8,6.66667,9,7.5],"texture":"#3"},"east":{"uv":[7.33333,8,8.33333,8.83333],"texture":"#3"},"west":{"uv":[8.66667,0,9.66667,0.83333],"texture":"#3"},"up":{"uv":[8.33333,3.66667,7.33333,2.66667],"texture":"#3"},"down":{"uv":[8.33333,4,7.33333,5],"texture":"#3"}}},{"from":[8.475,15.40536,6.9983],"to":[9.225,16.15536,7.9983],"rotation":{"angle":-22.5,"axis":"x","origin":[8,15.35,7.60165]},"faces":{"north":{"uv":[12,0.66667,12.5,1.16667],"texture":"#3"},"east":{"uv":[11.33333,3.33333,12,3.83333],"texture":"#3"},"south":{"uv":[1.33333,12,1.83333,12.5],"texture":"#3"},"west":{"uv":[4,11.33333,4.66667,11.83333],"texture":"#3"},"up":{"uv":[11.83333,4.66667,11.33333,4],"texture":"#3"},"down":{"uv":[5.16667,11.33333,4.66667,12],"texture":"#3"}}},{"from":[8.48,15.44994,7.31264],"to":[9.22,16.19994,8.31264],"rotation":{"angle":22.5,"axis":"x","origin":[8,15.35,7.60165]},"faces":{"north":{"uv":[2,12,2.5,12.5],"texture":"#3"},"east":{"uv":[11.33333,4.66667,12,5.16667],"texture":"#3"},"south":{"uv":[12,2,12.5,2.5],"texture":"#3"},"west":{"uv":[5.33333,11.33333,6,11.83333],"texture":"#3"},"up":{"uv":[11.83333,6,11.33333,5.33333],"texture":"#3"},"down":{"uv":[6.5,11.33333,6,12],"texture":"#3"}}},{"from":[8.5,14.69611,8.33369],"to":[9.5,15.69611,9.33369],"rotation":{"angle":-22.5,"axis":"x","origin":[8,15.35,7.60165]},"faces":{"north":{"uv":[5.33333,8.66667,6,9.33333],"texture":"#3"},"east":{"uv":[8.66667,6,9.33333,6.66667],"texture":"#3"},"south":{"uv":[0.66667,10.66667,1.33333,11.33333],"texture":"#3"},"west":{"uv":[1.33333,10.66667,2,11.33333],"texture":"#3"},"up":{"uv":[11.33333,2,10.66667,1.33333],"texture":"#3"},"down":{"uv":[2.66667,10.66667,2,11.33333],"texture":"#3"}}},{"from":[8.61,16.71325,8.03298],"to":[9.39,17.49325,8.81298],"rotation":{"angle":45,"axis":"x","origin":[8,15.35,7.60165]},"faces":{"north":{"uv":[2.66667,12,3.16667,12.5],"texture":"#3"},"east":{"uv":[12,2.66667,12.5,3.16667],"texture":"#3"},"south":{"uv":[12,3.33333,12.5,3.83333],"texture":"#3"},"west":{"uv":[4,12,4.5,12.5],"texture":"#3"},"up":{"uv":[12.5,4.5,12,4],"texture":"#3"},"down":{"uv":[5.16667,12,4.66667,12.5],"texture":"#3"}}},{"from":[8.7036,16.86014,8.87957],"to":[9.2964,17.45294,9.47237],"rotation":{"angle":22.5,"axis":"x","origin":[8,15.35,7.60165]},"faces":{"north":{"uv":[12.66667,2,13,2.33333],"texture":"#3"},"east":{"uv":[2.66667,12.66667,3,13],"texture":"#3"},"south":{"uv":[12.66667,2.66667,13,3],"texture":"#3"},"west":{"uv":[3.33333,12.66667,3.66667,13],"texture":"#3"},"up":{"uv":[13,3.66667,12.66667,3.33333],"texture":"#3"},"down":{"uv":[4.33333,12.66667,4,13],"texture":"#3"}}},{"from":[8.78659,16.58247,9.63866],"to":[9.21341,17.00929,10.06548],"rotation":{"angle":0,"axis":"x","origin":[8,15.35,7.60165]},"faces":{"north":{"uv":[12.66667,4,13,4.33333],"texture":"#3"},"east":{"uv":[4.66667,12.66667,5,13],"texture":"#3"},"south":{"uv":[12.66667,4.66667,13,5],"texture":"#3"},"west":{"uv":[5.33333,12.66667,5.66667,13],"texture":"#3"},"up":{"uv":[13,5.66667,12.66667,5.33333],"texture":"#3"},"down":{"uv":[6.33333,12.66667,6,13],"texture":"#3"}}},{"from":[6.775,15.40536,6.9983],"to":[7.525,16.15536,7.9983],"rotation":{"angle":-22.5,"axis":"x","origin":[8,15.35,7.60165]},"faces":{"north":{"uv":[12,4.66667,12.5,5.16667],"texture":"#3"},"east":{"uv":[11.33333,6,12,6.5],"texture":"#3"},"south":{"uv":[5.33333,12,5.83333,12.5],"texture":"#3"},"west":{"uv":[6.66667,11.33333,7.33333,11.83333],"texture":"#3"},"up":{"uv":[11.83333,7.33333,11.33333,6.66667],"texture":"#3"},"down":{"uv":[7.83333,11.33333,7.33333,12],"texture":"#3"}}},{"from":[6.78,15.44994,7.31264],"to":[7.52,16.19994,8.31264],"rotation":{"angle":22.5,"axis":"x","origin":[8,15.35,7.60165]},"faces":{"north":{"uv":[12,5.33333,12.5,5.83333],"texture":"#3"},"east":{"uv":[11.33333,7.33333,12,7.83333],"texture":"#3"},"south":{"uv":[6,12,6.5,12.5],"texture":"#3"},"west":{"uv":[8,11.33333,8.66667,11.83333],"texture":"#3"},"up":{"uv":[11.83333,8.66667,11.33333,8],"texture":"#3"},"down":{"uv":[9.16667,11.33333,8.66667,12],"texture":"#3"}}},{"from":[6.5,14.69611,8.33369],"to":[7.5,15.69611,9.33369],"rotation":{"angle":-22.5,"axis":"x","origin":[8,15.35,7.60165]},"faces":{"north":{"uv":[10.66667,2,11.33333,2.66667],"texture":"#3"},"east":{"uv":[2.66667,10.66667,3.33333,11.33333],"texture":"#3"},"south":{"uv":[10.66667,2.66667,11.33333,3.33333],"texture":"#3"},"west":{"uv":[10.66667,3.33333,11.33333,4],"texture":"#3"},"up":{"uv":[4.66667,11.33333,4,10.66667],"texture":"#3"},"down":{"uv":[5.33333,10.66667,4.66667,11.33333],"texture":"#3"}}},{"from":[6.61,16.71325,8.03298],"to":[7.39,17.49325,8.81298],"rotation":{"angle":45,"axis":"x","origin":[8,15.35,7.60165]},"faces":{"north":{"uv":[12,6,12.5,6.5],"texture":"#3"},"east":{"uv":[6.66667,12,7.16667,12.5],"texture":"#3"},"south":{"uv":[12,6.66667,12.5,7.16667],"texture":"#3"},"west":{"uv":[7.33333,12,7.83333,12.5],"texture":"#3"},"up":{"uv":[12.5,7.83333,12,7.33333],"texture":"#3"},"down":{"uv":[8.5,12,8,12.5],"texture":"#3"}}},{"from":[6.7036,16.86014,8.87957],"to":[7.2964,17.45294,9.47237],"rotation":{"angle":22.5,"axis":"x","origin":[8,15.35,7.60165]},"faces":{"north":{"uv":[12.66667,6,13,6.33333],"texture":"#3"},"east":{"uv":[6.66667,12.66667,7,13],"texture":"#3"},"south":{"uv":[12.66667,6.66667,13,7],"texture":"#3"},"west":{"uv":[7.33333,12.66667,7.66667,13],"texture":"#3"},"up":{"uv":[13,7.66667,12.66667,7.33333],"texture":"#3"},"down":{"uv":[8.33333,12.66667,8,13],"texture":"#3"}}},{"from":[6.78659,16.58247,9.63866],"to":[7.21341,17.00929,10.06548],"rotation":{"angle":0,"axis":"x","origin":[8,15.35,7.60165]},"faces":{"north":{"uv":[12.66667,8,13,8.33333],"texture":"#3"},"east":{"uv":[8.66667,12.66667,9,13],"texture":"#3"},"south":{"uv":[12.66667,8.66667,13,9],"texture":"#3"},"west":{"uv":[9.33333,12.66667,9.66667,13],"texture":"#3"},"up":{"uv":[13,9.66667,12.66667,9.33333],"texture":"#3"},"down":{"uv":[10.33333,12.66667,10,13],"texture":"#3"}}},{"from":[7.7246,13.72482,5.85303],"to":[8.2754,14.27562,6.40383],"rotation":{"angle":45,"axis":"x","origin":[8,15.35,7.60165]},"faces":{"north":{"uv":[12.66667,10,13,10.33333],"texture":"#3"},"east":{"uv":[10.66667,12.66667,11,13],"texture":"#3"},"south":{"uv":[12.66667,10.66667,13,11],"texture":"#3"},"west":{"uv":[11.33333,12.66667,11.66667,13],"texture":"#3"},"up":{"uv":[13,11.66667,12.66667,11.33333],"texture":"#3"},"down":{"uv":[12.33333,12.66667,12,13],"texture":"#3"}}},{"from":[7.78519,16.09411,5.9472],"to":[8.21481,16.52374,6.37682],"rotation":{"angle":-22.5,"axis":"x","origin":[8,15.35,7.60165]},"faces":{"north":{"uv":[12.66667,12,13,12.33333],"texture":"#3"},"east":{"uv":[12.66667,12.66667,13,13],"texture":"#3"},"south":{"uv":[0,13.33333,0.33333,13.66667],"texture":"#3"},"west":{"uv":[13.33333,0,13.66667,0.33333],"texture":"#3"},"up":{"uv":[1,13.66667,0.66667,13.33333],"texture":"#3"},"down":{"uv":[13.66667,0.66667,13.33333,1],"texture":"#3"}}},{"from":[7.83674,15.60137,6.01736],"to":[8.16326,15.92788,6.34387],"rotation":{"angle":0,"axis":"x","origin":[8,15.35,7.60165]},"faces":{"north":{"uv":[1.33333,13.33333,1.5,13.5],"texture":"#3"},"east":{"uv":[13.33333,1.33333,13.5,1.5],"texture":"#3"},"south":{"uv":[2,13.33333,2.16667,13.5],"texture":"#3"},"west":{"uv":[13.33333,2,13.5,2.16667],"texture":"#3"},"up":{"uv":[2.83333,13.5,2.66667,13.33333],"texture":"#3"},"down":{"uv":[13.5,2.66667,13.33333,2.83333],"texture":"#3"}}},{"from":[7.88245,15.12934,6.2215],"to":[8.11755,15.36443,6.45659],"rotation":{"angle":22.5,"axis":"x","origin":[8,15.35,7.60165]},"faces":{"north":{"uv":[3.33333,13.33333,3.5,13.5],"texture":"#3"},"east":{"uv":[13.33333,3.33333,13.5,3.5],"texture":"#3"},"south":{"uv":[4,13.33333,4.16667,13.5],"texture":"#3"},"west":{"uv":[13.33333,4,13.5,4.16667],"texture":"#3"},"up":{"uv":[4.83333,13.5,4.66667,13.33333],"texture":"#3"},"down":{"uv":[13.5,4.66667,13.33333,4.83333],"texture":"#3"}}},{"from":[8.65,13.4362,5.57551],"to":[8.65,14.1862,7.57551],"rotation":{"angle":0,"axis":"x","origin":[8,15.35,7.60165]},"faces":{"north":{"uv":[0,0,0,0.5],"texture":"#3"},"east":{"uv":[9.33333,7.33333,10.66667,7.83333],"texture":"#3"},"south":{"uv":[0,0,0,0.5],"texture":"#3"},"west":{"uv":[10,0,11.33333,0.5],"texture":"#3"},"up":{"uv":[0,1.33333,0,0],"texture":"#3"},"down":{"uv":[0,0,0,1.33333],"texture":"#3"}}},{"from":[7.35,13.4362,5.57551],"to":[7.35,14.1862,7.57551],"rotation":{"angle":0,"axis":"x","origin":[8,15.35,7.60165]},"faces":{"north":{"uv":[0,0,0,0.5],"texture":"#3"},"east":{"uv":[10,0.66667,11.33333,1.16667],"texture":"#3"},"south":{"uv":[0,0,0,0.5],"texture":"#3"},"west":{"uv":[10,4,11.33333,4.5],"texture":"#3"},"up":{"uv":[0,1.33333,0,0],"texture":"#3"},"down":{"uv":[0,0,0,1.33333],"texture":"#3"}}},{"from":[7.351,13.43621,5.57551],"to":[8.651,14.18621,5.57551],"rotation":{"angle":0,"axis":"x","origin":[8,15.35,7.60165]},"faces":{"north":{"uv":[11.33333,1.33333,12.16667,1.83333],"texture":"#3"},"east":{"uv":[0,0,0,0.5],"texture":"#3"},"south":{"uv":[2,11.33333,2.83333,11.83333],"texture":"#3"},"west":{"uv":[0,0,0,0.5],"texture":"#3"},"up":{"uv":[0.83333,0,0,0],"texture":"#3"},"down":{"uv":[0.83333,0,0,0],"texture":"#3"}}},{"from":[7.5,0.75,7.5],"to":[8.5,1.25,8.5],"rotation":{"angle":0,"axis":"y","origin":[7.5,0,7.5]},"faces":{"north":{"uv":[9.33333,12,10,12.33333],"texture":"#3"},"east":{"uv":[10,12,10.66667,12.33333],"texture":"#3"},"south":{"uv":[10.66667,12,11.33333,12.33333],"texture":"#3"},"west":{"uv":[11.33333,12,12,12.33333],"texture":"#3"},"up":{"uv":[11.33333,5.33333,10.66667,4.66667],"texture":"#3"},"down":{"uv":[6,10.66667,5.33333,11.33333],"texture":"#3"}}},{"from":[7.5,1.75,7.5],"to":[8.5,2.75,8.5],"rotation":{"angle":0,"axis":"y","origin":[7.5,0,7.5]},"faces":{"north":{"uv":[10.66667,5.33333,11.33333,6],"texture":"#3"},"east":{"uv":[6,10.66667,6.66667,11.33333],"texture":"#3"},"south":{"uv":[10.66667,6,11.33333,6.66667],"texture":"#3"},"west":{"uv":[6.66667,10.66667,7.33333,11.33333],"texture":"#3"},"up":{"uv":[11.33333,7.33333,10.66667,6.66667],"texture":"#3"},"down":{"uv":[8,10.66667,7.33333,11.33333],"texture":"#3"}}},{"from":[7.6,2.75,7.6],"to":[8.4,4.55,8.4],"rotation":{"angle":0,"axis":"y","origin":[7.5,0,7.5]},"faces":{"north":{"uv":[2.66667,9.33333,3.16667,10.5],"texture":"#3"},"east":{"uv":[10,4.66667,10.5,5.83333],"texture":"#3"},"south":{"uv":[10,8,10.5,9.16667],"texture":"#3"},"west":{"uv":[0,10.66667,0.5,11.83333],"texture":"#3"},"up":{"uv":[12.5,8.5,12,8],"texture":"#3"},"down":{"uv":[9.16667,12,8.66667,12.5],"texture":"#3"}}},{"from":[7.4,1.25,7.4],"to":[8.6,1.75,8.6],"rotation":{"angle":0,"axis":"y","origin":[7.5,0,7.5]},"faces":{"north":{"uv":[11.33333,8.66667,12.16667,9],"texture":"#3"},"east":{"uv":[9.33333,11.33333,10.16667,11.66667],"texture":"#3"},"south":{"uv":[11.33333,9.33333,12.16667,9.66667],"texture":"#3"},"west":{"uv":[11.33333,10,12.16667,10.33333],"texture":"#3"},"up":{"uv":[9.5,5.5,8.66667,4.66667],"texture":"#3"},"down":{"uv":[9.5,8,8.66667,8.83333],"texture":"#3"}}},{"from":[7.4,5.55,7.4],"to":[8.6,6.05,8.6],"rotation":{"angle":0,"axis":"y","origin":[7.5,4.3,7.5]},"faces":{"north":{"uv":[10.66667,11.33333,11.5,11.66667],"texture":"#3"},"east":{"uv":[11.33333,10.66667,12.16667,11],"texture":"#3"},"south":{"uv":[0,12,0.83333,12.33333],"texture":"#3"},"west":{"uv":[12,0,12.83333,0.33333],"texture":"#3"},"up":{"uv":[0.83333,10.16667,0,9.33333],"texture":"#3"},"down":{"uv":[2.16667,9.33333,1.33333,10.16667],"texture":"#3"}}},{"from":[7.5,6.05,7.5],"to":[8.5,6.55,8.5],"rotation":{"angle":0,"axis":"y","origin":[7.5,16.05,7.5]},"faces":{"north":{"uv":[12,11.33333,12.66667,11.66667],"texture":"#3"},"east":{"uv":[12,12,12.66667,12.33333],"texture":"#3"},"south":{"uv":[0,12.66667,0.66667,13],"texture":"#3"},"west":{"uv":[0.66667,12.66667,1.33333,13],"texture":"#3"},"up":{"uv":[11.33333,8,10.66667,7.33333],"texture":"#3"},"down":{"uv":[8.66667,10.66667,8,11.33333],"texture":"#3"}}},{"from":[7.5,4.55,7.5],"to":[8.5,5.55,8.5],"rotation":{"angle":0,"axis":"y","origin":[7.5,16.05,7.5]},"faces":{"north":{"uv":[10.66667,8,11.33333,8.66667],"texture":"#3"},"east":{"uv":[8.66667,10.66667,9.33333,11.33333],"texture":"#3"},"south":{"uv":[10.66667,8.66667,11.33333,9.33333],"texture":"#3"},"west":{"uv":[9.33333,10.66667,10,11.33333],"texture":"#3"},"up":{"uv":[11.33333,10,10.66667,9.33333],"texture":"#3"},"down":{"uv":[10.66667,10.66667,10,11.33333],"texture":"#3"}}},{"from":[7.375,-0.1,7.4],"to":[8.625,1.1,8.6],"rotation":{"angle":-45,"axis":"x","origin":[8,0.5,8]},"faces":{"north":{"uv":[9.33333,1.33333,10.16667,2.16667],"texture":"#3"},"east":{"uv":[9.33333,2.66667,10.16667,3.5],"texture":"#3"},"south":{"uv":[4,9.33333,4.83333,10.16667],"texture":"#3"},"west":{"uv":[5.33333,9.33333,6.16667,10.16667],"texture":"#3"},"up":{"uv":[10.16667,6.83333,9.33333,6],"texture":"#3"},"down":{"uv":[7.5,9.33333,6.66667,10.16667],"texture":"#3"}}},{"from":[7.3,12.4,7],"to":[8.7,14.4,9],"rotation":{"angle":-45,"axis":"x","origin":[8,13.4,8]},"faces":{"north":{"uv":[6,0,7,1.33333],"texture":"#3"},"east":{"uv":[2.66667,2.66667,4,4],"texture":"#3"},"south":{"uv":[6,1.33333,7,2.66667],"texture":"#3"},"west":{"uv":[0,4,1.33333,5.33333],"texture":"#3"},"up":{"uv":[7,5.33333,6,4],"texture":"#3"},"down":{"uv":[7,5.33333,6,6.66667],"texture":"#3"}}},{"from":[7.05,12.65,7.25],"to":[8.95,14.15,8.75],"rotation":{"angle":-45,"axis":"x","origin":[8,13.4,8]},"faces":{"north":{"uv":[0,6.66667,1.33333,7.66667],"texture":"#3"},"east":{"uv":[7.33333,5.33333,8.33333,6.33333],"texture":"#3"},"south":{"uv":[1.33333,6.66667,2.66667,7.66667],"texture":"#3"},"west":{"uv":[0,8,1,9],"texture":"#3"},"up":{"uv":[4,7.66667,2.66667,6.66667],"texture":"#3"},"down":{"uv":[5.33333,6.66667,4,7.66667],"texture":"#3"}}},{"from":[7.5,11.53904,6.52274],"to":[8.5,13.53904,7.52274],"rotation":{"angle":-22.5,"axis":"x","origin":[8,11.99452,4.65817]},"faces":{"north":{"uv":[3.33333,4,4,5.33333],"texture":"#3"},"east":{"uv":[1.33333,8,2,9.33333],"texture":"#3"},"south":{"uv":[2,8,2.66667,9.33333],"texture":"#3"},"west":{"uv":[2.66667,8,3.33333,9.33333],"texture":"#3"},"up":{"uv":[11.33333,10.66667,10.66667,10],"texture":"#3"},"down":{"uv":[11.33333,10.66667,10.66667,11.33333],"texture":"#3"}}},{"from":[7.5,12.53904,4.52275],"to":[8.5,13.53904,6.52275],"rotation":{"angle":-22.5,"axis":"x","origin":[8,11.99452,4.65817]},"faces":{"north":{"uv":[11.33333,0,12,0.66667],"texture":"#3"},"east":{"uv":[3.33333,8,4.66667,8.66667],"texture":"#3"},"south":{"uv":[0.66667,11.33333,1.33333,12],"texture":"#3"},"west":{"uv":[4.66667,8,6,8.66667],"texture":"#3"},"up":{"uv":[6.66667,9.33333,6,8],"texture":"#3"},"down":{"uv":[7.33333,8,6.66667,9.33333],"texture":"#3"}}},{"from":[7.4,6.55,7.4],"to":[8.6,8.65,8.6],"rotation":{"angle":0,"axis":"y","origin":[15,13.1,15]},"faces":{"north":{"uv":[5.33333,6.66667,6.16667,8],"texture":"#3"},"east":{"uv":[6.66667,6.66667,7.5,8],"texture":"#3"},"south":{"uv":[7.33333,0,8.16667,1.33333],"texture":"#3"},"west":{"uv":[7.33333,1.33333,8.16667,2.66667],"texture":"#3"},"up":{"uv":[8.83333,10.16667,8,9.33333],"texture":"#3"},"down":{"uv":[10.16667,9.33333,9.33333,10.16667],"texture":"#3"}}},{"from":[7.75,11.925,2.925],"to":[8.25,12.925,6.675],"rotation":{"angle":-22.5,"axis":"x","origin":[8,11.99452,4.65817]},"faces":{"north":{"uv":[12.66667,0.66667,13,1.33333],"texture":"#3"},"east":{"uv":[4.66667,2.66667,7.16667,3.33333],"texture":"#3"},"south":{"uv":[1.33333,12.66667,1.66667,13.33333],"texture":"#3"},"west":{"uv":[4.66667,3.33333,7.16667,4],"texture":"#3"},"up":{"uv":[9,3.83333,8.66667,1.33333],"texture":"#3"},"down":{"uv":[3.66667,8.66667,3.33333,11.16667],"texture":"#3"}}},{"from":[7.755,12.59243,1.66301],"to":[8.245,13.51743,3.41301],"rotation":{"angle":-45,"axis":"x","origin":[8,11.99452,4.65817]},"faces":{"north":{"uv":[12.66667,1.33333,13,2],"texture":"#3"},"east":{"uv":[4,8.66667,5.16667,9.33333],"texture":"#3"},"south":{"uv":[2,12.66667,2.33333,13.33333],"texture":"#3"},"west":{"uv":[8.66667,4,9.83333,4.66667],"texture":"#3"},"up":{"uv":[11.66667,3.16667,11.33333,2],"texture":"#3"},"down":{"uv":[3.66667,11.33333,3.33333,12.5],"texture":"#3"}}},{"from":[7.975,8.7,-0.55],"to":[8.025,12.2,7.7],"rotation":{"angle":-22.5,"axis":"x","origin":[7.975,11.99452,4.65817]},"faces":{"east":{"uv":[5.5,0,0,2.33333],"texture":"#3"},"west":{"uv":[0,0,5.5,2.33333],"texture":"#3"}}},{"from":[7.5,8.65,7.5],"to":[8.5,12.55,8.5],"rotation":{"angle":0,"axis":"y","origin":[7.5,16.05,8.5]},"faces":{"north":{"uv":[1.33333,4,2,6.66667],"texture":"#3"},"east":{"uv":[2,4,2.66667,6.66667],"texture":"#3"},"south":{"uv":[2.66667,4,3.33333,6.66667],"texture":"#3"},"west":{"uv":[4,2.66667,4.66667,5.33333],"texture":"#3"},"up":{"uv":[12,1.33333,11.33333,0.66667],"texture":"#3"},"down":{"uv":[2,11.33333,1.33333,12],"texture":"#3"}}},{"from":[6.5,15.43521,5.47552],"to":[7.25,15.43521,6.47552],"rotation":{"angle":-22.5,"axis":"x","origin":[8,15.43521,5.97552]},"faces":{"north":{"uv":[0,0,0.5,0],"texture":"#2"},"east":{"uv":[0,0,0.66667,0],"texture":"#2"},"south":{"uv":[0,0,0.5,0],"texture":"#2"},"west":{"uv":[0,0,0.66667,0],"texture":"#2"},"up":{"uv":[0,11.01667,4,7.91667],"rotation":90,"texture":"#2"},"down":{"uv":[4,11.01667,0,7.91667],"rotation":90,"texture":"#2"}}},{"from":[5.5,15.13521,6.97551],"to":[7,15.13521,8.97551],"rotation":{"angle":-22.5,"axis":"x","origin":[8,15.13521,7.97551]},"faces":{"north":{"uv":[0,0,1,0],"texture":"#2"},"east":{"uv":[0,0,1.33333,0],"texture":"#2"},"south":{"uv":[0,0,1,0],"texture":"#2"},"west":{"uv":[0,0,1.33333,0],"texture":"#2"},"up":{"uv":[0,6,8,0],"rotation":90,"texture":"#2"},"down":{"uv":[8,6,0,0],"rotation":90,"texture":"#2"}}},{"from":[9,15.13521,6.97551],"to":[10.5,15.13521,8.97551],"rotation":{"angle":-22.5,"axis":"x","origin":[8,15.13521,7.97551]},"faces":{"north":{"uv":[1,0,0,0],"texture":"#2"},"east":{"uv":[1.33333,0,0,0],"texture":"#2"},"south":{"uv":[1,0,0,0],"texture":"#2"},"west":{"uv":[1.33333,0,0,0],"texture":"#2"},"up":{"uv":[0,0,8,6],"rotation":90,"texture":"#2"},"down":{"uv":[8,0,0,6],"rotation":90,"texture":"#2"}}},{"from":[8.75,15.43521,5.47552],"to":[9.5,15.43521,6.47552],"rotation":{"angle":-22.5,"axis":"x","origin":[8,15.43521,5.97552]},"faces":{"north":{"uv":[0.5,0,0,0],"texture":"#2"},"east":{"uv":[0.66667,0,0,0],"texture":"#2"},"south":{"uv":[0.5,0,0,0],"texture":"#2"},"west":{"uv":[0.66667,0,0,0],"texture":"#2"},"up":{"uv":[0,7.91667,4,11.01667],"rotation":90,"texture":"#2"},"down":{"uv":[4,7.91667,0,11.01667],"rotation":90,"texture":"#2"}}}],"gui_light":"front","display":{"thirdperson_righthand":{"translation":[0,2.25,0.75]},"thirdperson_lefthand":{"translation":[0,2.25,0.75]},"firstperson_righthand":{"rotation":[-10,0,0],"translation":[-0.5,3.5,1.5]},"firstperson_lefthand":{"rotation":[-10,0,0],"translation":[-0.5,3.5,1.5]},"ground":{"translation":[0,6.25,0]},"gui":{"rotation":[-90,45,90],"translation":[0.75,-0.75,0],"scale":[1.0332,1.0332,1.0332]},"head":{"scale":[1.5,1.5,1.5],"rotation":[0,90,0]},"fixed":{"rotation":[90,-90,90],"translation":[0,-1.25,-0.5],"scale":[2.5,2.5,2.5]}}}