{"credit":"MadebyPolygonMC","texture_size":[24,24],"textures":{"2":"dragonsoulset:animations/animations_1","4":"dragonsoulset:pickaxe"},"elements":[{"from":[7,13.9862,4.77551],"to":[9,15.7362,6.77551],"rotation":{"angle":0,"axis":"x","origin":[8,15.15,5.40165]},"faces":{"north":{"uv":[4.66667,2.66667,6,3.83333],"texture":"#4"},"east":{"uv":[4.66667,4,6,5.16667],"texture":"#4"},"south":{"uv":[5.33333,0,6.66667,1.16667],"texture":"#4"},"west":{"uv":[2,5.33333,3.33333,6.5],"texture":"#4"},"up":{"uv":[1.33333,3.33333,0,2],"texture":"#4"},"down":{"uv":[2.66667,2,1.33333,3.33333],"texture":"#4"}}},{"from":[7.25,13.9862,3.27551],"to":[8.75,15.2362,4.77551],"rotation":{"angle":0,"axis":"x","origin":[8,15.15,5.40165]},"faces":{"north":{"uv":[4.66667,8,5.66667,8.83333],"texture":"#4"},"east":{"uv":[8,5.33333,9,6.16667],"texture":"#4"},"west":{"uv":[6,8,7,8.83333],"texture":"#4"},"up":{"uv":[1,8.33333,0,7.33333],"texture":"#4"},"down":{"uv":[8.33333,1.33333,7.33333,2.33333],"texture":"#4"}}},{"from":[8.475,15.20536,4.7983],"to":[9.225,15.95536,5.7983],"rotation":{"angle":-22.5,"axis":"x","origin":[8,15.15,5.40165]},"faces":{"north":{"uv":[11.33333,8,11.83333,8.5],"texture":"#4"},"east":{"uv":[10.66667,10.66667,11.33333,11.16667],"texture":"#4"},"south":{"uv":[9.33333,11.33333,9.83333,11.83333],"texture":"#4"},"west":{"uv":[0,11.33333,0.66667,11.83333],"texture":"#4"},"up":{"uv":[11.83333,0.66667,11.33333,0],"texture":"#4"},"down":{"uv":[1.16667,11.33333,0.66667,12],"texture":"#4"}}},{"from":[8.48,15.24994,5.11264],"to":[9.22,15.99994,6.11264],"rotation":{"angle":22.5,"axis":"x","origin":[8,15.15,5.40165]},"faces":{"north":{"uv":[11.33333,9.33333,11.83333,9.83333],"texture":"#4"},"east":{"uv":[11.33333,0.66667,12,1.16667],"texture":"#4"},"south":{"uv":[11.33333,10,11.83333,10.5],"texture":"#4"},"west":{"uv":[1.33333,11.33333,2,11.83333],"texture":"#4"},"up":{"uv":[11.83333,2,11.33333,1.33333],"texture":"#4"},"down":{"uv":[2.5,11.33333,2,12],"texture":"#4"}}},{"from":[8.5,14.49611,6.13369],"to":[9.5,15.49611,7.13369],"rotation":{"angle":-22.5,"axis":"x","origin":[8,15.15,5.40165]},"faces":{"north":{"uv":[1.33333,6,2,6.66667],"texture":"#4"},"east":{"uv":[6.66667,1.33333,7.33333,2],"texture":"#4"},"south":{"uv":[8.66667,4.66667,9.33333,5.33333],"texture":"#4"},"west":{"uv":[10,2.66667,10.66667,3.33333],"texture":"#4"},"up":{"uv":[10.66667,4,10,3.33333],"texture":"#4"},"down":{"uv":[10.66667,4,10,4.66667],"texture":"#4"}}},{"from":[8.61,16.51325,5.83298],"to":[9.39,17.29325,6.61298],"rotation":{"angle":45,"axis":"x","origin":[8,15.15,5.40165]},"faces":{"north":{"uv":[10.66667,11.33333,11.16667,11.83333],"texture":"#4"},"east":{"uv":[11.33333,10.66667,11.83333,11.16667],"texture":"#4"},"south":{"uv":[11.33333,11.33333,11.83333,11.83333],"texture":"#4"},"west":{"uv":[0,12,0.5,12.5],"texture":"#4"},"up":{"uv":[12.5,0.5,12,0],"texture":"#4"},"down":{"uv":[1.16667,12,0.66667,12.5],"texture":"#4"}}},{"from":[8.7036,16.66014,6.67957],"to":[9.2964,17.25294,7.27237],"rotation":{"angle":22.5,"axis":"x","origin":[8,15.15,5.40165]},"faces":{"north":{"uv":[10.66667,12,11,12.33333],"texture":"#4"},"east":{"uv":[12,10.66667,12.33333,11],"texture":"#4"},"south":{"uv":[11.33333,12,11.66667,12.33333],"texture":"#4"},"west":{"uv":[12,11.33333,12.33333,11.66667],"texture":"#4"},"up":{"uv":[12.33333,12.33333,12,12],"texture":"#4"},"down":{"uv":[0.33333,12.66667,0,13],"texture":"#4"}}},{"from":[8.78659,16.38247,7.43866],"to":[9.21341,16.80929,7.86548],"rotation":{"angle":0,"axis":"x","origin":[8,15.15,5.40165]},"faces":{"north":{"uv":[12.66667,0,13,0.33333],"texture":"#4"},"east":{"uv":[0.66667,12.66667,1,13],"texture":"#4"},"south":{"uv":[12.66667,0.66667,13,1],"texture":"#4"},"west":{"uv":[1.33333,12.66667,1.66667,13],"texture":"#4"},"up":{"uv":[13,1.66667,12.66667,1.33333],"texture":"#4"},"down":{"uv":[2.33333,12.66667,2,13],"texture":"#4"}}},{"from":[6.775,15.20536,4.7983],"to":[7.525,15.95536,5.7983],"rotation":{"angle":-22.5,"axis":"x","origin":[8,15.15,5.40165]},"faces":{"north":{"uv":[12,0.66667,12.5,1.16667],"texture":"#4"},"east":{"uv":[11.33333,2,12,2.5],"texture":"#4"},"south":{"uv":[1.33333,12,1.83333,12.5],"texture":"#4"},"west":{"uv":[2.66667,11.33333,3.33333,11.83333],"texture":"#4"},"up":{"uv":[11.83333,3.33333,11.33333,2.66667],"texture":"#4"},"down":{"uv":[3.83333,11.33333,3.33333,12],"texture":"#4"}}},{"from":[6.78,15.24994,5.11264],"to":[7.52,15.99994,6.11264],"rotation":{"angle":22.5,"axis":"x","origin":[8,15.15,5.40165]},"faces":{"north":{"uv":[12,1.33333,12.5,1.83333],"texture":"#4"},"east":{"uv":[11.33333,3.33333,12,3.83333],"texture":"#4"},"south":{"uv":[2,12,2.5,12.5],"texture":"#4"},"west":{"uv":[4,11.33333,4.66667,11.83333],"texture":"#4"},"up":{"uv":[11.83333,4.66667,11.33333,4],"texture":"#4"},"down":{"uv":[5.16667,11.33333,4.66667,12],"texture":"#4"}}},{"from":[6.5,14.49611,6.13369],"to":[7.5,15.49611,7.13369],"rotation":{"angle":-22.5,"axis":"x","origin":[8,15.15,5.40165]},"faces":{"north":{"uv":[10,6.66667,10.66667,7.33333],"texture":"#4"},"east":{"uv":[10,7.33333,10.66667,8],"texture":"#4"},"south":{"uv":[10,8,10.66667,8.66667],"texture":"#4"},"west":{"uv":[10,8.66667,10.66667,9.33333],"texture":"#4"},"up":{"uv":[10,10.66667,9.33333,10],"texture":"#4"},"down":{"uv":[10.66667,10,10,10.66667],"texture":"#4"}}},{"from":[6.61,16.51325,5.83298],"to":[7.39,17.29325,6.61298],"rotation":{"angle":45,"axis":"x","origin":[8,15.15,5.40165]},"faces":{"north":{"uv":[12,2,12.5,2.5],"texture":"#4"},"east":{"uv":[2.66667,12,3.16667,12.5],"texture":"#4"},"south":{"uv":[12,2.66667,12.5,3.16667],"texture":"#4"},"west":{"uv":[3.33333,12,3.83333,12.5],"texture":"#4"},"up":{"uv":[12.5,3.83333,12,3.33333],"texture":"#4"},"down":{"uv":[4.5,12,4,12.5],"texture":"#4"}}},{"from":[6.7036,16.66014,6.67957],"to":[7.2964,17.25294,7.27237],"rotation":{"angle":22.5,"axis":"x","origin":[8,15.15,5.40165]},"faces":{"north":{"uv":[12.66667,2,13,2.33333],"texture":"#4"},"east":{"uv":[2.66667,12.66667,3,13],"texture":"#4"},"south":{"uv":[12.66667,2.66667,13,3],"texture":"#4"},"west":{"uv":[3.33333,12.66667,3.66667,13],"texture":"#4"},"up":{"uv":[13,3.66667,12.66667,3.33333],"texture":"#4"},"down":{"uv":[4.33333,12.66667,4,13],"texture":"#4"}}},{"from":[6.78659,16.38247,7.43866],"to":[7.21341,16.80929,7.86548],"rotation":{"angle":0,"axis":"x","origin":[8,15.15,5.40165]},"faces":{"north":{"uv":[12.66667,4,13,4.33333],"texture":"#4"},"east":{"uv":[4.66667,12.66667,5,13],"texture":"#4"},"south":{"uv":[12.66667,4.66667,13,5],"texture":"#4"},"west":{"uv":[5.33333,12.66667,5.66667,13],"texture":"#4"},"up":{"uv":[13,5.66667,12.66667,5.33333],"texture":"#4"},"down":{"uv":[6.33333,12.66667,6,13],"texture":"#4"}}},{"from":[7.7246,13.52482,3.65303],"to":[8.2754,14.07562,4.20383],"rotation":{"angle":45,"axis":"x","origin":[8,15.15,5.40165]},"faces":{"north":{"uv":[12.66667,6,13,6.33333],"texture":"#4"},"east":{"uv":[6.66667,12.66667,7,13],"texture":"#4"},"south":{"uv":[12.66667,6.66667,13,7],"texture":"#4"},"west":{"uv":[7.33333,12.66667,7.66667,13],"texture":"#4"},"up":{"uv":[13,7.66667,12.66667,7.33333],"texture":"#4"},"down":{"uv":[8.33333,12.66667,8,13],"texture":"#4"}}},{"from":[7.78519,15.89411,3.7472],"to":[8.21481,16.32374,4.17682],"rotation":{"angle":-22.5,"axis":"x","origin":[8,15.15,5.40165]},"faces":{"north":{"uv":[12.66667,8,13,8.33333],"texture":"#4"},"east":{"uv":[8.66667,12.66667,9,13],"texture":"#4"},"south":{"uv":[12.66667,8.66667,13,9],"texture":"#4"},"west":{"uv":[9.33333,12.66667,9.66667,13],"texture":"#4"},"up":{"uv":[13,9.66667,12.66667,9.33333],"texture":"#4"},"down":{"uv":[10.33333,12.66667,10,13],"texture":"#4"}}},{"from":[7.83674,15.40137,3.81736],"to":[8.16326,15.72788,4.14387],"rotation":{"angle":0,"axis":"x","origin":[8,15.15,5.40165]},"faces":{"north":{"uv":[12.66667,10,12.83333,10.16667],"texture":"#4"},"east":{"uv":[10.66667,12.66667,10.83333,12.83333],"texture":"#4"},"south":{"uv":[12.66667,10.66667,12.83333,10.83333],"texture":"#4"},"west":{"uv":[11.33333,12.66667,11.5,12.83333],"texture":"#4"},"up":{"uv":[12.83333,11.5,12.66667,11.33333],"texture":"#4"},"down":{"uv":[12.16667,12.66667,12,12.83333],"texture":"#4"}}},{"from":[7.88245,14.92934,4.0215],"to":[8.11755,15.16443,4.25659],"rotation":{"angle":22.5,"axis":"x","origin":[8,15.15,5.40165]},"faces":{"north":{"uv":[12.66667,12,12.83333,12.16667],"texture":"#4"},"east":{"uv":[12.66667,12.66667,12.83333,12.83333],"texture":"#4"},"south":{"uv":[0,13.33333,0.16667,13.5],"texture":"#4"},"west":{"uv":[13.33333,0,13.5,0.16667],"texture":"#4"},"up":{"uv":[0.83333,13.5,0.66667,13.33333],"texture":"#4"},"down":{"uv":[13.5,0.66667,13.33333,0.83333],"texture":"#4"}}},{"from":[8.65,13.2362,3.37551],"to":[8.65,13.9862,5.37551],"rotation":{"angle":0,"axis":"x","origin":[8,15.15,5.40165]},"faces":{"north":{"uv":[0,0,0,0.5],"texture":"#4"},"east":{"uv":[9.33333,6,10.66667,6.5],"texture":"#4"},"south":{"uv":[0,0,0,0.5],"texture":"#4"},"west":{"uv":[9.33333,9.33333,10.66667,9.83333],"texture":"#4"},"up":{"uv":[0,1.33333,0,0],"texture":"#4"},"down":{"uv":[0,0,0,1.33333],"texture":"#4"}}},{"from":[7.35,13.2362,3.37551],"to":[7.35,13.9862,5.37551],"rotation":{"angle":0,"axis":"x","origin":[8,15.15,5.40165]},"faces":{"north":{"uv":[0,0,0,0.5],"texture":"#4"},"east":{"uv":[10,0,11.33333,0.5],"texture":"#4"},"south":{"uv":[0,0,0,0.5],"texture":"#4"},"west":{"uv":[10,0.66667,11.33333,1.16667],"texture":"#4"},"up":{"uv":[0,1.33333,0,0],"texture":"#4"},"down":{"uv":[0,0,0,1.33333],"texture":"#4"}}},{"from":[7.351,13.23621,3.37551],"to":[8.651,13.98621,3.37551],"rotation":{"angle":0,"axis":"x","origin":[8,15.15,5.40165]},"faces":{"north":{"uv":[8.66667,10.66667,9.5,11.16667],"texture":"#4"},"east":{"uv":[0,0,0,0.5],"texture":"#4"},"south":{"uv":[10.66667,8.66667,11.5,9.16667],"texture":"#4"},"west":{"uv":[0,0,0,0.5],"texture":"#4"},"up":{"uv":[0.83333,0,0,0],"texture":"#4"},"down":{"uv":[0.83333,0,0,0],"texture":"#4"}}},{"from":[7.5,0.75,7.5],"to":[8.5,1.25,8.5],"rotation":{"angle":0,"axis":"y","origin":[7.5,0,7.5]},"faces":{"north":{"uv":[5.33333,12,6,12.33333],"texture":"#4"},"east":{"uv":[6,12,6.66667,12.33333],"texture":"#4"},"south":{"uv":[6.66667,12,7.33333,12.33333],"texture":"#4"},"west":{"uv":[7.33333,12,8,12.33333],"texture":"#4"},"up":{"uv":[0.66667,11.33333,0,10.66667],"texture":"#4"},"down":{"uv":[1.33333,10.66667,0.66667,11.33333],"texture":"#4"}}},{"from":[7.5,1.75,7.5],"to":[8.5,2.75,8.5],"rotation":{"angle":0,"axis":"y","origin":[7.5,0,7.5]},"faces":{"north":{"uv":[1.33333,10.66667,2,11.33333],"texture":"#4"},"east":{"uv":[10.66667,1.33333,11.33333,2],"texture":"#4"},"south":{"uv":[10.66667,2,11.33333,2.66667],"texture":"#4"},"west":{"uv":[10.66667,2.66667,11.33333,3.33333],"texture":"#4"},"up":{"uv":[4,11.33333,3.33333,10.66667],"texture":"#4"},"down":{"uv":[11.33333,3.33333,10.66667,4],"texture":"#4"}}},{"from":[7.6,2.75,7.6],"to":[8.4,4.55,8.4],"rotation":{"angle":0,"axis":"y","origin":[7.5,0,7.5]},"faces":{"north":{"uv":[1.33333,9.33333,1.83333,10.5],"texture":"#4"},"east":{"uv":[10,1.33333,10.5,2.5],"texture":"#4"},"south":{"uv":[2,10,2.5,11.16667],"texture":"#4"},"west":{"uv":[2.66667,10,3.16667,11.16667],"texture":"#4"},"up":{"uv":[12.5,4.5,12,4],"texture":"#4"},"down":{"uv":[5.16667,12,4.66667,12.5],"texture":"#4"}}},{"from":[7.4,1.25,7.4],"to":[8.6,1.75,8.6],"rotation":{"angle":0,"axis":"y","origin":[7.5,0,7.5]},"faces":{"north":{"uv":[11.33333,4.66667,12.16667,5],"texture":"#4"},"east":{"uv":[5.33333,11.33333,6.16667,11.66667],"texture":"#4"},"south":{"uv":[11.33333,5.33333,12.16667,5.66667],"texture":"#4"},"west":{"uv":[11.33333,6,12.16667,6.33333],"texture":"#4"},"up":{"uv":[9.5,1.5,8.66667,0.66667],"texture":"#4"},"down":{"uv":[2.83333,8.66667,2,9.5],"texture":"#4"}}},{"from":[7.4,5.55,7.4],"to":[8.6,6.05,8.6],"rotation":{"angle":0,"axis":"y","origin":[7.5,4.3,7.5]},"faces":{"north":{"uv":[6.66667,11.33333,7.5,11.66667],"texture":"#4"},"east":{"uv":[11.33333,6.66667,12.16667,7],"texture":"#4"},"south":{"uv":[11.33333,7.33333,12.16667,7.66667],"texture":"#4"},"west":{"uv":[8,11.33333,8.83333,11.66667],"texture":"#4"},"up":{"uv":[9.5,2.83333,8.66667,2],"texture":"#4"},"down":{"uv":[9.5,3.33333,8.66667,4.16667],"texture":"#4"}}},{"from":[7.5,6.05,7.5],"to":[8.5,6.55,8.5],"rotation":{"angle":0,"axis":"y","origin":[7.5,16.05,7.5]},"faces":{"north":{"uv":[8,12,8.66667,12.33333],"texture":"#4"},"east":{"uv":[12,8,12.66667,8.33333],"texture":"#4"},"south":{"uv":[8.66667,12,9.33333,12.33333],"texture":"#4"},"west":{"uv":[12,8.66667,12.66667,9],"texture":"#4"},"up":{"uv":[4.66667,11.33333,4,10.66667],"texture":"#4"},"down":{"uv":[11.33333,4,10.66667,4.66667],"texture":"#4"}}},{"from":[7.5,4.55,7.5],"to":[8.5,5.55,8.5],"rotation":{"angle":0,"axis":"y","origin":[7.5,16.05,7.5]},"faces":{"north":{"uv":[5.33333,10.66667,6,11.33333],"texture":"#4"},"east":{"uv":[10.66667,5.33333,11.33333,6],"texture":"#4"},"south":{"uv":[6,10.66667,6.66667,11.33333],"texture":"#4"},"west":{"uv":[10.66667,6,11.33333,6.66667],"texture":"#4"},"up":{"uv":[7.33333,11.33333,6.66667,10.66667],"texture":"#4"},"down":{"uv":[11.33333,6.66667,10.66667,7.33333],"texture":"#4"}}},{"from":[7.375,-0.1,7.4],"to":[8.625,1.1,8.6],"rotation":{"angle":-45,"axis":"x","origin":[8,0.5,8]},"faces":{"north":{"uv":[8.66667,6.66667,9.5,7.5],"texture":"#4"},"east":{"uv":[8.66667,8,9.5,8.83333],"texture":"#4"},"south":{"uv":[0,9.33333,0.83333,10.16667],"texture":"#4"},"west":{"uv":[3.33333,9.33333,4.16667,10.16667],"texture":"#4"},"up":{"uv":[5.5,10.16667,4.66667,9.33333],"texture":"#4"},"down":{"uv":[10.16667,4.66667,9.33333,5.5],"texture":"#4"}}},{"from":[7.3,12.4,7],"to":[8.7,14.4,9],"rotation":{"angle":-45,"axis":"x","origin":[8,13.4,8]},"faces":{"north":{"uv":[3.33333,5.33333,4.33333,6.66667],"texture":"#4"},"east":{"uv":[3.33333,2,4.66667,3.33333],"texture":"#4"},"south":{"uv":[4.66667,5.33333,5.66667,6.66667],"texture":"#4"},"west":{"uv":[3.33333,3.33333,4.66667,4.66667],"texture":"#4"},"up":{"uv":[1,7.33333,0,6],"texture":"#4"},"down":{"uv":[7,2.66667,6,4],"texture":"#4"}}},{"from":[7.05,12.65,7.25],"to":[8.95,14.15,8.75],"rotation":{"angle":-45,"axis":"x","origin":[8,13.4,8]},"faces":{"north":{"uv":[6,4,7.33333,5],"texture":"#4"},"east":{"uv":[7.33333,2.66667,8.33333,3.66667],"texture":"#4"},"south":{"uv":[6,5.33333,7.33333,6.33333],"texture":"#4"},"west":{"uv":[7.33333,4,8.33333,5],"texture":"#4"},"up":{"uv":[8,1,6.66667,0],"texture":"#4"},"down":{"uv":[2.66667,6.66667,1.33333,7.66667],"texture":"#4"}}},{"from":[7.5,12.61404,6.39774],"to":[8.5,14.61404,7.39774],"rotation":{"angle":0,"axis":"x","origin":[8,15.15,5.50165]},"faces":{"north":{"uv":[2,3.33333,2.66667,4.66667],"texture":"#4"},"east":{"uv":[7.33333,5.33333,8,6.66667],"texture":"#4"},"south":{"uv":[8,0,8.66667,1.33333],"texture":"#4"},"west":{"uv":[1.33333,8,2,9.33333],"texture":"#4"},"up":{"uv":[8,11.33333,7.33333,10.66667],"texture":"#4"},"down":{"uv":[11.33333,7.33333,10.66667,8],"texture":"#4"}}},{"from":[7.5,13.61404,4.39775],"to":[8.5,14.61404,6.39775],"rotation":{"angle":0,"axis":"x","origin":[8,15.15,5.50165]},"faces":{"north":{"uv":[8,10.66667,8.66667,11.33333],"texture":"#4"},"east":{"uv":[5.33333,1.33333,6.66667,2],"texture":"#4"},"south":{"uv":[10.66667,8,11.33333,8.66667],"texture":"#4"},"west":{"uv":[2,8,3.33333,8.66667],"texture":"#4"},"up":{"uv":[4,9.33333,3.33333,8],"texture":"#4"},"down":{"uv":[4.66667,8,4,9.33333],"texture":"#4"}}},{"from":[7.4,6.55,7.4],"to":[8.6,8.65,8.6],"rotation":{"angle":0,"axis":"y","origin":[15,13.1,15]},"faces":{"north":{"uv":[2.66667,6.66667,3.5,8],"texture":"#4"},"east":{"uv":[4,6.66667,4.83333,8],"texture":"#4"},"south":{"uv":[5.33333,6.66667,6.16667,8],"texture":"#4"},"west":{"uv":[6.66667,6.66667,7.5,8],"texture":"#4"},"up":{"uv":[6.83333,10.16667,6,9.33333],"texture":"#4"},"down":{"uv":[8.83333,9.33333,8,10.16667],"texture":"#4"}}},{"from":[7.75,13,2.8],"to":[8.25,14,6.55],"rotation":{"angle":0,"axis":"y","origin":[7.75,0.25,-0.95]},"faces":{"north":{"uv":[9.33333,12,9.66667,12.66667],"texture":"#4"},"east":{"uv":[2,4.66667,4.5,5.33333],"texture":"#4"},"south":{"uv":[12,9.33333,12.33333,10],"texture":"#4"},"west":{"uv":[4.66667,2,7.16667,2.66667],"texture":"#4"},"up":{"uv":[8.33333,9.16667,8,6.66667],"texture":"#4"},"down":{"uv":[7.66667,8,7.33333,10.5],"texture":"#4"}}},{"from":[7.755,12.39553,1.38407],"to":[8.245,13.32053,3.13407],"rotation":{"angle":-22.5,"axis":"x","origin":[8.005,12.82053,1.25907]},"faces":{"north":{"uv":[10,12,10.33333,12.66667],"texture":"#4"},"east":{"uv":[0,8.66667,1.16667,9.33333],"texture":"#4"},"south":{"uv":[12,10,12.33333,10.66667],"texture":"#4"},"west":{"uv":[8.66667,0,9.83333,0.66667],"texture":"#4"},"up":{"uv":[11,10.5,10.66667,9.33333],"texture":"#4"},"down":{"uv":[10.33333,10.66667,10,11.83333],"texture":"#4"}}},{"from":[7.975,10.525,-0.175],"to":[8.025,13.525,7.575],"rotation":{"angle":0,"axis":"y","origin":[7.975,9.525,0.575]},"faces":{"east":{"uv":[5.16667,0,0,2],"texture":"#4"},"west":{"uv":[0,0,5.16667,2],"texture":"#4"}}},{"from":[7,13.9862,9.22449],"to":[9,15.7362,11.22449],"rotation":{"angle":0,"axis":"x","origin":[8,15.15,10.59835]},"faces":{"north":{"uv":[6.66667,0,5.33333,1.16667],"texture":"#4"},"east":{"uv":[6,4,4.66667,5.16667],"texture":"#4"},"south":{"uv":[6,2.66667,4.66667,3.83333],"texture":"#4"},"west":{"uv":[3.33333,5.33333,2,6.5],"texture":"#4"},"up":{"uv":[1.33333,2,0,3.33333],"texture":"#4"},"down":{"uv":[2.66667,3.33333,1.33333,2],"texture":"#4"}}},{"from":[7.25,13.9862,11.22449],"to":[8.75,15.2362,12.72449],"rotation":{"angle":0,"axis":"x","origin":[8,15.15,10.59835]},"faces":{"east":{"uv":[9,5.33333,8,6.16667],"texture":"#4"},"south":{"uv":[5.66667,8,4.66667,8.83333],"texture":"#4"},"west":{"uv":[7,8,6,8.83333],"texture":"#4"},"up":{"uv":[1,7.33333,0,8.33333],"texture":"#4"},"down":{"uv":[8.33333,2.33333,7.33333,1.33333],"texture":"#4"}}},{"from":[8.475,15.20536,10.2017],"to":[9.225,15.95536,11.2017],"rotation":{"angle":22.5,"axis":"x","origin":[8,15.15,10.59835]},"faces":{"north":{"uv":[9.83333,11.33333,9.33333,11.83333],"texture":"#4"},"east":{"uv":[11.33333,10.66667,10.66667,11.16667],"texture":"#4"},"south":{"uv":[11.83333,8,11.33333,8.5],"texture":"#4"},"west":{"uv":[0.66667,11.33333,0,11.83333],"texture":"#4"},"up":{"uv":[11.83333,0,11.33333,0.66667],"texture":"#4"},"down":{"uv":[1.16667,12,0.66667,11.33333],"texture":"#4"}}},{"from":[8.48,15.24994,9.88736],"to":[9.22,15.99994,10.88736],"rotation":{"angle":-22.5,"axis":"x","origin":[8,15.15,10.59835]},"faces":{"north":{"uv":[11.83333,10,11.33333,10.5],"texture":"#4"},"east":{"uv":[12,0.66667,11.33333,1.16667],"texture":"#4"},"south":{"uv":[11.83333,9.33333,11.33333,9.83333],"texture":"#4"},"west":{"uv":[2,11.33333,1.33333,11.83333],"texture":"#4"},"up":{"uv":[11.83333,1.33333,11.33333,2],"texture":"#4"},"down":{"uv":[2.5,12,2,11.33333],"texture":"#4"}}},{"from":[8.5,14.49611,8.86631],"to":[9.5,15.49611,9.86631],"rotation":{"angle":22.5,"axis":"x","origin":[8,15.15,10.59835]},"faces":{"north":{"uv":[9.33333,4.66667,8.66667,5.33333],"texture":"#4"},"east":{"uv":[7.33333,1.33333,6.66667,2],"texture":"#4"},"south":{"uv":[2,6,1.33333,6.66667],"texture":"#4"},"west":{"uv":[10.66667,2.66667,10,3.33333],"texture":"#4"},"up":{"uv":[10.66667,3.33333,10,4],"texture":"#4"},"down":{"uv":[10.66667,4.66667,10,4],"texture":"#4"}}},{"from":[8.61,16.51325,9.38702],"to":[9.39,17.29325,10.16702],"rotation":{"angle":-45,"axis":"x","origin":[8,15.15,10.59835]},"faces":{"north":{"uv":[11.83333,11.33333,11.33333,11.83333],"texture":"#4"},"east":{"uv":[11.83333,10.66667,11.33333,11.16667],"texture":"#4"},"south":{"uv":[11.16667,11.33333,10.66667,11.83333],"texture":"#4"},"west":{"uv":[0.5,12,0,12.5],"texture":"#4"},"up":{"uv":[12.5,0,12,0.5],"texture":"#4"},"down":{"uv":[1.16667,12.5,0.66667,12],"texture":"#4"}}},{"from":[8.7036,16.66014,8.72763],"to":[9.2964,17.25294,9.32043],"rotation":{"angle":-22.5,"axis":"x","origin":[8,15.15,10.59835]},"faces":{"north":{"uv":[11.66667,12,11.33333,12.33333],"texture":"#4"},"east":{"uv":[12.33333,10.66667,12,11],"texture":"#4"},"south":{"uv":[11,12,10.66667,12.33333],"texture":"#4"},"west":{"uv":[12.33333,11.33333,12,11.66667],"texture":"#4"},"up":{"uv":[12.33333,12,12,12.33333],"texture":"#4"},"down":{"uv":[0.33333,13,0,12.66667],"texture":"#4"}}},{"from":[8.78659,16.38247,8.13452],"to":[9.21341,16.80929,8.56134],"rotation":{"angle":0,"axis":"x","origin":[8,15.15,10.59835]},"faces":{"north":{"uv":[13,0.66667,12.66667,1],"texture":"#4"},"east":{"uv":[1,12.66667,0.66667,13],"texture":"#4"},"south":{"uv":[13,0,12.66667,0.33333],"texture":"#4"},"west":{"uv":[1.66667,12.66667,1.33333,13],"texture":"#4"},"up":{"uv":[13,1.33333,12.66667,1.66667],"texture":"#4"},"down":{"uv":[2.33333,13,2,12.66667],"texture":"#4"}}},{"from":[6.775,15.20536,10.2017],"to":[7.525,15.95536,11.2017],"rotation":{"angle":22.5,"axis":"x","origin":[8,15.15,10.59835]},"faces":{"north":{"uv":[1.83333,12,1.33333,12.5],"texture":"#4"},"east":{"uv":[12,2,11.33333,2.5],"texture":"#4"},"south":{"uv":[12.5,0.66667,12,1.16667],"texture":"#4"},"west":{"uv":[3.33333,11.33333,2.66667,11.83333],"texture":"#4"},"up":{"uv":[11.83333,2.66667,11.33333,3.33333],"texture":"#4"},"down":{"uv":[3.83333,12,3.33333,11.33333],"texture":"#4"}}},{"from":[6.78,15.24994,9.88736],"to":[7.52,15.99994,10.88736],"rotation":{"angle":-22.5,"axis":"x","origin":[8,15.15,10.59835]},"faces":{"north":{"uv":[2.5,12,2,12.5],"texture":"#4"},"east":{"uv":[12,3.33333,11.33333,3.83333],"texture":"#4"},"south":{"uv":[12.5,1.33333,12,1.83333],"texture":"#4"},"west":{"uv":[4.66667,11.33333,4,11.83333],"texture":"#4"},"up":{"uv":[11.83333,4,11.33333,4.66667],"texture":"#4"},"down":{"uv":[5.16667,12,4.66667,11.33333],"texture":"#4"}}},{"from":[6.5,14.49611,8.86631],"to":[7.5,15.49611,9.86631],"rotation":{"angle":22.5,"axis":"x","origin":[8,15.15,10.59835]},"faces":{"north":{"uv":[10.66667,8,10,8.66667],"texture":"#4"},"east":{"uv":[10.66667,7.33333,10,8],"texture":"#4"},"south":{"uv":[10.66667,6.66667,10,7.33333],"texture":"#4"},"west":{"uv":[10.66667,8.66667,10,9.33333],"texture":"#4"},"up":{"uv":[10,10,9.33333,10.66667],"texture":"#4"},"down":{"uv":[10.66667,10.66667,10,10],"texture":"#4"}}},{"from":[6.61,16.51325,9.38702],"to":[7.39,17.29325,10.16702],"rotation":{"angle":-45,"axis":"x","origin":[8,15.15,10.59835]},"faces":{"north":{"uv":[12.5,2.66667,12,3.16667],"texture":"#4"},"east":{"uv":[3.16667,12,2.66667,12.5],"texture":"#4"},"south":{"uv":[12.5,2,12,2.5],"texture":"#4"},"west":{"uv":[3.83333,12,3.33333,12.5],"texture":"#4"},"up":{"uv":[12.5,3.33333,12,3.83333],"texture":"#4"},"down":{"uv":[4.5,12.5,4,12],"texture":"#4"}}},{"from":[6.7036,16.66014,8.72763],"to":[7.2964,17.25294,9.32043],"rotation":{"angle":-22.5,"axis":"x","origin":[8,15.15,10.59835]},"faces":{"north":{"uv":[13,2.66667,12.66667,3],"texture":"#4"},"east":{"uv":[3,12.66667,2.66667,13],"texture":"#4"},"south":{"uv":[13,2,12.66667,2.33333],"texture":"#4"},"west":{"uv":[3.66667,12.66667,3.33333,13],"texture":"#4"},"up":{"uv":[13,3.33333,12.66667,3.66667],"texture":"#4"},"down":{"uv":[4.33333,13,4,12.66667],"texture":"#4"}}},{"from":[6.78659,16.38247,8.13452],"to":[7.21341,16.80929,8.56134],"rotation":{"angle":0,"axis":"x","origin":[8,15.15,10.59835]},"faces":{"north":{"uv":[13,4.66667,12.66667,5],"texture":"#4"},"east":{"uv":[5,12.66667,4.66667,13],"texture":"#4"},"south":{"uv":[13,4,12.66667,4.33333],"texture":"#4"},"west":{"uv":[5.66667,12.66667,5.33333,13],"texture":"#4"},"up":{"uv":[13,5.33333,12.66667,5.66667],"texture":"#4"},"down":{"uv":[6.33333,13,6,12.66667],"texture":"#4"}}},{"from":[7.7246,13.52482,11.79617],"to":[8.2754,14.07562,12.34697],"rotation":{"angle":-45,"axis":"x","origin":[8,15.15,10.59835]},"faces":{"north":{"uv":[13,6.66667,12.66667,7],"texture":"#4"},"east":{"uv":[7,12.66667,6.66667,13],"texture":"#4"},"south":{"uv":[13,6,12.66667,6.33333],"texture":"#4"},"west":{"uv":[7.66667,12.66667,7.33333,13],"texture":"#4"},"up":{"uv":[13,7.33333,12.66667,7.66667],"texture":"#4"},"down":{"uv":[8.33333,13,8,12.66667],"texture":"#4"}}},{"from":[7.78519,15.89411,11.82318],"to":[8.21481,16.32374,12.2528],"rotation":{"angle":22.5,"axis":"x","origin":[8,15.15,10.59835]},"faces":{"north":{"uv":[13,8.66667,12.66667,9],"texture":"#4"},"east":{"uv":[9,12.66667,8.66667,13],"texture":"#4"},"south":{"uv":[13,8,12.66667,8.33333],"texture":"#4"},"west":{"uv":[9.66667,12.66667,9.33333,13],"texture":"#4"},"up":{"uv":[13,9.33333,12.66667,9.66667],"texture":"#4"},"down":{"uv":[10.33333,13,10,12.66667],"texture":"#4"}}},{"from":[7.83674,15.40137,11.85613],"to":[8.16326,15.72788,12.18264],"rotation":{"angle":0,"axis":"x","origin":[8,15.15,10.59835]},"faces":{"north":{"uv":[12.83333,10.66667,12.66667,10.83333],"texture":"#4"},"east":{"uv":[10.83333,12.66667,10.66667,12.83333],"texture":"#4"},"south":{"uv":[12.83333,10,12.66667,10.16667],"texture":"#4"},"west":{"uv":[11.5,12.66667,11.33333,12.83333],"texture":"#4"},"up":{"uv":[12.83333,11.33333,12.66667,11.5],"texture":"#4"},"down":{"uv":[12.16667,12.83333,12,12.66667],"texture":"#4"}}},{"from":[7.88245,14.92934,11.74341],"to":[8.11755,15.16443,11.9785],"rotation":{"angle":-22.5,"axis":"x","origin":[8,15.15,10.59835]},"faces":{"north":{"uv":[0.16667,13.33333,0,13.5],"texture":"#4"},"east":{"uv":[12.83333,12.66667,12.66667,12.83333],"texture":"#4"},"south":{"uv":[12.83333,12,12.66667,12.16667],"texture":"#4"},"west":{"uv":[13.5,0,13.33333,0.16667],"texture":"#4"},"up":{"uv":[0.83333,13.33333,0.66667,13.5],"texture":"#4"},"down":{"uv":[13.5,0.83333,13.33333,0.66667],"texture":"#4"}}},{"from":[8.65,13.2362,10.62449],"to":[8.65,13.9862,12.62449],"rotation":{"angle":0,"axis":"x","origin":[8,15.15,10.59835]},"faces":{"north":{"uv":[0,0,0,0.5],"texture":"#4"},"east":{"uv":[10.66667,6,9.33333,6.5],"texture":"#4"},"south":{"uv":[0,0,0,0.5],"texture":"#4"},"west":{"uv":[10.66667,9.33333,9.33333,9.83333],"texture":"#4"},"up":{"uv":[0,0,0,1.33333],"texture":"#4"},"down":{"uv":[0,1.33333,0,0],"texture":"#4"}}},{"from":[7.35,13.2362,10.62449],"to":[7.35,13.9862,12.62449],"rotation":{"angle":0,"axis":"x","origin":[8,15.15,10.59835]},"faces":{"north":{"uv":[0,0,0,0.5],"texture":"#4"},"east":{"uv":[11.33333,0,10,0.5],"texture":"#4"},"south":{"uv":[0,0,0,0.5],"texture":"#4"},"west":{"uv":[11.33333,0.66667,10,1.16667],"texture":"#4"},"up":{"uv":[0,0,0,1.33333],"texture":"#4"},"down":{"uv":[0,1.33333,0,0],"texture":"#4"}}},{"from":[7.351,13.23621,12.62449],"to":[8.651,13.98621,12.62449],"rotation":{"angle":0,"axis":"x","origin":[8,15.15,10.59835]},"faces":{"north":{"uv":[11.5,8.66667,10.66667,9.16667],"texture":"#4"},"east":{"uv":[0,0,0,0.5],"texture":"#4"},"south":{"uv":[9.5,10.66667,8.66667,11.16667],"texture":"#4"},"west":{"uv":[0,0,0,0.5],"texture":"#4"},"up":{"uv":[0.83333,0,0,0],"texture":"#4"},"down":{"uv":[0.83333,0,0,0],"texture":"#4"}}},{"from":[7.5,8.65,7.5],"to":[8.5,12.55,8.5],"rotation":{"angle":0,"axis":"y","origin":[7.5,16.05,8.5]},"faces":{"north":{"uv":[1.33333,3.33333,0.66667,6],"texture":"#4"},"east":{"uv":[0.66667,3.33333,0,6],"texture":"#4"},"south":{"uv":[3.33333,2,2.66667,4.66667],"texture":"#4"},"west":{"uv":[2,3.33333,1.33333,6],"texture":"#4"},"up":{"uv":[5.33333,10.66667,4.66667,11.33333],"texture":"#4"},"down":{"uv":[11.33333,5.33333,10.66667,4.66667],"texture":"#4"}}},{"from":[7.5,12.61404,8.60226],"to":[8.5,14.61404,9.60226],"rotation":{"angle":0,"axis":"x","origin":[8,15.15,10.49835]},"faces":{"north":{"uv":[8.66667,0,8,1.33333],"texture":"#4"},"east":{"uv":[8,5.33333,7.33333,6.66667],"texture":"#4"},"south":{"uv":[2.66667,3.33333,2,4.66667],"texture":"#4"},"west":{"uv":[2,8,1.33333,9.33333],"texture":"#4"},"up":{"uv":[8,10.66667,7.33333,11.33333],"texture":"#4"},"down":{"uv":[11.33333,8,10.66667,7.33333],"texture":"#4"}}},{"from":[7.5,13.61404,9.60225],"to":[8.5,14.61404,11.60225],"rotation":{"angle":0,"axis":"x","origin":[8,15.15,10.49835]},"faces":{"north":{"uv":[11.33333,8,10.66667,8.66667],"texture":"#4"},"east":{"uv":[6.66667,1.33333,5.33333,2],"texture":"#4"},"south":{"uv":[8.66667,10.66667,8,11.33333],"texture":"#4"},"west":{"uv":[3.33333,8,2,8.66667],"texture":"#4"},"up":{"uv":[4,8,3.33333,9.33333],"texture":"#4"},"down":{"uv":[4.66667,9.33333,4,8],"texture":"#4"}}},{"from":[7.75,13,9.45],"to":[8.25,14,13.2],"rotation":{"angle":0,"axis":"y","origin":[7.75,0.25,16.95]},"faces":{"north":{"uv":[12.33333,9.33333,12,10],"texture":"#4"},"east":{"uv":[4.5,4.66667,2,5.33333],"texture":"#4"},"south":{"uv":[9.66667,12,9.33333,12.66667],"texture":"#4"},"west":{"uv":[7.16667,2,4.66667,2.66667],"texture":"#4"},"up":{"uv":[8.33333,6.66667,8,9.16667],"texture":"#4"},"down":{"uv":[7.66667,10.5,7.33333,8],"texture":"#4"}}},{"from":[7.755,12.39553,12.86593],"to":[8.245,13.32053,14.61593],"rotation":{"angle":22.5,"axis":"x","origin":[8.005,12.82053,14.74093]},"faces":{"north":{"uv":[12.33333,10,12,10.66667],"texture":"#4"},"east":{"uv":[1.16667,8.66667,0,9.33333],"texture":"#4"},"south":{"uv":[10.33333,12,10,12.66667],"texture":"#4"},"west":{"uv":[9.83333,0,8.66667,0.66667],"texture":"#4"},"up":{"uv":[11,9.33333,10.66667,10.5],"texture":"#4"},"down":{"uv":[10.33333,11.83333,10,10.66667],"texture":"#4"}}},{"from":[7.975,10.525,8.425],"to":[8.025,13.525,16.175],"rotation":{"angle":0,"axis":"y","origin":[7.975,9.525,15.425]},"faces":{"east":{"uv":[0,0,5.16667,2],"texture":"#4"},"west":{"uv":[5.16667,0,0,2],"texture":"#4"}}},{"from":[6.5,15.23521,3.27552],"to":[7.25,15.23521,4.27552],"rotation":{"angle":-22.5,"axis":"x","origin":[8,15.23521,3.77552]},"faces":{"up":{"uv":[0,11.01667,4,7.91667],"rotation":90,"texture":"#2"},"down":{"uv":[4,11.01667,0,7.91667],"rotation":90,"texture":"#2"}}},{"from":[5.5,14.93521,4.77551],"to":[7,14.93521,6.77551],"rotation":{"angle":-22.5,"axis":"x","origin":[8,14.93521,5.77551]},"faces":{"up":{"uv":[0,6,8,0],"rotation":90,"texture":"#2"},"down":{"uv":[8,6,0,0],"rotation":90,"texture":"#2"}}},{"from":[9,14.93521,4.77551],"to":[10.5,14.93521,6.77551],"rotation":{"angle":-22.5,"axis":"x","origin":[8,14.93521,5.77551]},"faces":{"up":{"uv":[0,0,8,6],"rotation":90,"texture":"#2"},"down":{"uv":[8,0,0,6],"rotation":90,"texture":"#2"}}},{"from":[8.75,15.23521,3.27552],"to":[9.5,15.23521,4.27552],"rotation":{"angle":-22.5,"axis":"x","origin":[8,15.23521,3.77552]},"faces":{"up":{"uv":[0,7.91667,4,11.01667],"rotation":90,"texture":"#2"},"down":{"uv":[4,7.91667,0,11.01667],"rotation":90,"texture":"#2"}}},{"from":[6.5,15.23521,11.72448],"to":[7.25,15.23521,12.72448],"rotation":{"angle":22.5,"axis":"x","origin":[8,15.23521,12.22448]},"faces":{"up":{"uv":[4,11.01667,0,7.91667],"rotation":90,"texture":"#2"},"down":{"uv":[0,11.01667,4,7.91667],"rotation":90,"texture":"#2"}}},{"from":[5.5,14.93521,9.22449],"to":[7,14.93521,11.22449],"rotation":{"angle":22.5,"axis":"x","origin":[8,14.93521,10.22449]},"faces":{"up":{"uv":[8,6,0,0],"rotation":90,"texture":"#2"},"down":{"uv":[0,6,8,0],"rotation":90,"texture":"#2"}}},{"from":[8.75,15.23521,11.72448],"to":[9.5,15.23521,12.72448],"rotation":{"angle":22.5,"axis":"x","origin":[8,15.23521,12.22448]},"faces":{"up":{"uv":[4,7.91667,0,11.01667],"rotation":90,"texture":"#2"},"down":{"uv":[0,7.91667,4,11.01667],"rotation":90,"texture":"#2"}}},{"from":[9,14.93521,9.22449],"to":[10.5,14.93521,11.22449],"rotation":{"angle":22.5,"axis":"x","origin":[8,14.93521,10.22449]},"faces":{"up":{"uv":[8,0,0,6],"rotation":90,"texture":"#2"},"down":{"uv":[0,0,8,6],"rotation":90,"texture":"#2"}}}],"gui_light":"front","display":{"thirdperson_righthand":{"translation":[0,2.25,0.75]},"thirdperson_lefthand":{"translation":[0,2.25,0.75]},"firstperson_righthand":{"rotation":[-10,0,0],"translation":[-0.5,3.5,1.5]},"firstperson_lefthand":{"rotation":[-10,0,0],"translation":[-0.5,3.5,1.5]},"ground":{"translation":[0,6.25,0]},"gui":{"rotation":[90,-45,90],"translation":[1.5,-1.5,0],"scale":[1.0332,1.0332,1.0332]},"head":{"scale":[1.5,1.5,1.5],"rotation":[0,90,0]},"fixed":{"rotation":[90,-90,90],"translation":[0,-1.25,-0.5],"scale":[2.5,2.5,2.5]}}}