{"credit":"MadebyPolygonMC","texture_size":[24,24],"textures":{"1":"dragonsoulset:shield","2":"dragonsoulset:animations/animations_1","particle":"dragonsoulset:shield"},"elements":[{"from":[7,13.95203,5.77551],"to":[9,15.70203,7.77551],"rotation":{"angle":-22.5,"axis":"x","origin":[8,15.06937,6.51379]},"faces":{"north":{"uv":[6.66667,4,8,5.16667],"texture":"#1"},"east":{"uv":[5.33333,6.66667,6.66667,7.83333],"texture":"#1"},"south":{"uv":[6.66667,5.33333,8,6.5],"texture":"#1"},"west":{"uv":[6.66667,6.66667,8,7.83333],"texture":"#1"},"up":{"uv":[5.33333,7.33333,4,6],"texture":"#1"},"down":{"uv":[8,0,6.66667,1.33333],"texture":"#1"}}},{"from":[7.25,13.95203,4.27551],"to":[8.75,15.20203,5.77551],"rotation":{"angle":-22.5,"axis":"x","origin":[8,15.06937,6.51379]},"faces":{"north":{"uv":[9.33333,4,10.33333,4.83333],"texture":"#1"},"east":{"uv":[5.33333,9.33333,6.33333,10.16667],"texture":"#1"},"south":{"uv":[9.33333,5.33333,10.33333,6.16667],"texture":"#1"},"west":{"uv":[6.66667,9.33333,7.66667,10.16667],"texture":"#1"},"up":{"uv":[9,7.66667,8,6.66667],"texture":"#1"},"down":{"uv":[9,8,8,9],"texture":"#1"}}},{"from":[8.475,15.21057,5.82462],"to":[9.225,15.96057,6.82462],"rotation":{"angle":-45,"axis":"x","origin":[8,15.06937,6.51379]},"faces":{"north":{"uv":[14,6,14.5,6.5],"texture":"#1"},"east":{"uv":[4.66667,13.33333,5.33333,13.83333],"texture":"#1"},"south":{"uv":[6.66667,14,7.16667,14.5],"texture":"#1"},"west":{"uv":[5.33333,13.33333,6,13.83333],"texture":"#1"},"up":{"uv":[13.83333,6,13.33333,5.33333],"texture":"#1"},"down":{"uv":[6.5,13.33333,6,14],"texture":"#1"}}},{"from":[8.48,15.16932,6.1034],"to":[9.22,15.91932,7.1034],"rotation":{"angle":0,"axis":"x","origin":[8,15.06937,6.51379]},"faces":{"north":{"uv":[14,6.66667,14.5,7.16667],"texture":"#1"},"east":{"uv":[13.33333,6,14,6.5],"texture":"#1"},"south":{"uv":[7.33333,14,7.83333,14.5],"texture":"#1"},"west":{"uv":[6.66667,13.33333,7.33333,13.83333],"texture":"#1"},"up":{"uv":[13.83333,7.33333,13.33333,6.66667],"texture":"#1"},"down":{"uv":[7.83333,13.33333,7.33333,14],"texture":"#1"}}},{"from":[8.5,14.50132,7.16001],"to":[9.5,15.50132,8.16001],"rotation":{"angle":-45,"axis":"x","origin":[8,15.06937,6.51379]},"faces":{"north":{"uv":[12.66667,3.33333,13.33333,4],"texture":"#1"},"east":{"uv":[12.66667,4,13.33333,4.66667],"texture":"#1"},"south":{"uv":[12.66667,4.66667,13.33333,5.33333],"texture":"#1"},"west":{"uv":[12.66667,5.33333,13.33333,6],"texture":"#1"},"up":{"uv":[6.66667,13.33333,6,12.66667],"texture":"#1"},"down":{"uv":[7.33333,12.66667,6.66667,13.33333],"texture":"#1"}}},{"from":[8.61,16.38618,6.83297],"to":[9.39,17.16618,7.61297],"rotation":{"angle":22.5,"axis":"x","origin":[8,15.06937,6.51379]},"faces":{"north":{"uv":[14,7.33333,14.5,7.83333],"texture":"#1"},"east":{"uv":[8,14,8.5,14.5],"texture":"#1"},"south":{"uv":[14,8,14.5,8.5],"texture":"#1"},"west":{"uv":[8.66667,14,9.16667,14.5],"texture":"#1"},"up":{"uv":[14.5,9.16667,14,8.66667],"texture":"#1"},"down":{"uv":[9.83333,14,9.33333,14.5],"texture":"#1"}}},{"from":[8.7036,16.57952,7.67033],"to":[9.2964,17.17232,8.26313],"rotation":{"angle":0,"axis":"x","origin":[8,15.06937,6.51379]},"faces":{"north":{"uv":[10,14.66667,10.33333,15],"texture":"#1"},"east":{"uv":[14.66667,10,15,10.33333],"texture":"#1"},"south":{"uv":[10.66667,14.66667,11,15],"texture":"#1"},"west":{"uv":[14.66667,10.66667,15,11],"texture":"#1"},"up":{"uv":[11.66667,15,11.33333,14.66667],"texture":"#1"},"down":{"uv":[15,11.33333,14.66667,11.66667],"texture":"#1"}}},{"from":[8.78659,16.3483,8.43866],"to":[9.21341,16.77512,8.86548],"rotation":{"angle":-22.5,"axis":"x","origin":[8,15.06937,6.51379]},"faces":{"north":{"uv":[12,14.66667,12.33333,15],"texture":"#1"},"east":{"uv":[14.66667,12,15,12.33333],"texture":"#1"},"south":{"uv":[12.66667,14.66667,13,15],"texture":"#1"},"west":{"uv":[14.66667,12.66667,15,13],"texture":"#1"},"up":{"uv":[13.66667,15,13.33333,14.66667],"texture":"#1"},"down":{"uv":[15,13.33333,14.66667,13.66667],"texture":"#1"}}},{"from":[6.775,15.21057,5.82462],"to":[7.525,15.96057,6.82462],"rotation":{"angle":-45,"axis":"x","origin":[8,15.06937,6.51379]},"faces":{"north":{"uv":[14,9.33333,14.5,9.83333],"texture":"#1"},"east":{"uv":[13.33333,7.33333,14,7.83333],"texture":"#1"},"south":{"uv":[10,14,10.5,14.5],"texture":"#1"},"west":{"uv":[8,13.33333,8.66667,13.83333],"texture":"#1"},"up":{"uv":[13.83333,8.66667,13.33333,8],"texture":"#1"},"down":{"uv":[9.16667,13.33333,8.66667,14],"texture":"#1"}}},{"from":[6.78,15.16932,6.1034],"to":[7.52,15.91932,7.1034],"rotation":{"angle":0,"axis":"x","origin":[8,15.06937,6.51379]},"faces":{"north":{"uv":[10.66667,14,11.16667,14.5],"texture":"#1"},"east":{"uv":[13.33333,8.66667,14,9.16667],"texture":"#1"},"south":{"uv":[11.33333,14,11.83333,14.5],"texture":"#1"},"west":{"uv":[9.33333,13.33333,10,13.83333],"texture":"#1"},"up":{"uv":[13.83333,10,13.33333,9.33333],"texture":"#1"},"down":{"uv":[10.5,13.33333,10,14],"texture":"#1"}}},{"from":[6.5,14.50132,7.16001],"to":[7.5,15.50132,8.16001],"rotation":{"angle":-45,"axis":"x","origin":[8,15.06937,6.51379]},"faces":{"north":{"uv":[7.33333,12.66667,8,13.33333],"texture":"#1"},"east":{"uv":[8,12.66667,8.66667,13.33333],"texture":"#1"},"south":{"uv":[8.66667,12.66667,9.33333,13.33333],"texture":"#1"},"west":{"uv":[9.33333,12.66667,10,13.33333],"texture":"#1"},"up":{"uv":[13.33333,10,12.66667,9.33333],"texture":"#1"},"down":{"uv":[10.66667,12.66667,10,13.33333],"texture":"#1"}}},{"from":[6.61,16.38618,6.83297],"to":[7.39,17.16618,7.61297],"rotation":{"angle":22.5,"axis":"x","origin":[8,15.06937,6.51379]},"faces":{"north":{"uv":[14,11.33333,14.5,11.83333],"texture":"#1"},"east":{"uv":[12,14,12.5,14.5],"texture":"#1"},"south":{"uv":[14,12,14.5,12.5],"texture":"#1"},"west":{"uv":[12.66667,14,13.16667,14.5],"texture":"#1"},"up":{"uv":[13.83333,14.5,13.33333,14],"texture":"#1"},"down":{"uv":[14.5,14,14,14.5],"texture":"#1"}}},{"from":[6.7036,16.57952,7.67033],"to":[7.2964,17.17232,8.26313],"rotation":{"angle":0,"axis":"x","origin":[8,15.06937,6.51379]},"faces":{"north":{"uv":[14,14.66667,14.33333,15],"texture":"#1"},"east":{"uv":[14.66667,14,15,14.33333],"texture":"#1"},"south":{"uv":[14.66667,14.66667,15,15],"texture":"#1"},"west":{"uv":[0,15.33333,0.33333,15.66667],"texture":"#1"},"up":{"uv":[15.66667,0.33333,15.33333,0],"texture":"#1"},"down":{"uv":[1,15.33333,0.66667,15.66667],"texture":"#1"}}},{"from":[6.78659,16.3483,8.43866],"to":[7.21341,16.77512,8.86548],"rotation":{"angle":-22.5,"axis":"x","origin":[8,15.06937,6.51379]},"faces":{"north":{"uv":[15.33333,0.66667,15.66667,1],"texture":"#1"},"east":{"uv":[1.33333,15.33333,1.66667,15.66667],"texture":"#1"},"south":{"uv":[15.33333,1.33333,15.66667,1.66667],"texture":"#1"},"west":{"uv":[2,15.33333,2.33333,15.66667],"texture":"#1"},"up":{"uv":[15.66667,2.33333,15.33333,2],"texture":"#1"},"down":{"uv":[3,15.33333,2.66667,15.66667],"texture":"#1"}}},{"from":[7.7246,13.39775,4.65302],"to":[8.2754,13.94855,5.20382],"rotation":{"angle":22.5,"axis":"x","origin":[8,15.06937,6.51379]},"faces":{"north":{"uv":[15.33333,2.66667,15.66667,3],"texture":"#1"},"east":{"uv":[3.33333,15.33333,3.66667,15.66667],"texture":"#1"},"south":{"uv":[15.33333,3.33333,15.66667,3.66667],"texture":"#1"},"west":{"uv":[4,15.33333,4.33333,15.66667],"texture":"#1"},"up":{"uv":[15.66667,4.33333,15.33333,4],"texture":"#1"},"down":{"uv":[5,15.33333,4.66667,15.66667],"texture":"#1"}}},{"from":[7.78519,15.89932,4.77352],"to":[8.21481,16.32895,5.20314],"rotation":{"angle":-45,"axis":"x","origin":[8,15.06937,6.51379]},"faces":{"north":{"uv":[15.33333,4.66667,15.66667,5],"texture":"#1"},"east":{"uv":[5.33333,15.33333,5.66667,15.66667],"texture":"#1"},"south":{"uv":[15.33333,5.33333,15.66667,5.66667],"texture":"#1"},"west":{"uv":[6,15.33333,6.33333,15.66667],"texture":"#1"},"up":{"uv":[15.66667,6.33333,15.33333,6],"texture":"#1"},"down":{"uv":[7,15.33333,6.66667,15.66667],"texture":"#1"}}},{"from":[7.83674,15.3672,4.81736],"to":[8.16326,15.69371,5.14387],"rotation":{"angle":-22.5,"axis":"x","origin":[8,15.06937,6.51379]},"faces":{"north":{"uv":[15.33333,10,15.5,10.16667],"texture":"#1"},"east":{"uv":[10.66667,15.33333,10.83333,15.5],"texture":"#1"},"south":{"uv":[15.33333,10.66667,15.5,10.83333],"texture":"#1"},"west":{"uv":[11.33333,15.33333,11.5,15.5],"texture":"#1"},"up":{"uv":[15.5,11.5,15.33333,11.33333],"texture":"#1"},"down":{"uv":[12.16667,15.33333,12,15.5],"texture":"#1"}}},{"from":[7.88245,14.84872,5.01226],"to":[8.11755,15.08381,5.24735],"rotation":{"angle":0,"axis":"x","origin":[8,15.06937,6.51379]},"faces":{"north":{"uv":[15.33333,12,15.5,12.16667],"texture":"#1"},"east":{"uv":[12.66667,15.33333,12.83333,15.5],"texture":"#1"},"south":{"uv":[15.33333,12.66667,15.5,12.83333],"texture":"#1"},"west":{"uv":[13.33333,15.33333,13.5,15.5],"texture":"#1"},"up":{"uv":[15.5,13.5,15.33333,13.33333],"texture":"#1"},"down":{"uv":[14.16667,15.33333,14,15.5],"texture":"#1"}}},{"from":[8.65,13.20203,4.37551],"to":[8.65,13.95203,6.37551],"rotation":{"angle":-22.5,"axis":"x","origin":[8,15.06937,6.51379]},"faces":{"north":{"uv":[0,0,0,0.5],"texture":"#1"},"east":{"uv":[4,11.33333,5.33333,11.83333],"texture":"#1"},"south":{"uv":[0,0,0,0.5],"texture":"#1"},"west":{"uv":[0,12,1.33333,12.5],"texture":"#1"},"up":{"uv":[0,1.33333,0,0],"texture":"#1"},"down":{"uv":[0,0,0,1.33333],"texture":"#1"}}},{"from":[7.35,13.20203,4.37551],"to":[7.35,13.95203,6.37551],"rotation":{"angle":-22.5,"axis":"x","origin":[8,15.06937,6.51379]},"faces":{"north":{"uv":[0,0,0,0.5],"texture":"#1"},"east":{"uv":[12,0,13.33333,0.5],"texture":"#1"},"south":{"uv":[0,0,0,0.5],"texture":"#1"},"west":{"uv":[12,0.66667,13.33333,1.16667],"texture":"#1"},"up":{"uv":[0,1.33333,0,0],"texture":"#1"},"down":{"uv":[0,0,0,1.33333],"texture":"#1"}}},{"from":[7.351,13.20204,4.37551],"to":[8.651,13.95204,4.37551],"rotation":{"angle":-22.5,"axis":"x","origin":[8,15.06937,6.51379]},"faces":{"north":{"uv":[12.66667,11.33333,13.5,11.83333],"texture":"#1"},"east":{"uv":[0,0,0,0.5],"texture":"#1"},"south":{"uv":[12,12.66667,12.83333,13.16667],"texture":"#1"},"west":{"uv":[0,0,0,0.5],"texture":"#1"},"up":{"uv":[0.83333,0,0,0],"texture":"#1"},"down":{"uv":[0.83333,0,0,0],"texture":"#1"}}},{"from":[7.5,10.4,9.5],"to":[8.5,10.9,10.5],"rotation":{"angle":0,"axis":"y","origin":[7.5,20.4,9.5]},"faces":{"north":{"uv":[2.66667,14.66667,3.33333,15],"texture":"#1"},"east":{"uv":[14.66667,2.66667,15.33333,3],"texture":"#1"},"south":{"uv":[3.33333,14.66667,4,15],"texture":"#1"},"west":{"uv":[14.66667,3.33333,15.33333,3.66667],"texture":"#1"},"up":{"uv":[12.66667,10,12,9.33333],"texture":"#1"},"down":{"uv":[10.66667,12,10,12.66667],"texture":"#1"}}},{"from":[7.5,5.1,9.5],"to":[8.5,5.6,10.5],"rotation":{"angle":0,"axis":"y","origin":[7.5,-4.4,9.5]},"faces":{"north":{"uv":[4,14.66667,4.66667,15],"texture":"#1"},"east":{"uv":[4.66667,14.66667,5.33333,15],"texture":"#1"},"south":{"uv":[5.33333,14.66667,6,15],"texture":"#1"},"west":{"uv":[14.66667,5.33333,15.33333,5.66667],"texture":"#1"},"up":{"uv":[13.33333,3.33333,12.66667,2.66667],"texture":"#1"},"down":{"uv":[4,12.66667,3.33333,13.33333],"texture":"#1"}}},{"from":[7.5,6.1,9.5],"to":[8.5,7.1,10.5],"rotation":{"angle":0,"axis":"y","origin":[7.5,4.35,9.5]},"faces":{"north":{"uv":[12,10,12.66667,10.66667],"texture":"#1"},"east":{"uv":[10.66667,12,11.33333,12.66667],"texture":"#1"},"south":{"uv":[12,10.66667,12.66667,11.33333],"texture":"#1"},"west":{"uv":[11.33333,12,12,12.66667],"texture":"#1"},"up":{"uv":[12.66667,12,12,11.33333],"texture":"#1"},"down":{"uv":[12.66667,12,12,12.66667],"texture":"#1"}}},{"from":[7.6,7.1,9.6],"to":[8.4,8.9,10.4],"rotation":{"angle":0,"axis":"y","origin":[7.5,4.35,9.5]},"faces":{"north":{"uv":[4,12,4.5,13.16667],"texture":"#1"},"east":{"uv":[4.66667,12,5.16667,13.16667],"texture":"#1"},"south":{"uv":[12,4.66667,12.5,5.83333],"texture":"#1"},"west":{"uv":[5.33333,12,5.83333,13.16667],"texture":"#1"},"up":{"uv":[14.5,5.83333,14,5.33333],"texture":"#1"},"down":{"uv":[6.5,14,6,14.5],"texture":"#1"}}},{"from":[7.4,5.6,9.4],"to":[8.6,6.1,10.6],"rotation":{"angle":0,"axis":"y","origin":[7.5,4.35,9.5]},"faces":{"north":{"uv":[13.33333,10,14.16667,10.33333],"texture":"#1"},"east":{"uv":[10.66667,13.33333,11.5,13.66667],"texture":"#1"},"south":{"uv":[13.33333,10.66667,14.16667,11],"texture":"#1"},"west":{"uv":[12,13.33333,12.83333,13.66667],"texture":"#1"},"up":{"uv":[4.83333,10.83333,4,10],"texture":"#1"},"down":{"uv":[0.83333,10.66667,0,11.5],"texture":"#1"}}},{"from":[7.4,9.9,9.4],"to":[8.6,10.4,10.6],"rotation":{"angle":0,"axis":"y","origin":[7.5,8.65,9.5]},"faces":{"north":{"uv":[13.33333,12.66667,14.16667,13],"texture":"#1"},"east":{"uv":[13.33333,13.33333,14.16667,13.66667],"texture":"#1"},"south":{"uv":[0,14,0.83333,14.33333],"texture":"#1"},"west":{"uv":[1.33333,14,2.16667,14.33333],"texture":"#1"},"up":{"uv":[11.5,0.83333,10.66667,0],"texture":"#1"},"down":{"uv":[2.16667,10.66667,1.33333,11.5],"texture":"#1"}}},{"from":[7.5,8.9,9.5],"to":[8.5,9.9,10.5],"rotation":{"angle":0,"axis":"y","origin":[7.5,20.4,9.5]},"faces":{"north":{"uv":[0,12.66667,0.66667,13.33333],"texture":"#1"},"east":{"uv":[0.66667,12.66667,1.33333,13.33333],"texture":"#1"},"south":{"uv":[1.33333,12.66667,2,13.33333],"texture":"#1"},"west":{"uv":[2,12.66667,2.66667,13.33333],"texture":"#1"},"up":{"uv":[13.33333,2.66667,12.66667,2],"texture":"#1"},"down":{"uv":[3.33333,12.66667,2.66667,13.33333],"texture":"#1"}}},{"from":[7.4,4.15,9.375],"to":[8.6,5.35,10.625],"rotation":{"angle":-45,"axis":"z","origin":[8,4.75,10]},"faces":{"north":{"uv":[10.66667,1.33333,11.5,2.16667],"texture":"#1"},"east":{"uv":[10.66667,2.66667,11.5,3.5],"texture":"#1"},"south":{"uv":[10.66667,4,11.5,4.83333],"texture":"#1"},"west":{"uv":[5.33333,10.66667,6.16667,11.5],"texture":"#1"},"up":{"uv":[11.5,6.16667,10.66667,5.33333],"texture":"#1"},"down":{"uv":[6.66667,10.66667,7.5,11.5],"texture":"#1"}}},{"from":[7.4,10.65,9.375],"to":[8.6,11.85,10.625],"rotation":{"angle":45,"axis":"z","origin":[8,11.25,10]},"faces":{"north":{"uv":[10.66667,6.66667,11.5,7.5],"texture":"#1"},"east":{"uv":[8,10.66667,8.83333,11.5],"texture":"#1"},"south":{"uv":[10.66667,8,11.5,8.83333],"texture":"#1"},"west":{"uv":[9.33333,10.66667,10.16667,11.5],"texture":"#1"},"up":{"uv":[11.5,10.16667,10.66667,9.33333],"texture":"#1"},"down":{"uv":[10.66667,10.66667,11.5,11.5],"texture":"#1"}}},{"from":[7,12.01583,6.3],"to":[9,14.01583,7.7],"rotation":{"angle":-45,"axis":"z","origin":[8,13.01583,7]},"faces":{"north":{"uv":[6.66667,1.33333,8,2.66667],"texture":"#1"},"east":{"uv":[4,7.33333,5,8.66667],"texture":"#1"},"south":{"uv":[6.66667,2.66667,8,4],"texture":"#1"},"west":{"uv":[8,0,9,1.33333],"texture":"#1"},"up":{"uv":[9.33333,2.33333,8,1.33333],"texture":"#1"},"down":{"uv":[9.33333,2.66667,8,3.66667],"texture":"#1"}}},{"from":[7.25,12.26583,6.05],"to":[8.75,13.76583,7.95],"rotation":{"angle":-45,"axis":"z","origin":[8,13.01583,7]},"faces":{"north":{"uv":[4,8.66667,5,9.66667],"texture":"#1"},"east":{"uv":[8,4,9.33333,5],"texture":"#1"},"south":{"uv":[0,9.33333,1,10.33333],"texture":"#1"},"west":{"uv":[5.33333,8,6.66667,9],"texture":"#1"},"up":{"uv":[9,6.66667,8,5.33333],"texture":"#1"},"down":{"uv":[7.66667,8,6.66667,9.33333],"texture":"#1"}}},{"from":[7.5,2.71583,6.45],"to":[8.5,12.71583,7.55],"rotation":{"angle":0,"axis":"y","origin":[6.25,10.71583,6.75]},"faces":{"north":{"uv":[5.33333,0,6,6.66667],"texture":"#1"},"east":{"uv":[6,0,6.66667,6.66667],"texture":"#1"},"south":{"uv":[2.66667,6,3.33333,12.66667],"texture":"#1"},"west":{"uv":[3.33333,6,4,12.66667],"texture":"#1"}}},{"from":[8.075,12.21583,7.325],"to":[10.075,13.21583,8.325],"rotation":{"angle":-22.5,"axis":"y","origin":[10.29086,9.71583,7.41296]},"faces":{"north":{"uv":[9.33333,1.33333,10.66667,2],"texture":"#1"},"east":{"uv":[12.66667,10,13.33333,10.66667],"texture":"#1"},"south":{"uv":[9.33333,2,10.66667,2.66667],"texture":"#1"},"west":{"uv":[10.66667,12.66667,11.33333,13.33333],"texture":"#1"},"up":{"uv":[10.66667,3.33333,9.33333,2.66667],"texture":"#1"},"down":{"uv":[10.66667,3.33333,9.33333,4],"texture":"#1"}}},{"from":[9.71532,12.32583,7.33716],"to":[11.27532,13.10583,8.11716],"rotation":{"angle":0,"axis":"y","origin":[10.29086,9.71583,7.41296]},"faces":{"north":{"uv":[12,7.33333,13,7.83333],"texture":"#1"},"east":{"uv":[0,14.66667,0.5,15.16667],"texture":"#1"},"south":{"uv":[12,8,13,8.5],"texture":"#1"},"west":{"uv":[14.66667,0,15.16667,0.5],"texture":"#1"},"up":{"uv":[9.66667,12.5,8.66667,12],"texture":"#1"},"down":{"uv":[13,8.66667,12,9.16667],"texture":"#1"}}},{"from":[10.9119,12.40383,7.7633],"to":[12.1599,13.02783,8.3873],"rotation":{"angle":22.5,"axis":"y","origin":[10.29086,9.71583,7.41296]},"faces":{"north":{"uv":[2.66667,14,3.5,14.33333],"texture":"#1"},"east":{"uv":[15.33333,6.66667,15.66667,7],"texture":"#1"},"south":{"uv":[14,4,14.83333,4.33333],"texture":"#1"},"west":{"uv":[7.33333,15.33333,7.66667,15.66667],"texture":"#1"},"up":{"uv":[5.5,14.33333,4.66667,14],"texture":"#1"},"down":{"uv":[14.83333,4.66667,14,5],"texture":"#1"}}},{"from":[8.26193,10.16843,7.35533],"to":[9.94193,11.00843,8.19533],"rotation":{"angle":-22.5,"axis":"y","origin":[10.29086,9.71583,7.41296]},"faces":{"north":{"uv":[6,12,7.16667,12.5],"texture":"#1"},"east":{"uv":[1.33333,14.66667,1.83333,15.16667],"texture":"#1"},"south":{"uv":[12,6,13.16667,6.5],"texture":"#1"},"west":{"uv":[14.66667,1.33333,15.16667,1.83333],"texture":"#1"},"up":{"uv":[13.16667,7.16667,12,6.66667],"texture":"#1"},"down":{"uv":[8.5,12,7.33333,12.5],"texture":"#1"}}},{"from":[9.64634,10.26083,7.30017],"to":[10.95674,10.91603,7.95537],"rotation":{"angle":0,"axis":"y","origin":[10.29086,9.71583,7.41296]},"faces":{"north":{"uv":[12.66667,12,13.5,12.5],"texture":"#1"},"east":{"uv":[0.66667,14.66667,1.16667,15.16667],"texture":"#1"},"south":{"uv":[0,13.33333,0.83333,13.83333],"texture":"#1"},"west":{"uv":[14.66667,0.66667,15.16667,1.16667],"texture":"#1"},"up":{"uv":[14.16667,0.5,13.33333,0],"texture":"#1"},"down":{"uv":[14.16667,0.66667,13.33333,1.16667],"texture":"#1"}}},{"from":[10.68253,10.32635,7.60023],"to":[11.73085,10.85051,8.12439],"rotation":{"angle":22.5,"axis":"y","origin":[10.29086,9.71583,7.41296]},"faces":{"north":{"uv":[6,14.66667,6.66667,15],"texture":"#1"},"east":{"uv":[15.33333,7.33333,15.66667,7.66667],"texture":"#1"},"south":{"uv":[14.66667,6,15.33333,6.33333],"texture":"#1"},"west":{"uv":[8,15.33333,8.33333,15.66667],"texture":"#1"},"up":{"uv":[7.33333,15,6.66667,14.66667],"texture":"#1"},"down":{"uv":[15.33333,6.66667,14.66667,7],"texture":"#1"}}},{"from":[10.30738,8.51141,7.25211],"to":[11.12506,8.92026,7.66096],"rotation":{"angle":22.5,"axis":"y","origin":[10.29086,9.71583,7.41296]},"faces":{"north":{"uv":[8.66667,14.66667,9.16667,15],"texture":"#1"},"east":{"uv":[15.33333,8.66667,15.66667,9],"texture":"#1"},"south":{"uv":[14.66667,8.66667,15.16667,9],"texture":"#1"},"west":{"uv":[9.33333,15.33333,9.66667,15.66667],"texture":"#1"},"up":{"uv":[9.83333,15,9.33333,14.66667],"texture":"#1"},"down":{"uv":[15.16667,9.33333,14.66667,9.66667],"texture":"#1"}}},{"from":[9.4037,8.46031,7.15202],"to":[10.42581,8.97136,7.66308],"rotation":{"angle":0,"axis":"y","origin":[10.29086,9.71583,7.41296]},"faces":{"north":{"uv":[7.33333,14.66667,8,15],"texture":"#1"},"east":{"uv":[15.33333,8,15.66667,8.33333],"texture":"#1"},"south":{"uv":[14.66667,7.33333,15.33333,7.66667],"texture":"#1"},"west":{"uv":[8.66667,15.33333,9,15.66667],"texture":"#1"},"up":{"uv":[8.66667,15,8,14.66667],"texture":"#1"},"down":{"uv":[15.33333,8,14.66667,8.33333],"texture":"#1"}}},{"from":[8.28693,8.38823,7.35533],"to":[9.59733,9.04343,8.01053],"rotation":{"angle":-22.5,"axis":"y","origin":[10.29086,9.71583,7.41296]},"faces":{"north":{"uv":[1.33333,13.33333,2.16667,13.83333],"texture":"#1"},"east":{"uv":[2,14.66667,2.5,15.16667],"texture":"#1"},"south":{"uv":[13.33333,1.33333,14.16667,1.83333],"texture":"#1"},"west":{"uv":[14.66667,2,15.16667,2.5],"texture":"#1"},"up":{"uv":[14.16667,2.5,13.33333,2],"texture":"#1"},"down":{"uv":[3.5,13.33333,2.66667,13.83333],"texture":"#1"}}},{"from":[8.28693,6.38823,7.35533],"to":[9.59733,7.04343,8.01053],"rotation":{"angle":-22.5,"axis":"y","origin":[10.29086,9.71583,7.41296]},"faces":{"north":{"uv":[1.33333,13.33333,2.16667,13.83333],"texture":"#1"},"east":{"uv":[2,14.66667,2.5,15.16667],"texture":"#1"},"south":{"uv":[13.33333,1.33333,14.16667,1.83333],"texture":"#1"},"west":{"uv":[14.66667,2,15.16667,2.5],"texture":"#1"},"up":{"uv":[14.16667,2.5,13.33333,2],"texture":"#1"},"down":{"uv":[3.5,13.33333,2.66667,13.83333],"texture":"#1"}}},{"from":[9.4037,6.46031,7.15202],"to":[10.42581,6.97136,7.66308],"rotation":{"angle":0,"axis":"y","origin":[10.29086,9.71583,7.41296]},"faces":{"north":{"uv":[7.33333,14.66667,8,15],"texture":"#1"},"east":{"uv":[15.33333,8,15.66667,8.33333],"texture":"#1"},"south":{"uv":[14.66667,7.33333,15.33333,7.66667],"texture":"#1"},"west":{"uv":[8.66667,15.33333,9,15.66667],"texture":"#1"},"up":{"uv":[8.66667,15,8,14.66667],"texture":"#1"},"down":{"uv":[15.33333,8,14.66667,8.33333],"texture":"#1"}}},{"from":[6.40267,6.38823,7.35533],"to":[7.71307,7.04343,8.01053],"rotation":{"angle":22.5,"axis":"y","origin":[5.70914,9.71583,7.41296]},"faces":{"north":{"uv":[2.16667,13.33333,1.33333,13.83333],"texture":"#1"},"east":{"uv":[15.16667,2,14.66667,2.5],"texture":"#1"},"south":{"uv":[14.16667,1.33333,13.33333,1.83333],"texture":"#1"},"west":{"uv":[2.5,14.66667,2,15.16667],"texture":"#1"},"up":{"uv":[13.33333,2.5,14.16667,2],"texture":"#1"},"down":{"uv":[2.66667,13.33333,3.5,13.83333],"texture":"#1"}}},{"from":[5.57419,6.46031,7.15202],"to":[6.5963,6.97136,7.66308],"rotation":{"angle":0,"axis":"y","origin":[5.70914,9.71583,7.41296]},"faces":{"north":{"uv":[8,14.66667,7.33333,15],"texture":"#1"},"east":{"uv":[9,15.33333,8.66667,15.66667],"texture":"#1"},"south":{"uv":[15.33333,7.33333,14.66667,7.66667],"texture":"#1"},"west":{"uv":[15.66667,8,15.33333,8.33333],"texture":"#1"},"up":{"uv":[8,15,8.66667,14.66667],"texture":"#1"},"down":{"uv":[14.66667,8,15.33333,8.33333],"texture":"#1"}}},{"from":[6.40267,8.38823,7.35533],"to":[7.71307,9.04343,8.01053],"rotation":{"angle":22.5,"axis":"y","origin":[5.70914,9.71583,7.41296]},"faces":{"north":{"uv":[2.16667,13.33333,1.33333,13.83333],"texture":"#1"},"east":{"uv":[15.16667,2,14.66667,2.5],"texture":"#1"},"south":{"uv":[14.16667,1.33333,13.33333,1.83333],"texture":"#1"},"west":{"uv":[2.5,14.66667,2,15.16667],"texture":"#1"},"up":{"uv":[13.33333,2.5,14.16667,2],"texture":"#1"},"down":{"uv":[2.66667,13.33333,3.5,13.83333],"texture":"#1"}}},{"from":[5.57419,8.46031,7.15202],"to":[6.5963,8.97136,7.66308],"rotation":{"angle":0,"axis":"y","origin":[5.70914,9.71583,7.41296]},"faces":{"north":{"uv":[8,14.66667,7.33333,15],"texture":"#1"},"east":{"uv":[9,15.33333,8.66667,15.66667],"texture":"#1"},"south":{"uv":[15.33333,7.33333,14.66667,7.66667],"texture":"#1"},"west":{"uv":[15.66667,8,15.33333,8.33333],"texture":"#1"},"up":{"uv":[8,15,8.66667,14.66667],"texture":"#1"},"down":{"uv":[14.66667,8,15.33333,8.33333],"texture":"#1"}}},{"from":[4.87494,8.51141,7.25211],"to":[5.69262,8.92026,7.66096],"rotation":{"angle":-22.5,"axis":"y","origin":[5.70914,9.71583,7.41296]},"faces":{"north":{"uv":[9.16667,14.66667,8.66667,15],"texture":"#1"},"east":{"uv":[9.66667,15.33333,9.33333,15.66667],"texture":"#1"},"south":{"uv":[15.16667,8.66667,14.66667,9],"texture":"#1"},"west":{"uv":[15.66667,8.66667,15.33333,9],"texture":"#1"},"up":{"uv":[9.33333,15,9.83333,14.66667],"texture":"#1"},"down":{"uv":[14.66667,9.33333,15.16667,9.66667],"texture":"#1"}}},{"from":[6.05807,10.16843,7.35533],"to":[7.73807,11.00843,8.19533],"rotation":{"angle":22.5,"axis":"y","origin":[5.70914,9.71583,7.41296]},"faces":{"north":{"uv":[7.16667,12,6,12.5],"texture":"#1"},"east":{"uv":[15.16667,1.33333,14.66667,1.83333],"texture":"#1"},"south":{"uv":[13.16667,6,12,6.5],"texture":"#1"},"west":{"uv":[1.83333,14.66667,1.33333,15.16667],"texture":"#1"},"up":{"uv":[12,7.16667,13.16667,6.66667],"texture":"#1"},"down":{"uv":[7.33333,12,8.5,12.5],"texture":"#1"}}},{"from":[5.04326,10.26083,7.30017],"to":[6.35366,10.91603,7.95537],"rotation":{"angle":0,"axis":"y","origin":[5.70914,9.71583,7.41296]},"faces":{"north":{"uv":[13.5,12,12.66667,12.5],"texture":"#1"},"east":{"uv":[15.16667,0.66667,14.66667,1.16667],"texture":"#1"},"south":{"uv":[0.83333,13.33333,0,13.83333],"texture":"#1"},"west":{"uv":[1.16667,14.66667,0.66667,15.16667],"texture":"#1"},"up":{"uv":[13.33333,0.5,14.16667,0],"texture":"#1"},"down":{"uv":[13.33333,0.66667,14.16667,1.16667],"texture":"#1"}}},{"from":[4.26915,10.32635,7.60023],"to":[5.31747,10.85051,8.12439],"rotation":{"angle":-22.5,"axis":"y","origin":[5.70914,9.71583,7.41296]},"faces":{"north":{"uv":[6.66667,14.66667,6,15],"texture":"#1"},"east":{"uv":[8.33333,15.33333,8,15.66667],"texture":"#1"},"south":{"uv":[15.33333,6,14.66667,6.33333],"texture":"#1"},"west":{"uv":[15.66667,7.33333,15.33333,7.66667],"texture":"#1"},"up":{"uv":[6.66667,15,7.33333,14.66667],"texture":"#1"},"down":{"uv":[14.66667,6.66667,15.33333,7],"texture":"#1"}}},{"from":[5.925,12.21583,7.325],"to":[7.925,13.21583,8.325],"rotation":{"angle":22.5,"axis":"y","origin":[5.70914,9.71583,7.41296]},"faces":{"north":{"uv":[10.66667,1.33333,9.33333,2],"texture":"#1"},"east":{"uv":[11.33333,12.66667,10.66667,13.33333],"texture":"#1"},"south":{"uv":[10.66667,2,9.33333,2.66667],"texture":"#1"},"west":{"uv":[13.33333,10,12.66667,10.66667],"texture":"#1"},"up":{"uv":[9.33333,3.33333,10.66667,2.66667],"texture":"#1"},"down":{"uv":[9.33333,3.33333,10.66667,4],"texture":"#1"}}},{"from":[4.72468,12.32583,7.33716],"to":[6.28468,13.10583,8.11716],"rotation":{"angle":0,"axis":"y","origin":[5.70914,9.71583,7.41296]},"faces":{"north":{"uv":[13,7.33333,12,7.83333],"texture":"#1"},"east":{"uv":[15.16667,0,14.66667,0.5],"texture":"#1"},"south":{"uv":[13,8,12,8.5],"texture":"#1"},"west":{"uv":[0.5,14.66667,0,15.16667],"texture":"#1"},"up":{"uv":[8.66667,12.5,9.66667,12],"texture":"#1"},"down":{"uv":[12,8.66667,13,9.16667],"texture":"#1"}}},{"from":[3.8401,12.40383,7.7633],"to":[5.0881,13.02783,8.3873],"rotation":{"angle":-22.5,"axis":"y","origin":[5.70914,9.71583,7.41296]},"faces":{"north":{"uv":[3.5,14,2.66667,14.33333],"texture":"#1"},"east":{"uv":[7.66667,15.33333,7.33333,15.66667],"texture":"#1"},"south":{"uv":[14.83333,4,14,4.33333],"texture":"#1"},"west":{"uv":[15.66667,6.66667,15.33333,7],"texture":"#1"},"up":{"uv":[4.66667,14.33333,5.5,14],"texture":"#1"},"down":{"uv":[14,4.66667,14.83333,5],"texture":"#1"}}},{"from":[6,1.46583,6.425],"to":[7.5,2.96583,7.575],"rotation":{"angle":-45,"axis":"z","origin":[8,0.96583,7]},"faces":{"north":{"uv":[9.33333,0,10.33333,1],"texture":"#1"},"east":{"uv":[9.33333,6.66667,10.16667,7.66667],"texture":"#1"},"south":{"uv":[1.33333,9.33333,2.33333,10.33333],"texture":"#1"},"west":{"uv":[8,9.33333,8.83333,10.33333],"texture":"#1"},"up":{"uv":[10.33333,8.83333,9.33333,8],"texture":"#1"},"down":{"uv":[10.33333,9.33333,9.33333,10.16667],"texture":"#1"}}},{"from":[6.2,1.66583,6.225],"to":[7.3,2.76583,7.775],"rotation":{"angle":-45,"axis":"z","origin":[8,0.96583,7]},"faces":{"north":{"uv":[12.66667,10.66667,13.33333,11.33333],"texture":"#1"},"east":{"uv":[1.33333,12,2.33333,12.66667],"texture":"#1"},"south":{"uv":[11.33333,12.66667,12,13.33333],"texture":"#1"},"west":{"uv":[12,1.33333,13,2],"texture":"#1"},"up":{"uv":[12.66667,3,12,2],"texture":"#1"},"down":{"uv":[12.66667,3.33333,12,4.33333],"texture":"#1"}}},{"from":[6,3.96583,7.2],"to":[10,12.21583,7.25],"rotation":{"angle":0,"axis":"y","origin":[6,4.21583,7.2]},"faces":{"north":{"uv":[2.66667,0,5.33333,5.5],"texture":"#1"},"south":{"uv":[5.33333,0,2.66667,5.5],"texture":"#1"}}},{"from":[8.25,1.26583,7.4],"to":[12.25,14.51583,7.45],"rotation":{"angle":-22.5,"axis":"y","origin":[8.25,6.51583,7.4]},"faces":{"north":{"uv":[0,0,2.66667,8.83333],"texture":"#1"},"south":{"uv":[2.66667,0,0,8.83333],"texture":"#1"}}},{"from":[3.75,1.26583,7.4],"to":[7.75,14.51583,7.45],"rotation":{"angle":22.5,"axis":"y","origin":[7.75,6.51583,7.4]},"faces":{"north":{"uv":[2.66667,0,0,8.83333],"texture":"#1"},"south":{"uv":[0,0,2.66667,8.83333],"texture":"#1"}}},{"from":[7.7,10.96642,7.55],"to":[8.3,11.56642,9.375],"rotation":{"angle":-45,"axis":"z","origin":[8,11.26642,9.375]},"faces":{"north":{"uv":[15.33333,9.33333,15.66667,9.66667],"texture":"#1"},"east":{"uv":[13.33333,2.66667,14.5,3],"texture":"#1"},"south":{"uv":[10,15.33333,10.33333,15.66667],"texture":"#1"},"west":{"uv":[13.33333,3.33333,14.5,3.66667],"texture":"#1"},"up":{"uv":[4.33333,14.5,4,13.33333],"texture":"#1"},"down":{"uv":[13.66667,4,13.33333,5.16667],"texture":"#1"}}},{"from":[7.7,4.44142,7.55],"to":[8.3,5.04142,9.375],"rotation":{"angle":-45,"axis":"z","origin":[8,4.74142,9.375]},"faces":{"north":{"uv":[15.33333,9.33333,15.66667,9.66667],"texture":"#1"},"east":{"uv":[13.33333,2.66667,14.5,3],"texture":"#1"},"south":{"uv":[10,15.33333,10.33333,15.66667],"texture":"#1"},"west":{"uv":[13.33333,3.33333,14.5,3.66667],"texture":"#1"},"up":{"uv":[4.33333,14.5,4,13.33333],"texture":"#1"},"down":{"uv":[13.66667,4,13.33333,5.16667],"texture":"#1"}}},{"from":[6.5,15.25647,4.45904],"to":[7.25,15.25647,5.45904],"rotation":{"angle":-45,"axis":"x","origin":[8,14.73521,5.82551]},"faces":{"up":{"uv":[0,11.01667,4,7.91667],"rotation":90,"texture":"#2"},"down":{"uv":[4,11.01667,0,7.91667],"rotation":90,"texture":"#2"}}},{"from":[5.5,14.21395,5.69199],"to":[7,14.21395,7.69199],"rotation":{"angle":-45,"axis":"x","origin":[8,14.73521,5.82551]},"faces":{"up":{"uv":[0,6,8,0],"rotation":90,"texture":"#2"},"down":{"uv":[8,6,0,0],"rotation":90,"texture":"#2"}}},{"from":[8.75,15.25647,4.45904],"to":[9.5,15.25647,5.45904],"rotation":{"angle":-45,"axis":"x","origin":[8,14.73521,5.82551]},"faces":{"up":{"uv":[0,7.91667,4,11.01667],"rotation":90,"texture":"#2"},"down":{"uv":[4,7.91667,0,11.01667],"rotation":90,"texture":"#2"}}},{"from":[9,14.21395,5.69199],"to":[10.5,14.21395,7.69199],"rotation":{"angle":-45,"axis":"x","origin":[8,14.73521,5.82551]},"faces":{"up":{"uv":[0,0,8,6],"rotation":90,"texture":"#2"},"down":{"uv":[8,0,0,6],"rotation":90,"texture":"#2"}}}],"gui_light":"front","display":{"thirdperson_righthand":{"rotation":[0,-90,0],"translation":[2.75,-2,0.75]},"thirdperson_lefthand":{"rotation":[0,-90,0],"translation":[2.75,-2,0.75]},"firstperson_righthand":{"rotation":[0,0,14],"translation":[-1.75,1.75,4]},"firstperson_lefthand":{"rotation":[0,0,14],"translation":[-1.75,1.75,4]},"ground":{"translation":[0,8.25,0]},"gui":{"rotation":[0,180,-45],"translation":[1.25,-1.25,0],"scale":[1.23047,1.23047,1.23047]},"head":{"scale":[1.5,1.5,1.5]},"fixed":{"translation":[0,-1,-3.5],"scale":[2.5,2.5,2.5]}}}