{"credit":"MadebyPolygonMC","texture_size":[20,20],"textures":{"2":"dragonsoulset:animations/animations_1","3":"dragonsoulset:shovel","particle":"dragonsoulset:shovel"},"elements":[{"from":[7,6.69182,8.57145],"to":[9,8.69182,10.32145],"rotation":{"angle":0,"axis":"x","origin":[8,7.95354,9.68879]},"faces":{"north":{"uv":[1.6,4.8,0,6.4],"rotation":180,"texture":"#3"},"east":{"uv":[3.2,4.8,4.8,6.2],"rotation":270,"texture":"#3"},"south":{"uv":[4.8,4.8,3.2,3.2],"texture":"#3"},"west":{"uv":[4.8,4.8,6.4,6.2],"rotation":90,"texture":"#3"},"up":{"uv":[4.8,1.6,6.4,3],"rotation":180,"texture":"#3"},"down":{"uv":[4.8,3.2,6.4,4.6],"texture":"#3"}}},{"from":[7.25,8.69182,8.57145],"to":[8.75,10.19182,9.82145],"rotation":{"angle":0,"axis":"x","origin":[8,7.95354,9.68879]},"faces":{"north":{"uv":[4.4,8,3.2,9.2],"rotation":180,"texture":"#3"},"east":{"uv":[2.4,9.6,3.6,10.6],"rotation":270,"texture":"#3"},"south":{"uv":[9.2,2.8,8,1.6],"texture":"#3"},"west":{"uv":[9.6,3.2,10.8,4.2],"rotation":90,"texture":"#3"},"up":{"uv":[9.6,1.6,10.8,2.6],"rotation":180,"texture":"#3"}}},{"from":[8.475,7.64271,9.82999],"to":[9.225,8.64271,10.57999],"rotation":{"angle":-22.5,"axis":"x","origin":[8,7.95354,9.68879]},"faces":{"north":{"uv":[13.4,9.6,12.8,10.4],"rotation":180,"texture":"#3"},"east":{"uv":[8.8,12.8,9.6,13.4],"rotation":270,"texture":"#3"},"south":{"uv":[10.2,13.6,9.6,12.8],"texture":"#3"},"west":{"uv":[12.8,8.8,13.6,9.4],"rotation":90,"texture":"#3"},"up":{"uv":[13.6,6.4,14.2,7],"rotation":180,"texture":"#3"},"down":{"uv":[7.2,13.6,7.8,14.2],"texture":"#3"}}},{"from":[8.48,7.36393,9.78874],"to":[9.22,8.36393,10.53874],"rotation":{"angle":22.5,"axis":"x","origin":[8,7.95354,9.68879]},"faces":{"north":{"uv":[13.4,11.2,12.8,12],"rotation":180,"texture":"#3"},"east":{"uv":[10.4,12.8,11.2,13.4],"rotation":270,"texture":"#3"},"south":{"uv":[11.8,13.6,11.2,12.8],"texture":"#3"},"west":{"uv":[12.8,10.4,13.6,11],"rotation":90,"texture":"#3"},"up":{"uv":[13.6,7.2,14.2,7.8],"rotation":180,"texture":"#3"},"down":{"uv":[8,13.6,8.6,14.2],"texture":"#3"}}},{"from":[8.5,6.30732,9.12074],"to":[9.5,7.30732,10.12074],"rotation":{"angle":-22.5,"axis":"x","origin":[8,7.95354,9.68879]},"faces":{"north":{"uv":[12.8,0.8,12,1.6],"rotation":180,"texture":"#3"},"east":{"uv":[9.6,11.2,10.4,12],"rotation":270,"texture":"#3"},"south":{"uv":[12.8,0.8,12,0],"texture":"#3"},"west":{"uv":[11.2,11.2,12,12],"rotation":90,"texture":"#3"},"up":{"uv":[11.2,8.8,12,9.6],"rotation":180,"texture":"#3"},"down":{"uv":[10.4,11.2,11.2,12],"texture":"#3"}}},{"from":[8.61,6.85436,11.0056],"to":[9.39,7.63436,11.7856],"rotation":{"angle":45,"axis":"x","origin":[8,7.95354,9.68879]},"faces":{"north":{"uv":[14.2,10.4,13.6,11],"rotation":180,"texture":"#3"},"east":{"uv":[13.6,8.8,14.2,9.4],"rotation":270,"texture":"#3"},"south":{"uv":[11,14.2,10.4,13.6],"texture":"#3"},"west":{"uv":[13.6,9.6,14.2,10.2],"rotation":90,"texture":"#3"},"up":{"uv":[8.8,13.6,9.4,14.2],"rotation":180,"texture":"#3"},"down":{"uv":[9.6,13.6,10.2,14.2],"texture":"#3"}}},{"from":[8.7036,6.2042,11.19894],"to":[9.2964,6.797,11.79174],"rotation":{"angle":22.5,"axis":"x","origin":[8,7.95354,9.68879]},"faces":{"north":{"uv":[14.8,8.8,14.4,9.2],"rotation":180,"texture":"#3"},"east":{"uv":[14.4,7.2,14.8,7.6],"rotation":270,"texture":"#3"},"south":{"uv":[9.2,14.8,8.8,14.4],"texture":"#3"},"west":{"uv":[14.4,8,14.8,8.4],"rotation":90,"texture":"#3"},"up":{"uv":[7.2,14.4,7.6,14.8],"rotation":180,"texture":"#3"},"down":{"uv":[8,14.4,8.4,14.8],"texture":"#3"}}},{"from":[8.78659,5.60185,10.96772],"to":[9.21341,6.02867,11.39454],"rotation":{"angle":0,"axis":"x","origin":[8,7.95354,9.68879]},"faces":{"north":{"uv":[14.8,11.2,14.4,11.6],"rotation":180,"texture":"#3"},"east":{"uv":[14.4,9.6,14.8,10],"rotation":270,"texture":"#3"},"south":{"uv":[11.6,14.8,11.2,14.4],"texture":"#3"},"west":{"uv":[14.4,10.4,14.8,10.8],"rotation":90,"texture":"#3"},"up":{"uv":[9.6,14.4,10,14.8],"rotation":180,"texture":"#3"},"down":{"uv":[10.4,14.4,10.8,14.8],"texture":"#3"}}},{"from":[6.775,7.64271,9.82999],"to":[7.525,8.64271,10.57999],"rotation":{"angle":-22.5,"axis":"x","origin":[8,7.95354,9.68879]},"faces":{"north":{"uv":[0.6,13.6,0,14.4],"rotation":180,"texture":"#3"},"east":{"uv":[12,12.8,12.8,13.4],"rotation":270,"texture":"#3"},"south":{"uv":[13.4,13.6,12.8,12.8],"texture":"#3"},"west":{"uv":[12.8,12,13.6,12.6],"rotation":90,"texture":"#3"},"up":{"uv":[11.2,13.6,11.8,14.2],"rotation":180,"texture":"#3"},"down":{"uv":[13.6,11.2,14.2,11.8],"texture":"#3"}}},{"from":[6.78,7.36393,9.78874],"to":[7.52,8.36393,10.53874],"rotation":{"angle":22.5,"axis":"x","origin":[8,7.95354,9.68879]},"faces":{"north":{"uv":[2.2,13.6,1.6,14.4],"rotation":180,"texture":"#3"},"east":{"uv":[13.6,0,14.4,0.6],"rotation":270,"texture":"#3"},"south":{"uv":[14.2,1.6,13.6,0.8],"texture":"#3"},"west":{"uv":[0.8,13.6,1.6,14.2],"rotation":90,"texture":"#3"},"up":{"uv":[12,13.6,12.6,14.2],"rotation":180,"texture":"#3"},"down":{"uv":[13.6,12,14.2,12.6],"texture":"#3"}}},{"from":[6.5,6.30732,9.12074],"to":[7.5,7.30732,10.12074],"rotation":{"angle":-22.5,"axis":"x","origin":[8,7.95354,9.68879]},"faces":{"north":{"uv":[10.4,12,9.6,12.8],"rotation":180,"texture":"#3"},"east":{"uv":[6.4,12,7.2,12.8],"rotation":270,"texture":"#3"},"south":{"uv":[12.8,9.6,12,8.8],"texture":"#3"},"west":{"uv":[12,8,12.8,8.8],"rotation":90,"texture":"#3"},"up":{"uv":[5.6,12,6.4,12.8],"rotation":180,"texture":"#3"},"down":{"uv":[12,7.2,12.8,8],"texture":"#3"}}},{"from":[6.61,6.85436,11.0056],"to":[7.39,7.63436,11.7856],"rotation":{"angle":45,"axis":"x","origin":[8,7.95354,9.68879]},"faces":{"north":{"uv":[1.4,14.4,0.8,15],"rotation":180,"texture":"#3"},"east":{"uv":[13.6,12.8,14.2,13.4],"rotation":270,"texture":"#3"},"south":{"uv":[15,0.6,14.4,0],"texture":"#3"},"west":{"uv":[0,14.4,0.6,15],"rotation":90,"texture":"#3"},"up":{"uv":[12.8,13.6,13.4,14.2],"rotation":180,"texture":"#3"},"down":{"uv":[13.6,13.6,14.2,14.2],"texture":"#3"}}},{"from":[6.7036,6.2042,11.19894],"to":[7.2964,6.797,11.79174],"rotation":{"angle":22.5,"axis":"x","origin":[8,7.95354,9.68879]},"faces":{"north":{"uv":[14.8,13.6,14.4,14],"rotation":180,"texture":"#3"},"east":{"uv":[14.4,12,14.8,12.4],"rotation":270,"texture":"#3"},"south":{"uv":[14,14.8,13.6,14.4],"texture":"#3"},"west":{"uv":[14.4,12.8,14.8,13.2],"rotation":90,"texture":"#3"},"up":{"uv":[12,14.4,12.4,14.8],"rotation":180,"texture":"#3"},"down":{"uv":[12.8,14.4,13.2,14.8],"texture":"#3"}}},{"from":[6.78659,5.60185,10.96772],"to":[7.21341,6.02867,11.39454],"rotation":{"angle":0,"axis":"x","origin":[8,7.95354,9.68879]},"faces":{"north":{"uv":[2,15.2,1.6,15.6],"rotation":180,"texture":"#3"},"east":{"uv":[0,15.2,0.4,15.6],"rotation":270,"texture":"#3"},"south":{"uv":[15.6,1.2,15.2,0.8],"texture":"#3"},"west":{"uv":[0.8,15.2,1.2,15.6],"rotation":90,"texture":"#3"},"up":{"uv":[14.4,14.4,14.8,14.8],"rotation":180,"texture":"#3"},"down":{"uv":[15.2,0,15.6,0.4],"texture":"#3"}}},{"from":[7.7246,9.26351,8.01717],"to":[8.2754,9.81431,8.56797],"rotation":{"angle":45,"axis":"x","origin":[8,7.95354,9.68879]},"faces":{"north":{"uv":[4.4,15.2,4,15.6],"rotation":180,"texture":"#3"},"east":{"uv":[2.4,15.2,2.8,15.6],"rotation":270,"texture":"#3"},"south":{"uv":[15.6,3.6,15.2,3.2],"texture":"#3"},"west":{"uv":[3.2,15.2,3.6,15.6],"rotation":90,"texture":"#3"},"up":{"uv":[15.2,1.6,15.6,2],"rotation":180,"texture":"#3"},"down":{"uv":[15.2,2.4,15.6,2.8],"texture":"#3"}}},{"from":[7.78519,9.26419,10.51874],"to":[8.21481,9.69381,10.94837],"rotation":{"angle":-22.5,"axis":"x","origin":[8,7.95354,9.68879]},"faces":{"north":{"uv":[6.8,15.2,6.4,15.6],"rotation":180,"texture":"#3"},"east":{"uv":[4.8,15.2,5.2,15.6],"rotation":270,"texture":"#3"},"south":{"uv":[15.6,6,15.2,5.6],"texture":"#3"},"west":{"uv":[5.6,15.2,6,15.6],"rotation":90,"texture":"#3"},"up":{"uv":[15.2,4,15.6,4.4],"rotation":180,"texture":"#3"},"down":{"uv":[15.2,4.8,15.6,5.2],"texture":"#3"}}},{"from":[7.83674,9.32346,9.98662],"to":[8.16326,9.64997,10.31313],"rotation":{"angle":0,"axis":"x","origin":[8,7.95354,9.68879]},"faces":{"north":{"uv":[9.8,15.2,9.6,15.4],"rotation":180,"texture":"#3"},"east":{"uv":[8,15.2,8.2,15.4],"rotation":270,"texture":"#3"},"south":{"uv":[15.4,9,15.2,8.8],"texture":"#3"},"west":{"uv":[8.8,15.2,9,15.4],"rotation":90,"texture":"#3"},"up":{"uv":[15.2,7.2,15.4,7.4],"rotation":180,"texture":"#3"},"down":{"uv":[15.2,8,15.4,8.2],"texture":"#3"}}},{"from":[7.88245,9.21998,9.46814],"to":[8.11755,9.45507,9.70323],"rotation":{"angle":22.5,"axis":"x","origin":[8,7.95354,9.68879]},"faces":{"north":{"uv":[12.2,15.2,12,15.4],"rotation":180,"texture":"#3"},"east":{"uv":[10.4,15.2,10.6,15.4],"rotation":270,"texture":"#3"},"south":{"uv":[15.4,11.4,15.2,11.2],"texture":"#3"},"west":{"uv":[11.2,15.2,11.4,15.4],"rotation":90,"texture":"#3"},"up":{"uv":[15.2,9.6,15.4,9.8],"rotation":180,"texture":"#3"},"down":{"uv":[15.2,10.4,15.4,10.6],"texture":"#3"}}},{"from":[8.65,8.09182,7.82145],"to":[8.65,10.09182,8.57145],"rotation":{"angle":0,"axis":"x","origin":[8,7.95354,9.68879]},"faces":{"north":{"uv":[0,0,0,1.6],"rotation":180,"texture":"#3"},"east":{"uv":[11.2,4.8,12.8,5.4],"rotation":270,"texture":"#3"},"south":{"uv":[0,1.6,0,0],"texture":"#3"},"west":{"uv":[5.6,11.2,7.2,11.8],"rotation":90,"texture":"#3"},"up":{"uv":[0,0,0,0.6],"rotation":180,"texture":"#3"},"down":{"uv":[0,0,0,0.6],"texture":"#3"}}},{"from":[7.35,8.09182,7.82145],"to":[7.35,10.09182,8.57145],"rotation":{"angle":0,"axis":"x","origin":[8,7.95354,9.68879]},"faces":{"north":{"uv":[0,0,0,1.6],"rotation":180,"texture":"#3"},"east":{"uv":[11.2,5.6,12.8,6.2],"rotation":270,"texture":"#3"},"south":{"uv":[0,1.6,0,0],"texture":"#3"},"west":{"uv":[11.2,6.4,12.8,7],"rotation":90,"texture":"#3"},"up":{"uv":[0,0,0,0.6],"rotation":180,"texture":"#3"},"down":{"uv":[0,0,0,0.6],"texture":"#3"}}},{"from":[7.351,10.09182,7.82146],"to":[8.651,10.09182,8.57146],"rotation":{"angle":0,"axis":"x","origin":[8,7.95354,9.68879]},"faces":{"north":{"uv":[1,0,0,0],"rotation":180,"texture":"#3"},"east":{"uv":[0,0,0,0.6],"rotation":270,"texture":"#3"},"south":{"uv":[1,0,0,0],"texture":"#3"},"west":{"uv":[0,0,0,0.6],"rotation":90,"texture":"#3"},"up":{"uv":[7.2,12.8,8.2,13.4],"rotation":180,"texture":"#3"},"down":{"uv":[12.8,8,13.8,8.6],"texture":"#3"}}},{"from":[7.5,0.75,7.5],"to":[8.5,1.25,8.5],"rotation":{"angle":0,"axis":"y","origin":[7.5,0,7.5]},"faces":{"north":{"uv":[2.4,14.4,3.2,14.8],"texture":"#3"},"east":{"uv":[3.2,14.4,4,14.8],"texture":"#3"},"south":{"uv":[4,14.4,4.8,14.8],"texture":"#3"},"west":{"uv":[4.8,14.4,5.6,14.8],"texture":"#3"},"up":{"uv":[12.8,10.4,12,9.6],"texture":"#3"},"down":{"uv":[11.2,12,10.4,12.8],"texture":"#3"}}},{"from":[7.5,1.75,7.5],"to":[8.5,2.75,8.5],"rotation":{"angle":0,"axis":"y","origin":[7.5,0,7.5]},"faces":{"north":{"uv":[12,10.4,12.8,11.2],"texture":"#3"},"east":{"uv":[11.2,12,12,12.8],"texture":"#3"},"south":{"uv":[12,11.2,12.8,12],"texture":"#3"},"west":{"uv":[12,12,12.8,12.8],"texture":"#3"},"up":{"uv":[0.8,13.6,0,12.8],"texture":"#3"},"down":{"uv":[13.6,0,12.8,0.8],"texture":"#3"}}},{"from":[7.6,2.75,7.6],"to":[8.4,4.55,8.4],"rotation":{"angle":0,"axis":"y","origin":[7.5,0,7.5]},"faces":{"north":{"uv":[7.2,11.2,7.8,12.6],"texture":"#3"},"east":{"uv":[11.2,7.2,11.8,8.6],"texture":"#3"},"south":{"uv":[8,11.2,8.6,12.6],"texture":"#3"},"west":{"uv":[8.8,11.2,9.4,12.6],"texture":"#3"},"up":{"uv":[15,1.4,14.4,0.8],"texture":"#3"},"down":{"uv":[2.2,14.4,1.6,15],"texture":"#3"}}},{"from":[7.4,1.25,7.4],"to":[8.6,1.75,8.6],"rotation":{"angle":0,"axis":"y","origin":[7.5,0,7.5]},"faces":{"north":{"uv":[13.6,1.6,14.6,2],"texture":"#3"},"east":{"uv":[2.4,13.6,3.4,14],"texture":"#3"},"south":{"uv":[13.6,2.4,14.6,2.8],"texture":"#3"},"west":{"uv":[13.6,3.2,14.6,3.6],"texture":"#3"},"up":{"uv":[10.6,5.8,9.6,4.8],"texture":"#3"},"down":{"uv":[6.6,9.6,5.6,10.6],"texture":"#3"}}},{"from":[7.4,5.55,7.4],"to":[8.6,6.05,8.6],"rotation":{"angle":0,"axis":"y","origin":[7.5,4.3,7.5]},"faces":{"north":{"uv":[4,13.6,5,14],"texture":"#3"},"east":{"uv":[13.6,4,14.6,4.4],"texture":"#3"},"south":{"uv":[13.6,4.8,14.6,5.2],"texture":"#3"},"west":{"uv":[5.6,13.6,6.6,14],"texture":"#3"},"up":{"uv":[10.6,7.4,9.6,6.4],"texture":"#3"},"down":{"uv":[8.2,9.6,7.2,10.6],"texture":"#3"}}},{"from":[7.5,6.05,7.5],"to":[8.5,6.55,8.5],"rotation":{"angle":0,"axis":"y","origin":[7.5,16.05,7.5]},"faces":{"north":{"uv":[5.6,14.4,6.4,14.8],"texture":"#3"},"east":{"uv":[14.4,5.6,15.2,6],"texture":"#3"},"south":{"uv":[6.4,14.4,7.2,14.8],"texture":"#3"},"west":{"uv":[14.4,6.4,15.2,6.8],"texture":"#3"},"up":{"uv":[1.6,13.6,0.8,12.8],"texture":"#3"},"down":{"uv":[13.6,0.8,12.8,1.6],"texture":"#3"}}},{"from":[7.5,4.55,7.5],"to":[8.5,5.55,8.5],"rotation":{"angle":0,"axis":"y","origin":[7.5,16.05,7.5]},"faces":{"north":{"uv":[1.6,12.8,2.4,13.6],"texture":"#3"},"east":{"uv":[12.8,1.6,13.6,2.4],"texture":"#3"},"south":{"uv":[2.4,12.8,3.2,13.6],"texture":"#3"},"west":{"uv":[12.8,2.4,13.6,3.2],"texture":"#3"},"up":{"uv":[13.6,4,12.8,3.2],"texture":"#3"},"down":{"uv":[4.8,12.8,4,13.6],"texture":"#3"}}},{"from":[7.375,-0.1,7.4],"to":[8.625,1.1,8.6],"rotation":{"angle":-45,"axis":"x","origin":[8,0.5,8]},"faces":{"north":{"uv":[9.6,8,10.6,9],"texture":"#3"},"east":{"uv":[8.8,9.6,9.8,10.6],"texture":"#3"},"south":{"uv":[10.4,0,11.4,1],"texture":"#3"},"west":{"uv":[10.4,9.6,11.4,10.6],"texture":"#3"},"up":{"uv":[1,12.2,0,11.2],"texture":"#3"},"down":{"uv":[2.6,11.2,1.6,12.2],"texture":"#3"}}},{"from":[7.3,10.4,7],"to":[8.7,12.4,9],"rotation":{"angle":-45,"axis":"x","origin":[8,11.4,8]},"faces":{"north":{"uv":[0,6.4,1.2,8],"texture":"#3"},"east":{"uv":[4.8,0,6.4,1.6],"texture":"#3"},"south":{"uv":[6.4,0,7.6,1.6],"texture":"#3"},"west":{"uv":[1.6,4.8,3.2,6.4],"texture":"#3"},"up":{"uv":[2.8,8,1.6,6.4],"texture":"#3"},"down":{"uv":[7.6,1.6,6.4,3.2],"texture":"#3"}}},{"from":[7.05,10.65,7.25],"to":[8.95,12.15,8.75],"rotation":{"angle":-45,"axis":"x","origin":[8,11.4,8]},"faces":{"north":{"uv":[3.2,6.4,4.8,7.6],"texture":"#3"},"east":{"uv":[8,3.2,9.2,4.4],"texture":"#3"},"south":{"uv":[6.4,3.2,8,4.4],"texture":"#3"},"west":{"uv":[4.8,8,6,9.2],"texture":"#3"},"up":{"uv":[6.4,7.6,4.8,6.4],"texture":"#3"},"down":{"uv":[8,4.8,6.4,6],"texture":"#3"}}},{"from":[7.4,6.55,7.4],"to":[8.6,8.65,8.6],"rotation":{"angle":0,"axis":"y","origin":[15,13.1,15]},"faces":{"north":{"uv":[6.4,6.4,7.4,8],"texture":"#3"},"east":{"uv":[0,8,1,9.6],"texture":"#3"},"south":{"uv":[8,0,9,1.6],"texture":"#3"},"west":{"uv":[1.6,8,2.6,9.6],"texture":"#3"},"up":{"uv":[12.2,2.6,11.2,1.6],"texture":"#3"},"down":{"uv":[12.2,3.2,11.2,4.2],"texture":"#3"}}},{"from":[7.5,8.65,7.5],"to":[8.5,10.55,8.5],"rotation":{"angle":0,"axis":"y","origin":[7.5,16.05,8.5]},"faces":{"north":{"uv":[8,4.8,8.8,6.4],"texture":"#3"},"east":{"uv":[8.8,4.8,8,6.4],"texture":"#3"},"south":{"uv":[8,4.8,8.8,6.4],"texture":"#3"},"west":{"uv":[8.8,4.8,8,6.4],"texture":"#3"}}},{"from":[7.5,10.5,6.25],"to":[8.5,12.5,7.25],"rotation":{"angle":-22.5,"axis":"x","origin":[8,11.5,6.75]},"faces":{"north":{"uv":[8,8,8.8,9.6],"texture":"#3"},"east":{"uv":[8.8,4.8,9.6,6.4],"texture":"#3"},"south":{"uv":[8.8,6.4,9.6,8],"texture":"#3"},"west":{"uv":[8.8,8,9.6,9.6],"texture":"#3"},"up":{"uv":[13.6,4.8,12.8,4],"texture":"#3"},"down":{"uv":[5.6,12.8,4.8,13.6],"texture":"#3"}}},{"from":[7.505,12.23254,5.90538],"to":[8.495,14.00754,6.83038],"rotation":{"angle":0,"axis":"x","origin":[8.005,13.23254,6.40538]},"faces":{"north":{"uv":[0,9.6,0.8,11.2],"texture":"#3"},"east":{"uv":[9.6,0,10.4,1.6],"texture":"#3"},"south":{"uv":[0.8,9.6,1.6,11.2],"texture":"#3"},"west":{"uv":[1.6,9.6,2.4,11.2],"texture":"#3"},"up":{"uv":[13.6,5.6,12.8,4.8],"texture":"#3"}}},{"from":[7.505,12.23254,9.16962],"to":[8.495,14.00754,10.09462],"rotation":{"angle":0,"axis":"x","origin":[8.005,13.23254,9.59462]},"faces":{"north":{"uv":[1.6,9.6,0.8,11.2],"texture":"#3"},"east":{"uv":[10.4,0,9.6,1.6],"texture":"#3"},"south":{"uv":[0.8,9.6,0,11.2],"texture":"#3"},"west":{"uv":[2.4,9.6,1.6,11.2],"texture":"#3"},"up":{"uv":[13.6,4.8,12.8,5.6],"texture":"#3"}}},{"from":[7.5,10.5,8.75],"to":[8.5,12.5,9.75],"rotation":{"angle":22.5,"axis":"x","origin":[8,11.5,9.25]},"faces":{"north":{"uv":[9.6,6.4,8.8,8],"texture":"#3"},"east":{"uv":[9.6,4.8,8.8,6.4],"texture":"#3"},"south":{"uv":[8.8,8,8,9.6],"texture":"#3"},"west":{"uv":[9.6,8,8.8,9.6],"texture":"#3"},"up":{"uv":[13.6,4,12.8,4.8],"texture":"#3"},"down":{"uv":[5.6,13.6,4.8,12.8],"texture":"#3"}}},{"from":[7.75,11.25,6.5],"to":[8.25,14.75,9.5],"rotation":{"angle":0,"axis":"y","origin":[7.75,11.25,6]},"faces":{"north":{"uv":[4,9.6,4.4,12.4],"texture":"#3"},"east":{"uv":[0,0,2.4,2.8],"texture":"#3"},"south":{"uv":[4.8,9.6,5.2,12.4],"texture":"#3"},"west":{"uv":[2.4,0,4.8,2.8],"texture":"#3"},"up":{"uv":[3.6,13.6,3.2,11.2],"texture":"#3"}}},{"from":[7.975,14,6],"to":[8.025,16,10],"rotation":{"angle":0,"axis":"y","origin":[7.475,11.25,6]},"faces":{"east":{"uv":[3.2,3.2,0,4.8],"texture":"#3"},"west":{"uv":[0,3.2,3.2,4.8],"texture":"#3"}}},{"from":[7.75,14.75,7],"to":[8.25,15.25,9],"rotation":{"angle":0,"axis":"y","origin":[7.75,14.75,6]},"faces":{"north":{"uv":[15.2,6.4,15.6,6.8],"texture":"#3"},"east":{"uv":[5.6,12.8,7.2,13.2],"texture":"#3"},"south":{"uv":[7.2,15.2,7.6,15.6],"texture":"#3"},"west":{"uv":[12.8,5.6,14.4,6],"texture":"#3"},"up":{"uv":[13.2,8,12.8,6.4],"texture":"#3"}}},{"from":[6.5,9.0322,10.48521],"to":[7.25,10.0322,10.48521],"rotation":{"angle":-22.5,"axis":"x","origin":[8,7.95354,9.68879]},"faces":{"north":{"uv":[4,11.01667,0,7.91667],"rotation":270,"texture":"#2"},"south":{"uv":[0,11.01667,4,7.91667],"rotation":90,"texture":"#2"}}},{"from":[5.5,6.79926,9.44268],"to":[7,8.79926,9.44268],"rotation":{"angle":-22.5,"axis":"x","origin":[8,7.95354,9.68879]},"faces":{"north":{"uv":[8,6,0,0],"rotation":270,"texture":"#2"},"south":{"uv":[0,6,8,0],"rotation":90,"texture":"#2"}}},{"from":[8.75,9.0322,10.48521],"to":[9.5,10.0322,10.48521],"rotation":{"angle":-22.5,"axis":"x","origin":[8,7.95354,9.68879]},"faces":{"north":{"uv":[4,7.91667,0,11.01667],"rotation":270,"texture":"#2"},"south":{"uv":[0,7.91667,4,11.01667],"rotation":90,"texture":"#2"}}},{"from":[9,6.79926,9.44268],"to":[10.5,8.79926,9.44268],"rotation":{"angle":-22.5,"axis":"x","origin":[8,7.95354,9.68879]},"faces":{"north":{"uv":[8,0,0,6],"rotation":270,"texture":"#2"},"south":{"uv":[0,0,8,6],"rotation":90,"texture":"#2"}}}],"gui_light":"front","display":{"thirdperson_righthand":{"translation":[0,2.25,0.75]},"thirdperson_lefthand":{"translation":[0,2.25,0.75]},"firstperson_righthand":{"rotation":[-10,0,0],"translation":[-0.5,3.5,1]},"firstperson_lefthand":{"rotation":[-10,0,0],"translation":[-0.5,3.5,1]},"ground":{"translation":[0,6.25,0]},"gui":{"rotation":[-90,45,90],"translation":[0.5,-0.5,0],"scale":[1.0332,1.0332,1.0332]},"head":{"scale":[1.5,1.5,1.5],"rotation":[0,90,0]},"fixed":{"rotation":[90,-90,90],"translation":[0,-1.25,-0.5],"scale":[2.5,2.5,2.5]}}}