{"credit":"Made by PolygonMC","texture_size":[20,20],"textures":{"1":"protocalset:animations/animations_2","2":"protocalset:bow"},"elements":[{"from":[7.75,11.25,7.5],"to":[8.25,11.75,8.5],"rotation":{"angle":45,"axis":"x","origin":[8,12.25,8]},"faces":{"east":{"uv":[4,13.6,4.8,14],"texture":"#2"},"west":{"uv":[13.6,4.8,14.4,5.2],"texture":"#2"},"up":{"uv":[14,6.4,13.6,5.6],"texture":"#2"},"down":{"uv":[14,6.4,13.6,7.2],"texture":"#2"}}},{"from":[7.75,11.25,7],"to":[8.25,13.25,7.5],"rotation":{"angle":45,"axis":"x","origin":[8,12.25,8]},"faces":{"north":{"uv":[11.2,12,11.6,13.6],"texture":"#2"},"east":{"uv":[12,11.2,12.4,12.8],"texture":"#2"},"south":{"uv":[0,12.8,0.4,14.4],"texture":"#2"},"west":{"uv":[0.8,12.8,1.2,14.4],"texture":"#2"},"up":{"uv":[10,14,9.6,13.6],"texture":"#2"},"down":{"uv":[14,9.6,13.6,10],"texture":"#2"}}},{"from":[7.75,11.25,8.5],"to":[8.25,13.25,9],"rotation":{"angle":45,"axis":"x","origin":[8,12.25,8]},"faces":{"north":{"uv":[4.8,12.8,5.2,14.4],"texture":"#2"},"east":{"uv":[12.8,4.8,13.2,6.4],"texture":"#2"},"south":{"uv":[5.6,12.8,6,14.4],"texture":"#2"},"west":{"uv":[6.4,12.8,6.8,14.4],"texture":"#2"},"up":{"uv":[10.8,14,10.4,13.6],"texture":"#2"},"down":{"uv":[14,10.4,13.6,10.8],"texture":"#2"}}},{"from":[7.25,10.25,7.25],"to":[8.75,11.75,8.75],"rotation":{"angle":-45,"axis":"x","origin":[8,11,8]},"faces":{"north":{"uv":[8.8,8.8,10,10],"texture":"#2"},"east":{"uv":[9.6,6.4,10.8,7.6],"texture":"#2"},"south":{"uv":[0,10.4,1.2,11.6],"texture":"#2"},"west":{"uv":[1.6,10.4,2.8,11.6],"texture":"#2"},"up":{"uv":[11.6,2.8,10.4,1.6],"texture":"#2"},"down":{"uv":[4.4,10.4,3.2,11.6],"texture":"#2"}}},{"from":[7.5,10.25,6.75],"to":[8.5,11.75,7.75],"rotation":{"angle":22.5,"axis":"x","origin":[8,11,7.25]},"faces":{"north":{"uv":[12,4.8,12.8,6],"texture":"#2"},"east":{"uv":[12,8,12.8,9.2],"texture":"#2"},"west":{"uv":[8.8,12,9.6,13.2],"texture":"#2"},"up":{"uv":[10.4,8.8,9.6,8],"texture":"#2"},"down":{"uv":[13.6,6.4,12.8,7.2],"texture":"#2"}}},{"from":[7.5,10.25,8.25],"to":[8.5,11.75,9.25],"rotation":{"angle":-22.5,"axis":"x","origin":[8,11,8.75]},"faces":{"east":{"uv":[9.6,12,10.4,13.2],"texture":"#2"},"south":{"uv":[12,9.6,12.8,10.8],"texture":"#2"},"west":{"uv":[10.4,12,11.2,13.2],"texture":"#2"},"up":{"uv":[13.6,8,12.8,7.2],"texture":"#2"},"down":{"uv":[13.6,8,12.8,8.8],"texture":"#2"}}},{"from":[7.4,9.5,7.4],"to":[8.6,11,8.6],"rotation":{"angle":0,"axis":"y","origin":[7.5,11,7.5]},"faces":{"north":{"uv":[12,0,13,1.2],"texture":"#2"},"east":{"uv":[1.6,12,2.6,13.2],"texture":"#2"},"south":{"uv":[12,1.6,13,2.8],"texture":"#2"},"west":{"uv":[3.2,12,4.2,13.2],"texture":"#2"}}},{"from":[7.5,7,7.5],"to":[8.5,9,8.5],"rotation":{"angle":0,"axis":"y","origin":[7.5,7,7.5]},"faces":{"north":{"uv":[11.2,0,12,1.6],"texture":"#2"},"east":{"uv":[4.8,11.2,5.6,12.8],"texture":"#2"},"south":{"uv":[5.6,11.2,6.4,12.8],"texture":"#2"},"west":{"uv":[6.4,11.2,7.2,12.8],"texture":"#2"}}},{"from":[7.3,9,7.3],"to":[8.7,9.5,8.7],"rotation":{"angle":0,"axis":"x","origin":[8,9.25,8]},"faces":{"north":{"uv":[12.8,11.2,14,11.6],"texture":"#2"},"east":{"uv":[12,12.8,13.2,13.2],"texture":"#2"},"south":{"uv":[12.8,12,14,12.4],"texture":"#2"},"west":{"uv":[13.6,0,14.8,0.4],"texture":"#2"},"up":{"uv":[11.6,4.4,10.4,3.2],"texture":"#2"},"down":{"uv":[11.6,4.8,10.4,6],"texture":"#2"}}},{"from":[7.5,11.05277,10.06166],"to":[8.5,13.55277,11.06166],"rotation":{"angle":45,"axis":"x","origin":[8,14.61859,11.02779]},"faces":{"north":{"uv":[4.8,8.8,5.6,10.8],"texture":"#2"},"east":{"uv":[5.6,8.8,6.4,10.8],"texture":"#2"},"south":{"uv":[6.4,8.8,7.2,10.8],"texture":"#2"},"west":{"uv":[8.8,6.4,9.6,8.4],"texture":"#2"},"up":{"uv":[13.6,9.6,12.8,8.8],"texture":"#2"},"down":{"uv":[13.6,9.6,12.8,10.4],"texture":"#2"}}},{"from":[7.565,13.96672,9.8197],"to":[8.435,14.83672,11.9947],"rotation":{"angle":-22.5,"axis":"x","origin":[8,14.13,10.4937]},"faces":{"east":{"uv":[12,3.2,13.8,3.8],"texture":"#2"},"south":{"uv":[13.6,2.4,14.2,3],"texture":"#2"},"west":{"uv":[12,4,13.8,4.6],"texture":"#2"},"up":{"uv":[7.8,13.8,7.2,12],"texture":"#2"},"down":{"uv":[8.6,12,8,13.8],"texture":"#2"}}},{"from":[7.75,15.0344,10.74391],"to":[8.25,16.5344,12.24391],"rotation":{"angle":45,"axis":"x","origin":[8,14.61859,11.02779]},"faces":{"north":{"uv":[13.6,0.8,14,2],"texture":"#2"},"east":{"uv":[7.2,10.4,8.4,11.6],"texture":"#2"},"south":{"uv":[1.6,13.6,2,14.8],"texture":"#2"},"west":{"uv":[10.4,8,11.6,9.2],"texture":"#2"},"up":{"uv":[2.8,14.8,2.4,13.6],"texture":"#2"},"down":{"uv":[3.6,13.6,3.2,14.8],"texture":"#2"}}},{"from":[7.975,12,-6],"to":[8.025,21,-3],"rotation":{"angle":45,"axis":"x","origin":[7.975,0,0]},"faces":{"east":{"uv":[7.2,0,4.8,7.2],"texture":"#2"},"west":{"uv":[4.8,0,7.2,7.2],"texture":"#2"}}},{"from":[7.975,1.5,12],"to":[8.025,14.5,18],"rotation":{"angle":0,"axis":"y","origin":[7.975,1.5,0]},"faces":{"east":{"uv":[4.8,0,0,10.4],"texture":"#2"},"west":{"uv":[0,0,4.8,10.4],"texture":"#2"}}},{"from":[7,4,12.75],"to":[9,5,13.75],"rotation":{"angle":-45,"axis":"x","origin":[7.5,4,-0.25]},"faces":{"north":{"uv":[11.2,6.4,12.8,7.2],"texture":"#2"},"south":{"uv":[11.2,7.2,12.8,8],"texture":"#2"},"up":{"uv":[12,12,10.4,11.2],"texture":"#2"},"down":{"uv":[1.6,12,0,12.8],"texture":"#2"}}},{"from":[5.5,12.875,8.5],"to":[7,14.375,11],"rotation":{"angle":-22.5,"axis":"x","origin":[5.5,12.875,8.5]},"faces":{"north":{"uv":[8.8,10.4,10,11.6],"texture":"#2"},"east":{"uv":[4.8,7.2,6.8,8.4],"texture":"#2"},"south":{"uv":[10.4,9.6,11.6,10.8],"texture":"#2"},"west":{"uv":[8.8,0,10.8,1.2],"texture":"#2"},"up":{"uv":[10,3.6,8.8,1.6],"texture":"#2"},"down":{"uv":[10,4,8.8,6],"texture":"#2"}}},{"from":[5.7,13.075,11],"to":[6.8,14.175,11.5],"rotation":{"angle":-22.5,"axis":"x","origin":[5.5,12.875,8.5]},"faces":{"east":{"uv":[13.6,7.2,14,8],"texture":"#2"},"south":{"uv":[12.8,10.4,13.6,11.2],"texture":"#2"},"west":{"uv":[13.6,8,14,8.8],"texture":"#2"},"up":{"uv":[9.6,14,8.8,13.6],"texture":"#2"},"down":{"uv":[14.4,8.8,13.6,9.2],"texture":"#2"}}},{"from":[9.2,13.075,11],"to":[10.3,14.175,11.5],"rotation":{"angle":-22.5,"axis":"x","origin":[10.5,12.875,8.5]},"faces":{"east":{"uv":[14,8,13.6,8.8],"texture":"#2"},"south":{"uv":[13.6,10.4,12.8,11.2],"texture":"#2"},"west":{"uv":[14,7.2,13.6,8],"texture":"#2"},"up":{"uv":[8.8,14,9.6,13.6],"texture":"#2"},"down":{"uv":[13.6,8.8,14.4,9.2],"texture":"#2"}}},{"from":[9,12.875,8.5],"to":[10.5,14.375,11],"rotation":{"angle":-22.5,"axis":"x","origin":[10.5,12.875,8.5]},"faces":{"north":{"uv":[10,10.4,8.8,11.6],"texture":"#2"},"east":{"uv":[10.8,0,8.8,1.2],"texture":"#2"},"south":{"uv":[11.6,9.6,10.4,10.8],"texture":"#2"},"west":{"uv":[6.8,7.2,4.8,8.4],"texture":"#2"},"up":{"uv":[8.8,3.6,10,1.6],"texture":"#2"},"down":{"uv":[8.8,4,10,6],"texture":"#2"}}},{"from":[6.25,9.65559,14.66926],"to":[6.25,11.33559,22.22926],"rotation":{"angle":-22.5,"axis":"x","origin":[0.96,2.58559,2.47926]},"faces":{"east":{"uv":[0.33333,12.66667,2.4,3.66667],"rotation":90,"texture":"#1"},"west":{"uv":[0.33333,3.66667,2.4,12.66667],"rotation":90,"texture":"#1"}}},{"from":[9.75,9.65559,14.66926],"to":[9.75,11.33559,22.22926],"rotation":{"angle":-22.5,"axis":"x","origin":[15.04,2.58559,2.47926]},"faces":{"east":{"uv":[0.33333,12.66667,2.4,3.66667],"rotation":90,"texture":"#1"},"west":{"uv":[0.33333,3.66667,2.4,12.66667],"rotation":90,"texture":"#1"}}},{"from":[7.75,4.25,7.5],"to":[8.25,4.75,8.5],"rotation":{"angle":-45,"axis":"x","origin":[8,3.75,8]},"faces":{"east":{"uv":[4,14,4.8,13.6],"texture":"#2"},"west":{"uv":[13.6,5.2,14.4,4.8],"texture":"#2"},"up":{"uv":[14,7.2,13.6,6.4],"texture":"#2"},"down":{"uv":[14,5.6,13.6,6.4],"texture":"#2"}}},{"from":[7.75,2.75,7],"to":[8.25,4.75,7.5],"rotation":{"angle":-45,"axis":"x","origin":[8,3.75,8]},"faces":{"north":{"uv":[11.2,13.6,11.6,12],"texture":"#2"},"east":{"uv":[12,12.8,12.4,11.2],"texture":"#2"},"south":{"uv":[0,14.4,0.4,12.8],"texture":"#2"},"west":{"uv":[0.8,14.4,1.2,12.8],"texture":"#2"},"up":{"uv":[14,10,13.6,9.6],"texture":"#2"},"down":{"uv":[10,13.6,9.6,14],"texture":"#2"}}},{"from":[7.75,2.75,8.5],"to":[8.25,4.75,9],"rotation":{"angle":-45,"axis":"x","origin":[8,3.75,8]},"faces":{"north":{"uv":[4.8,14.4,5.2,12.8],"texture":"#2"},"east":{"uv":[12.8,6.4,13.2,4.8],"texture":"#2"},"south":{"uv":[5.6,14.4,6,12.8],"texture":"#2"},"west":{"uv":[6.4,14.4,6.8,12.8],"texture":"#2"},"up":{"uv":[14,10.8,13.6,10.4],"texture":"#2"},"down":{"uv":[10.8,13.6,10.4,14],"texture":"#2"}}},{"from":[7.25,4.25,7.25],"to":[8.75,5.75,8.75],"rotation":{"angle":45,"axis":"x","origin":[8,5,8]},"faces":{"north":{"uv":[8.8,10,10,8.8],"texture":"#2"},"east":{"uv":[9.6,7.6,10.8,6.4],"texture":"#2"},"south":{"uv":[0,11.6,1.2,10.4],"texture":"#2"},"west":{"uv":[1.6,11.6,2.8,10.4],"texture":"#2"},"up":{"uv":[4.4,11.6,3.2,10.4],"texture":"#2"},"down":{"uv":[11.6,1.6,10.4,2.8],"texture":"#2"}}},{"from":[7.5,4.25,6.75],"to":[8.5,5.75,7.75],"rotation":{"angle":-22.5,"axis":"x","origin":[8,5,7.25]},"faces":{"north":{"uv":[12,6,12.8,4.8],"texture":"#2"},"east":{"uv":[12,9.2,12.8,8],"texture":"#2"},"west":{"uv":[8.8,13.2,9.6,12],"texture":"#2"},"up":{"uv":[13.6,7.2,12.8,6.4],"texture":"#2"},"down":{"uv":[10.4,8,9.6,8.8],"texture":"#2"}}},{"from":[7.5,4.25,8.25],"to":[8.5,5.75,9.25],"rotation":{"angle":22.5,"axis":"x","origin":[8,5,8.75]},"faces":{"east":{"uv":[9.6,13.2,10.4,12],"texture":"#2"},"south":{"uv":[12,10.8,12.8,9.6],"texture":"#2"},"west":{"uv":[10.4,13.2,11.2,12],"texture":"#2"},"up":{"uv":[13.6,8.8,12.8,8],"texture":"#2"},"down":{"uv":[13.6,7.2,12.8,8],"texture":"#2"}}},{"from":[7.4,5,7.4],"to":[8.6,6.5,8.6],"rotation":{"angle":0,"axis":"y","origin":[7.5,5,7.5]},"faces":{"north":{"uv":[12,1.2,13,0],"texture":"#2"},"east":{"uv":[1.6,13.2,2.6,12],"texture":"#2"},"south":{"uv":[12,2.8,13,1.6],"texture":"#2"},"west":{"uv":[3.2,13.2,4.2,12],"texture":"#2"}}},{"from":[7.3,6.5,7.3],"to":[8.7,7,8.7],"rotation":{"angle":0,"axis":"x","origin":[8,6.75,8]},"faces":{"north":{"uv":[12.8,11.6,14,11.2],"texture":"#2"},"east":{"uv":[12,13.2,13.2,12.8],"texture":"#2"},"south":{"uv":[12.8,12.4,14,12],"texture":"#2"},"west":{"uv":[13.6,0.4,14.8,0],"texture":"#2"},"up":{"uv":[11.6,6,10.4,4.8],"texture":"#2"},"down":{"uv":[11.6,3.2,10.4,4.4],"texture":"#2"}}},{"from":[7.5,2.44723,10.06166],"to":[8.5,4.94723,11.06166],"rotation":{"angle":-45,"axis":"x","origin":[8,1.38141,11.02779]},"faces":{"north":{"uv":[4.8,10.8,5.6,8.8],"texture":"#2"},"east":{"uv":[5.6,10.8,6.4,8.8],"texture":"#2"},"south":{"uv":[6.4,10.8,7.2,8.8],"texture":"#2"},"west":{"uv":[8.8,8.4,9.6,6.4],"texture":"#2"},"up":{"uv":[13.6,10.4,12.8,9.6],"texture":"#2"},"down":{"uv":[13.6,8.8,12.8,9.6],"texture":"#2"}}},{"from":[7.565,1.16328,9.8197],"to":[8.435,2.03328,11.9947],"rotation":{"angle":22.5,"axis":"x","origin":[8,1.87,10.4937]},"faces":{"east":{"uv":[12,3.8,13.8,3.2],"texture":"#2"},"south":{"uv":[13.6,3,14.2,2.4],"texture":"#2"},"west":{"uv":[12,4.6,13.8,4],"texture":"#2"},"up":{"uv":[8.6,13.8,8,12],"texture":"#2"},"down":{"uv":[7.8,12,7.2,13.8],"texture":"#2"}}},{"from":[7.75,-0.5344,10.74391],"to":[8.25,0.9656,12.24391],"rotation":{"angle":-45,"axis":"x","origin":[8,1.38141,11.02779]},"faces":{"north":{"uv":[13.6,2,14,0.8],"texture":"#2"},"east":{"uv":[7.2,11.6,8.4,10.4],"texture":"#2"},"south":{"uv":[1.6,14.8,2,13.6],"texture":"#2"},"west":{"uv":[10.4,9.2,11.6,8],"texture":"#2"},"up":{"uv":[3.6,14.8,3.2,13.6],"texture":"#2"},"down":{"uv":[2.8,13.6,2.4,14.8],"texture":"#2"}}},{"from":[7.975,-5,-6],"to":[8.025,4,-3],"rotation":{"angle":-45,"axis":"x","origin":[7.975,16,0]},"faces":{"east":{"uv":[7.2,7.2,4.8,0],"texture":"#2"},"west":{"uv":[4.8,7.2,7.2,0],"texture":"#2"}}},{"from":[7,11,12.75],"to":[9,12,13.75],"rotation":{"angle":45,"axis":"x","origin":[7.5,12,-0.25]},"faces":{"north":{"uv":[11.2,7.2,12.8,6.4],"texture":"#2"},"south":{"uv":[11.2,8,12.8,7.2],"texture":"#2"},"up":{"uv":[1.6,12.8,0,12],"texture":"#2"},"down":{"uv":[12,11.2,10.4,12],"texture":"#2"}}},{"from":[5.5,1.625,8.5],"to":[7,3.125,11],"rotation":{"angle":22.5,"axis":"x","origin":[5.5,3.125,8.5]},"faces":{"north":{"uv":[8.8,11.6,10,10.4],"texture":"#2"},"east":{"uv":[4.8,8.4,6.8,7.2],"texture":"#2"},"south":{"uv":[10.4,10.8,11.6,9.6],"texture":"#2"},"west":{"uv":[8.8,1.2,10.8,0],"texture":"#2"},"up":{"uv":[10,6,8.8,4],"texture":"#2"},"down":{"uv":[10,1.6,8.8,3.6],"texture":"#2"}}},{"from":[5.7,1.825,11],"to":[6.8,2.925,11.5],"rotation":{"angle":22.5,"axis":"x","origin":[5.5,3.125,8.5]},"faces":{"east":{"uv":[13.6,8,14,7.2],"texture":"#2"},"south":{"uv":[12.8,11.2,13.6,10.4],"texture":"#2"},"west":{"uv":[13.6,8.8,14,8],"texture":"#2"},"up":{"uv":[14.4,9.2,13.6,8.8],"texture":"#2"},"down":{"uv":[9.6,13.6,8.8,14],"texture":"#2"}}},{"from":[9,1.625,8.5],"to":[10.5,3.125,11],"rotation":{"angle":22.5,"axis":"x","origin":[10.5,3.125,8.5]},"faces":{"north":{"uv":[10,11.6,8.8,10.4],"texture":"#2"},"east":{"uv":[10.8,1.2,8.8,0],"texture":"#2"},"south":{"uv":[11.6,10.8,10.4,9.6],"texture":"#2"},"west":{"uv":[6.8,8.4,4.8,7.2],"texture":"#2"},"up":{"uv":[8.8,6,10,4],"texture":"#2"},"down":{"uv":[8.8,1.6,10,3.6],"texture":"#2"}}},{"from":[9.2,1.825,11],"to":[10.3,2.925,11.5],"rotation":{"angle":22.5,"axis":"x","origin":[10.5,3.125,8.5]},"faces":{"east":{"uv":[14,8.8,13.6,8],"texture":"#2"},"south":{"uv":[13.6,11.2,12.8,10.4],"texture":"#2"},"west":{"uv":[14,8,13.6,7.2],"texture":"#2"},"up":{"uv":[13.6,9.2,14.4,8.8],"texture":"#2"},"down":{"uv":[8.8,13.6,9.6,14],"texture":"#2"}}},{"from":[6.25,4.66441,14.66926],"to":[6.25,6.34441,22.22926],"rotation":{"angle":22.5,"axis":"x","origin":[0.96,13.41441,2.47926]},"faces":{"east":{"uv":[2.4,12.66667,0.33333,3.66667],"rotation":90,"texture":"#1"},"west":{"uv":[2.4,3.66667,0.33333,12.66667],"rotation":90,"texture":"#1"}}},{"from":[9.75,4.66441,14.66926],"to":[9.75,6.34441,22.22926],"rotation":{"angle":22.5,"axis":"x","origin":[15.04,13.41441,2.47926]},"faces":{"east":{"uv":[2.4,12.66667,0.33333,3.66667],"rotation":90,"texture":"#1"},"west":{"uv":[2.4,3.66667,0.33333,12.66667],"rotation":90,"texture":"#1"}}}],"gui_light":"front","display":{"thirdperson_righthand":{"translation":[0,-2,1]},"thirdperson_lefthand":{"translation":[0,-2,1]},"firstperson_righthand":{"translation":[0,3.75,0]},"firstperson_lefthand":{"translation":[0,3.75,0]},"ground":{"rotation":[45,0,0],"translation":[0,10,0]},"gui":{"rotation":[-90,135,90],"translation":[-1.5,1.5,0],"scale":[0.84375,0.84375,0.84375]},"head":{"rotation":[90,45,90],"scale":[1.5,1.5,1.5]},"fixed":{"rotation":[0,90,0],"translation":[-2,0,-1.5],"scale":[1.7,1.7,1.7]}}}