{"credit":"Made by PolygonMC","texture_size":[40,40],"textures":{"0":"protocalset:chest","1":"protocalset:animations/animations_2","particle":"protocalset:chest"},"elements":[{"from":[3,5.41666,3],"to":[13,6.41666,5],"rotation":{"angle":0,"axis":"y","origin":[3,5.41666,3]},"faces":{"north":{"uv":[10.8,8,14.8,8.4],"texture":"#0"},"east":{"uv":[11.6,4.4,12.4,4.8],"texture":"#0"},"south":{"uv":[10.8,8.4,14.8,8.8],"texture":"#0"},"west":{"uv":[8.4,11.6,9.2,12],"texture":"#0"},"up":{"uv":[6.4,9.6,2.4,8.8],"texture":"#0"},"down":{"uv":[6.4,9.6,2.4,10.4],"texture":"#0"}}},{"from":[3,5.41666,5],"to":[5,6.41666,11],"rotation":{"angle":0,"axis":"y","origin":[5,5.41666,5]},"faces":{"east":{"uv":[10.8,8.8,13.2,9.2],"texture":"#0"},"west":{"uv":[10.8,9.2,13.2,9.6],"texture":"#0"},"up":{"uv":[11.6,2.4,10.8,0],"texture":"#0"},"down":{"uv":[11.6,2.4,10.8,4.8],"texture":"#0"}}},{"from":[4.35355,5.856,3.005],"to":[5.85355,6.856,4.995],"rotation":{"angle":-45,"axis":"z","origin":[5.35355,6.356,4.005]},"faces":{"north":{"uv":[12,6,12.6,6.4],"texture":"#0"},"south":{"uv":[12,6.4,12.6,6.8],"texture":"#0"},"up":{"uv":[7.4,12,6.8,11.2],"texture":"#0"}}},{"from":[3.005,5.856,4.35355],"to":[4.995,6.856,5.85355],"rotation":{"angle":45,"axis":"x","origin":[3.99,6.356,5.35355]},"faces":{"east":{"uv":[12,7.2,12.6,7.6],"texture":"#0"},"west":{"uv":[7.6,12,8.2,12.4],"texture":"#0"},"up":{"uv":[12.4,3.4,11.6,2.8],"texture":"#0"}}},{"from":[3,6.41666,3],"to":[5,7.41666,5],"rotation":{"angle":0,"axis":"y","origin":[4,6.91666,4]},"faces":{"north":{"uv":[9.2,11.6,10,12],"texture":"#0"},"east":{"uv":[10,11.6,10.8,12],"texture":"#0"},"south":{"uv":[10.8,11.6,11.6,12],"texture":"#0"},"west":{"uv":[11.6,11.6,12.4,12],"texture":"#0"},"up":{"uv":[7.2,9.6,6.4,8.8],"texture":"#0"}}},{"from":[10.14645,5.856,3.005],"to":[11.64645,6.856,4.995],"rotation":{"angle":45,"axis":"z","origin":[10.64645,6.356,4.005]},"faces":{"north":{"uv":[12.6,6,12,6.4],"texture":"#0"},"south":{"uv":[12.6,6.4,12,6.8],"texture":"#0"},"up":{"uv":[6.8,12,7.4,11.2],"texture":"#0"}}},{"from":[10.14645,5.856,11.005],"to":[11.64645,6.856,12.995],"rotation":{"angle":45,"axis":"z","origin":[10.64645,6.356,11.995]},"faces":{"north":{"uv":[12,6.4,12.6,6.8],"texture":"#0"},"south":{"uv":[12,6,12.6,6.4],"texture":"#0"},"up":{"uv":[6.8,11.2,7.4,12],"texture":"#0"}}},{"from":[4.35355,5.856,11.005],"to":[5.85355,6.856,12.995],"rotation":{"angle":-45,"axis":"z","origin":[5.35355,6.356,11.995]},"faces":{"north":{"uv":[12.6,6.4,12,6.8],"texture":"#0"},"south":{"uv":[12.6,6,12,6.4],"texture":"#0"},"up":{"uv":[7.4,11.2,6.8,12],"texture":"#0"}}},{"from":[11,6.41666,3],"to":[13,7.41666,5],"rotation":{"angle":0,"axis":"y","origin":[12,6.91666,4]},"faces":{"north":{"uv":[10,11.6,9.2,12],"texture":"#0"},"east":{"uv":[12.4,11.6,11.6,12],"texture":"#0"},"south":{"uv":[11.6,11.6,10.8,12],"texture":"#0"},"west":{"uv":[10.8,11.6,10,12],"texture":"#0"},"up":{"uv":[6.4,9.6,7.2,8.8],"texture":"#0"}}},{"from":[3.005,5.856,10.14645],"to":[4.995,6.856,11.64645],"rotation":{"angle":-45,"axis":"x","origin":[3.99,6.356,10.64645]},"faces":{"east":{"uv":[12.6,7.2,12,7.6],"texture":"#0"},"west":{"uv":[8.2,12,7.6,12.4],"texture":"#0"},"up":{"uv":[12.4,2.8,11.6,3.4],"texture":"#0"}}},{"from":[3,6.41666,11],"to":[5,7.41666,13],"rotation":{"angle":0,"axis":"y","origin":[4,6.91666,12]},"faces":{"north":{"uv":[11.6,11.6,10.8,12],"texture":"#0"},"east":{"uv":[10.8,11.6,10,12],"texture":"#0"},"south":{"uv":[10,11.6,9.2,12],"texture":"#0"},"west":{"uv":[12.4,11.6,11.6,12],"texture":"#0"},"up":{"uv":[7.2,8.8,6.4,9.6],"texture":"#0"}}},{"from":[11,5.41666,5],"to":[13,6.41666,11],"rotation":{"angle":0,"axis":"y","origin":[11,5.41666,5]},"faces":{"east":{"uv":[13.2,9.2,10.8,9.6],"texture":"#0"},"west":{"uv":[13.2,8.8,10.8,9.2],"texture":"#0"},"up":{"uv":[10.8,2.4,11.6,0],"texture":"#0"},"down":{"uv":[10.8,2.4,11.6,4.8],"texture":"#0"}}},{"from":[11.005,5.856,4.35355],"to":[12.995,6.856,5.85355],"rotation":{"angle":45,"axis":"x","origin":[12.01,6.356,5.35355]},"faces":{"east":{"uv":[8.2,12,7.6,12.4],"texture":"#0"},"west":{"uv":[12.6,7.2,12,7.6],"texture":"#0"},"up":{"uv":[11.6,3.4,12.4,2.8],"texture":"#0"}}},{"from":[11.005,5.856,10.14645],"to":[12.995,6.856,11.64645],"rotation":{"angle":-45,"axis":"x","origin":[12.01,6.356,10.64645]},"faces":{"east":{"uv":[7.6,12,8.2,12.4],"texture":"#0"},"west":{"uv":[12,7.2,12.6,7.6],"texture":"#0"},"up":{"uv":[11.6,2.8,12.4,3.4],"texture":"#0"}}},{"from":[11,6.41666,11],"to":[13,7.41666,13],"rotation":{"angle":0,"axis":"y","origin":[12,6.91666,12]},"faces":{"north":{"uv":[10.8,11.6,11.6,12],"texture":"#0"},"east":{"uv":[11.6,11.6,12.4,12],"texture":"#0"},"south":{"uv":[9.2,11.6,10,12],"texture":"#0"},"west":{"uv":[10,11.6,10.8,12],"texture":"#0"},"up":{"uv":[6.4,8.8,7.2,9.6],"texture":"#0"}}},{"from":[3,5.41666,11],"to":[13,6.41666,13],"rotation":{"angle":0,"axis":"y","origin":[3,5.41666,13]},"faces":{"north":{"uv":[14.8,8.4,10.8,8.8],"texture":"#0"},"east":{"uv":[12.4,4.4,11.6,4.8],"texture":"#0"},"south":{"uv":[14.8,8,10.8,8.4],"texture":"#0"},"west":{"uv":[9.2,11.6,8.4,12],"texture":"#0"},"up":{"uv":[6.4,8.8,2.4,9.6],"texture":"#0"},"down":{"uv":[6.4,10.4,2.4,9.6],"texture":"#0"}}},{"from":[3.5,5.91666,3.5],"to":[12.5,9.41666,12.5],"rotation":{"angle":0,"axis":"y","origin":[4,5.91666,4]},"faces":{"north":{"uv":[0,7.2,3.6,8.6],"texture":"#0"},"east":{"uv":[7.2,0,10.8,1.4],"texture":"#0"},"south":{"uv":[7.2,1.6,10.8,3],"texture":"#0"},"west":{"uv":[7.2,3.2,10.8,4.6],"texture":"#0"},"up":{"uv":[3.6,3.6,0,0],"texture":"#0"},"down":{"uv":[3.6,3.6,0,7.2],"texture":"#0"}}},{"from":[3.5,9.41666,3.5],"to":[12.5,12.91666,12.5],"rotation":{"angle":0,"axis":"y","origin":[4,9.41666,4]},"faces":{"north":{"uv":[3.6,7.2,7.2,8.6],"texture":"#0"},"east":{"uv":[7.2,4.8,10.8,6.2],"texture":"#0"},"south":{"uv":[7.2,6.4,10.8,7.8],"texture":"#0"},"west":{"uv":[7.2,8,10.8,9.4],"texture":"#0"},"up":{"uv":[7.2,3.6,3.6,0],"texture":"#0"},"down":{"uv":[7.2,3.6,3.6,7.2],"texture":"#0"}}},{"from":[3,11.41666,3],"to":[13,13.41666,5],"rotation":{"angle":0,"axis":"y","origin":[3,12.41666,3]},"faces":{"north":{"uv":[6.4,9.6,10.4,10.4],"texture":"#0"},"east":{"uv":[5.2,11.2,6,12],"texture":"#0"},"south":{"uv":[0,10.4,4,11.2],"texture":"#0"},"west":{"uv":[6,11.2,6.8,12],"texture":"#0"},"up":{"uv":[8,11.2,4,10.4],"texture":"#0"},"down":{"uv":[12,10.4,8,11.2],"texture":"#0"}}},{"from":[3,10.41666,3],"to":[5,11.41666,5],"rotation":{"angle":0,"axis":"y","origin":[4,10.91666,4]},"faces":{"north":{"uv":[12,2,12.8,2.4],"texture":"#0"},"east":{"uv":[12,2.4,12.8,2.8],"texture":"#0"},"south":{"uv":[4.4,12,5.2,12.4],"texture":"#0"},"west":{"uv":[5.2,12,6,12.4],"texture":"#0"},"down":{"uv":[5.2,11.2,4.4,12],"texture":"#0"}}},{"from":[4.35355,10.97732,3.005],"to":[5.85355,11.97732,4.995],"rotation":{"angle":45,"axis":"z","origin":[5.35355,11.47732,4.005]},"faces":{"north":{"uv":[6.8,12,7.4,12.4],"texture":"#0"},"south":{"uv":[12,6.8,12.6,7.2],"texture":"#0"},"down":{"uv":[8.2,11.2,7.6,12],"texture":"#0"}}},{"from":[11,10.41666,3],"to":[13,11.41666,5],"rotation":{"angle":0,"axis":"y","origin":[12,10.91666,4]},"faces":{"north":{"uv":[12.8,2,12,2.4],"texture":"#0"},"east":{"uv":[6,12,5.2,12.4],"texture":"#0"},"south":{"uv":[5.2,12,4.4,12.4],"texture":"#0"},"west":{"uv":[12.8,2.4,12,2.8],"texture":"#0"},"down":{"uv":[4.4,11.2,5.2,12],"texture":"#0"}}},{"from":[10.14645,10.97732,3.005],"to":[11.64645,11.97732,4.995],"rotation":{"angle":-45,"axis":"z","origin":[10.64645,11.47732,4.005]},"faces":{"north":{"uv":[7.4,12,6.8,12.4],"texture":"#0"},"south":{"uv":[12.6,6.8,12,7.2],"texture":"#0"},"down":{"uv":[7.6,11.2,8.2,12],"texture":"#0"}}},{"from":[3,11.41666,11],"to":[13,13.41666,13],"rotation":{"angle":0,"axis":"y","origin":[3,12.41666,13]},"faces":{"north":{"uv":[4,10.4,0,11.2],"texture":"#0"},"east":{"uv":[6,11.2,5.2,12],"texture":"#0"},"south":{"uv":[10.4,9.6,6.4,10.4],"texture":"#0"},"west":{"uv":[6.8,11.2,6,12],"texture":"#0"},"up":{"uv":[8,10.4,4,11.2],"texture":"#0"},"down":{"uv":[12,11.2,8,10.4],"texture":"#0"}}},{"from":[11,10.41666,11],"to":[13,11.41666,13],"rotation":{"angle":0,"axis":"y","origin":[12,10.91666,12]},"faces":{"north":{"uv":[4.4,12,5.2,12.4],"texture":"#0"},"east":{"uv":[5.2,12,6,12.4],"texture":"#0"},"south":{"uv":[12,2,12.8,2.4],"texture":"#0"},"west":{"uv":[12,2.4,12.8,2.8],"texture":"#0"},"down":{"uv":[4.4,12,5.2,11.2],"texture":"#0"}}},{"from":[10.14645,10.97732,11.005],"to":[11.64645,11.97732,12.995],"rotation":{"angle":-45,"axis":"z","origin":[10.64645,11.47732,11.995]},"faces":{"north":{"uv":[12,6.8,12.6,7.2],"texture":"#0"},"south":{"uv":[6.8,12,7.4,12.4],"texture":"#0"},"down":{"uv":[7.6,12,8.2,11.2],"texture":"#0"}}},{"from":[4.35355,10.97732,11.005],"to":[5.85355,11.97732,12.995],"rotation":{"angle":45,"axis":"z","origin":[5.35355,11.47732,11.995]},"faces":{"north":{"uv":[12.6,6.8,12,7.2],"texture":"#0"},"south":{"uv":[7.4,12,6.8,12.4],"texture":"#0"},"down":{"uv":[8.2,12,7.6,11.2],"texture":"#0"}}},{"from":[3,10.41666,11],"to":[5,11.41666,13],"rotation":{"angle":0,"axis":"y","origin":[4,10.91666,12]},"faces":{"north":{"uv":[5.2,12,4.4,12.4],"texture":"#0"},"east":{"uv":[12.8,2.4,12,2.8],"texture":"#0"},"south":{"uv":[12.8,2,12,2.4],"texture":"#0"},"west":{"uv":[6,12,5.2,12.4],"texture":"#0"},"down":{"uv":[5.2,12,4.4,11.2],"texture":"#0"}}},{"from":[3,11.41666,5],"to":[5,13.41666,11],"rotation":{"angle":0,"axis":"y","origin":[5,12.41666,5]},"faces":{"east":{"uv":[10.4,9.6,12.8,10.4],"texture":"#0"},"west":{"uv":[10.8,4.8,13.2,5.6],"texture":"#0"},"up":{"uv":[11.6,8,10.8,5.6],"texture":"#0"},"down":{"uv":[0.8,11.2,0,13.6],"texture":"#0"}}},{"from":[11,11.41666,5],"to":[13,13.41666,11],"rotation":{"angle":0,"axis":"y","origin":[11,12.41666,5]},"faces":{"east":{"uv":[13.2,4.8,10.8,5.6],"texture":"#0"},"west":{"uv":[12.8,9.6,10.4,10.4],"texture":"#0"},"up":{"uv":[10.8,8,11.6,5.6],"texture":"#0"},"down":{"uv":[0,11.2,0.8,13.6],"texture":"#0"}}},{"from":[11.005,10.97732,10.14645],"to":[12.995,11.97732,11.64645],"rotation":{"angle":45,"axis":"x","origin":[11.995,11.47732,10.64645]},"faces":{"east":{"uv":[7.4,12,6.8,12.4],"texture":"#0"},"west":{"uv":[12.6,6.8,12,7.2],"texture":"#0"},"down":{"uv":[7.6,11.2,8.2,12],"rotation":270,"texture":"#0"}}},{"from":[11.005,10.97732,4.35355],"to":[12.995,11.97732,5.85355],"rotation":{"angle":-45,"axis":"x","origin":[11.995,11.47732,5.35355]},"faces":{"east":{"uv":[6.8,12,7.4,12.4],"texture":"#0"},"west":{"uv":[12,6.8,12.6,7.2],"texture":"#0"},"down":{"uv":[8.2,11.2,7.6,12],"rotation":270,"texture":"#0"}}},{"from":[3.005,10.97732,10.14645],"to":[4.995,11.97732,11.64645],"rotation":{"angle":45,"axis":"x","origin":[4.005,11.47732,10.64645]},"faces":{"east":{"uv":[12,6.8,12.6,7.2],"texture":"#0"},"west":{"uv":[6.8,12,7.4,12.4],"texture":"#0"},"down":{"uv":[7.6,12,8.2,11.2],"rotation":270,"texture":"#0"}}},{"from":[3.005,10.97732,4.35355],"to":[4.995,11.97732,5.85355],"rotation":{"angle":-45,"axis":"x","origin":[4.005,11.47732,5.35355]},"faces":{"east":{"uv":[12.6,6.8,12,7.2],"texture":"#0"},"west":{"uv":[7.4,12,6.8,12.4],"texture":"#0"},"down":{"uv":[8.2,12,7.6,11.2],"rotation":270,"texture":"#0"}}},{"from":[3,7.91666,7],"to":[4,10.41666,9],"rotation":{"angle":0,"axis":"x","origin":[8,8.91666,8]},"faces":{"north":{"uv":[11.6,5.6,12,6.6],"texture":"#0"},"east":{"uv":[2.8,11.2,3.6,12.2],"texture":"#0"},"south":{"uv":[11.6,6.8,12,7.8],"texture":"#0"},"west":{"uv":[3.6,11.2,4.4,12.2],"texture":"#0"},"up":{"uv":[12.4,1.2,12,0.4],"texture":"#0"},"down":{"uv":[12.4,1.2,12,2],"texture":"#0"}}},{"from":[12,7.91666,7],"to":[13,10.41666,9],"rotation":{"angle":0,"axis":"x","origin":[8,8.91666,8]},"faces":{"north":{"uv":[12,5.6,11.6,6.6],"texture":"#0"},"east":{"uv":[4.4,11.2,3.6,12.2],"texture":"#0"},"south":{"uv":[12,6.8,11.6,7.8],"texture":"#0"},"west":{"uv":[3.6,11.2,2.8,12.2],"texture":"#0"},"up":{"uv":[12,1.2,12.4,0.4],"texture":"#0"},"down":{"uv":[12,1.2,12.4,2],"texture":"#0"}}},{"from":[6.5,12.91666,6.5],"to":[9.5,13.91666,9.5],"rotation":{"angle":0,"axis":"y","origin":[8,13.41666,8]},"faces":{"north":{"uv":[8.4,11.2,9.6,11.6],"texture":"#0"},"east":{"uv":[9.6,11.2,10.8,11.6],"texture":"#0"},"south":{"uv":[10.8,11.2,12,11.6],"texture":"#0"},"west":{"uv":[11.6,0,12.8,0.4],"texture":"#0"},"up":{"uv":[2,12.4,0.8,11.2],"texture":"#0"}}},{"from":[7,7.41666,2.5],"to":[9,10.41666,3.5],"rotation":{"angle":0,"axis":"y","origin":[7,7.91666,2.5]},"faces":{"north":{"uv":[2,11.2,2.8,12.4],"texture":"#0"},"east":{"uv":[11.6,0.4,12,1.6],"texture":"#0"},"south":{"uv":[2,12.4,2.8,13.6],"texture":"#0"},"west":{"uv":[11.6,1.6,12,2.8],"texture":"#0"},"up":{"uv":[12.8,6,12,5.6],"texture":"#0"},"down":{"uv":[6.8,12,6,12.4],"texture":"#0"}}},{"from":[5.25,12.91666,5.25],"to":[10.75,16.66666,5.3],"rotation":{"angle":0,"axis":"y","origin":[5,12.91666,5.25]},"faces":{"north":{"uv":[0,14.4,2.4,16],"texture":"#0"},"south":{"uv":[0,14.4,2.4,16],"texture":"#0"}}},{"from":[5.25,12.91666,10.7],"to":[10.75,16.66666,10.75],"rotation":{"angle":0,"axis":"y","origin":[5,12.91666,10.75]},"faces":{"north":{"uv":[2.4,14.4,0,16],"texture":"#0"},"south":{"uv":[2.4,14.4,0,16],"texture":"#0"}}},{"from":[10.7,12.91666,5.25],"to":[10.75,16.66666,10.75],"rotation":{"angle":0,"axis":"y","origin":[8,14.79166,8]},"faces":{"east":{"uv":[2.4,14.4,0,16],"texture":"#0"},"west":{"uv":[2.4,14.4,0,16],"texture":"#0"}}},{"from":[5.25,12.91666,5.25],"to":[5.3,16.66666,10.75],"rotation":{"angle":0,"axis":"y","origin":[8,14.79166,8]},"faces":{"east":{"uv":[0,14.4,2.4,16],"texture":"#0"},"west":{"uv":[0,14.4,2.4,16],"texture":"#0"}}},{"from":[2.25,4.41666,1.6],"to":[4.25,6.41666,3.6],"rotation":{"angle":22.5,"axis":"x","origin":[3.25,4.79166,2.6]},"faces":{"north":{"uv":[13.3,0,14.1,0.8],"texture":"#0"},"east":{"uv":[13.3,0,14.1,0.8],"texture":"#0"},"south":{"uv":[13.3,0,14.1,0.8],"texture":"#0"},"west":{"uv":[13.3,0,14.1,0.8],"texture":"#0"},"up":{"uv":[14.1,0,14.9,0.8],"texture":"#0"},"down":{"uv":[14.9,0,15.7,0.8],"texture":"#0"}}},{"from":[2.5,3.91666,1.85],"to":[4,4.41666,3.35],"rotation":{"angle":22.5,"axis":"x","origin":[3.25,4.79166,2.6]},"faces":{"north":{"uv":[14.9,1.8,15.5,2],"texture":"#0"},"east":{"uv":[14.9,1.8,15.5,2],"texture":"#0"},"south":{"uv":[14.9,1.8,15.5,2],"texture":"#0"},"west":{"uv":[14.9,1.8,15.5,2],"texture":"#0"},"up":{"uv":[13.3,0,13.3,0],"texture":"#0"},"down":{"uv":[14.9,1.1,15.5,1.7],"texture":"#0"}}},{"from":[3.225,-1.88405,0.09807],"to":[3.275,4.11595,2.09807],"rotation":{"angle":22.5,"axis":"x","origin":[2.525,1.11595,1.34807]},"faces":{"east":{"uv":[2.5,4.93333,0.23333,12.66667],"rotation":180,"texture":"#1"},"west":{"uv":[0.23333,4.93333,2.5,12.66667],"rotation":180,"texture":"#1"}}},{"from":[2.25,-1.78405,1.07307],"to":[4.25,4.21595,1.12307],"rotation":{"angle":22.5,"axis":"x","origin":[3.25,1.11595,1.09807]},"faces":{"north":{"uv":[2.5,4.93333,0.23333,12.66667],"rotation":180,"texture":"#1"},"south":{"uv":[0.23333,4.93333,2.5,12.66667],"rotation":180,"texture":"#1"}}},{"from":[11.75,4.41666,1.6],"to":[13.75,6.41666,3.6],"rotation":{"angle":22.5,"axis":"x","origin":[12.75,4.79166,2.6]},"faces":{"north":{"uv":[14.1,0,13.3,0.8],"texture":"#0"},"east":{"uv":[14.1,0,13.3,0.8],"texture":"#0"},"south":{"uv":[14.1,0,13.3,0.8],"texture":"#0"},"west":{"uv":[14.1,0,13.3,0.8],"texture":"#0"},"up":{"uv":[14.9,0,14.1,0.8],"texture":"#0"},"down":{"uv":[15.7,0,14.9,0.8],"texture":"#0"}}},{"from":[12,3.91666,1.85],"to":[13.5,4.41666,3.35],"rotation":{"angle":22.5,"axis":"x","origin":[12.75,4.79166,2.6]},"faces":{"north":{"uv":[15.5,1.8,14.9,2],"texture":"#0"},"east":{"uv":[15.5,1.8,14.9,2],"texture":"#0"},"south":{"uv":[15.5,1.8,14.9,2],"texture":"#0"},"west":{"uv":[15.5,1.8,14.9,2],"texture":"#0"},"up":{"uv":[13.3,0,13.3,0],"texture":"#0"},"down":{"uv":[15.5,1.1,14.9,1.7],"texture":"#0"}}},{"from":[12.725,-1.88405,0.09807],"to":[12.775,4.11595,2.09807],"rotation":{"angle":22.5,"axis":"x","origin":[13.475,1.11595,1.34807]},"faces":{"east":{"uv":[2.5,4.93333,0.23333,12.66667],"rotation":180,"texture":"#1"},"west":{"uv":[0.23333,4.93333,2.5,12.66667],"rotation":180,"texture":"#1"}}},{"from":[11.75,-1.78405,1.07307],"to":[13.75,4.21595,1.12307],"rotation":{"angle":22.5,"axis":"x","origin":[12.75,1.11595,1.09807]},"faces":{"north":{"uv":[0.23333,4.93333,2.5,12.66667],"rotation":180,"texture":"#1"},"south":{"uv":[2.5,4.93333,0.23333,12.66667],"rotation":180,"texture":"#1"}}},{"from":[2.25,4.41666,12.4],"to":[4.25,6.41666,14.4],"rotation":{"angle":-22.5,"axis":"x","origin":[3.25,4.79166,13.4]},"faces":{"north":{"uv":[14.1,0,13.3,0.8],"texture":"#0"},"east":{"uv":[14.1,0,13.3,0.8],"texture":"#0"},"south":{"uv":[14.1,0,13.3,0.8],"texture":"#0"},"west":{"uv":[14.1,0,13.3,0.8],"texture":"#0"},"up":{"uv":[14.1,0.8,14.9,0],"texture":"#0"},"down":{"uv":[14.9,0.8,15.7,0],"texture":"#0"}}},{"from":[2.5,3.91666,12.65],"to":[4,4.41666,14.15],"rotation":{"angle":-22.5,"axis":"x","origin":[3.25,4.79166,13.4]},"faces":{"north":{"uv":[15.5,1.8,14.9,2],"texture":"#0"},"east":{"uv":[15.5,1.8,14.9,2],"texture":"#0"},"south":{"uv":[15.5,1.8,14.9,2],"texture":"#0"},"west":{"uv":[15.5,1.8,14.9,2],"texture":"#0"},"up":{"uv":[13.3,0,13.3,0],"texture":"#0"},"down":{"uv":[14.9,1.7,15.5,1.1],"texture":"#0"}}},{"from":[3.225,-1.88405,13.90193],"to":[3.275,4.11595,15.90193],"rotation":{"angle":-22.5,"axis":"x","origin":[2.525,1.11595,14.65193]},"faces":{"east":{"uv":[0.23333,4.93333,2.5,12.66667],"rotation":180,"texture":"#1"},"west":{"uv":[2.5,4.93333,0.23333,12.66667],"rotation":180,"texture":"#1"}}},{"from":[2.25,-1.78405,14.87693],"to":[4.25,4.21595,14.92693],"rotation":{"angle":-22.5,"axis":"x","origin":[3.25,1.11595,14.90193]},"faces":{"north":{"uv":[2.5,4.93333,0.23333,12.66667],"rotation":180,"texture":"#1"},"south":{"uv":[0.23333,4.93333,2.5,12.66667],"rotation":180,"texture":"#1"}}},{"from":[11.75,-1.78405,14.87693],"to":[13.75,4.21595,14.92693],"rotation":{"angle":-22.5,"axis":"x","origin":[12.75,1.11595,14.90193]},"faces":{"north":{"uv":[0.23333,4.93333,2.5,12.66667],"rotation":180,"texture":"#1"},"south":{"uv":[2.5,4.93333,0.23333,12.66667],"rotation":180,"texture":"#1"}}},{"from":[12.725,-1.88405,13.90193],"to":[12.775,4.11595,15.90193],"rotation":{"angle":-22.5,"axis":"x","origin":[13.475,1.11595,14.65193]},"faces":{"east":{"uv":[0.23333,4.93333,2.5,12.66667],"rotation":180,"texture":"#1"},"west":{"uv":[2.5,4.93333,0.23333,12.66667],"rotation":180,"texture":"#1"}}},{"from":[12,3.91666,12.65],"to":[13.5,4.41666,14.15],"rotation":{"angle":-22.5,"axis":"x","origin":[12.75,4.79166,13.4]},"faces":{"north":{"uv":[14.9,1.8,15.5,2],"texture":"#0"},"east":{"uv":[14.9,1.8,15.5,2],"texture":"#0"},"south":{"uv":[14.9,1.8,15.5,2],"texture":"#0"},"west":{"uv":[14.9,1.8,15.5,2],"texture":"#0"},"up":{"uv":[13.3,0,13.3,0],"texture":"#0"},"down":{"uv":[15.5,1.7,14.9,1.1],"texture":"#0"}}},{"from":[11.75,4.41666,12.4],"to":[13.75,6.41666,14.4],"rotation":{"angle":-22.5,"axis":"x","origin":[12.75,4.79166,13.4]},"faces":{"north":{"uv":[13.3,0,14.1,0.8],"texture":"#0"},"east":{"uv":[13.3,0,14.1,0.8],"texture":"#0"},"south":{"uv":[13.3,0,14.1,0.8],"texture":"#0"},"west":{"uv":[13.3,0,14.1,0.8],"texture":"#0"},"up":{"uv":[14.9,0.8,14.1,0],"texture":"#0"},"down":{"uv":[15.7,0.8,14.9,0],"texture":"#0"}}}],"gui_light":"front","display":{"thirdperson_righthand":{"rotation":[64.5,0,0],"translation":[0,2,0],"scale":[0.53711,0.53711,0.53711]},"thirdperson_lefthand":{"rotation":[64.5,0,0],"translation":[0,2,0],"scale":[0.53711,0.53711,0.53711]},"firstperson_righthand":{"rotation":[169,0,-180],"translation":[-1.75,3,0],"scale":[0.8418,0.8418,0.8418]},"firstperson_lefthand":{"rotation":[169,0,-180],"translation":[-1.75,3,0],"scale":[0.8418,0.8418,0.8418]},"ground":{"translation":[0,11,0]},"gui":{"rotation":[0,135,0],"translation":[0,0.25,0]},"head":{"rotation":[0,180,0],"translation":[0,-29.25,0],"scale":[2.13672,2.13672,2.13672]},"fixed":{"rotation":[-90,0,0],"translation":[0,0,-19.25],"scale":[2.43359,2.43359,2.43359]}}}