{"credit":"Made by PolygonMC","texture_size":[8,8],"textures":{"2":"protocalset:animations/animations_4","3":"protocalset:animations/animations_3","5":"protocalset:hammer","particle":"protocalset:animations/animations_4"},"elements":[{"from":[7.75,0,7.5],"to":[8.25,0.5,8.5],"rotation":{"angle":-45,"axis":"x","origin":[8,1,8]},"faces":{"east":{"uv":[2.85714,13.71429,3.42857,14],"texture":"#5"},"west":{"uv":[13.71429,2.85714,14.28571,3.14286],"texture":"#5"},"up":{"uv":[3.71429,14.28571,3.42857,13.71429],"texture":"#5"},"down":{"uv":[14,4,13.71429,4.57143],"texture":"#5"}}},{"from":[7.75,1.5,7.5],"to":[8.25,2,8.5],"rotation":{"angle":-45,"axis":"x","origin":[8,1,8]},"faces":{"east":{"uv":[4.57143,13.71429,5.14286,14],"texture":"#5"},"west":{"uv":[13.71429,4.57143,14.28571,4.85714],"texture":"#5"},"up":{"uv":[5.42857,14.28571,5.14286,13.71429],"texture":"#5"},"down":{"uv":[14,5.14286,13.71429,5.71429],"texture":"#5"}}},{"from":[7.75,0,7],"to":[8.25,2,7.5],"rotation":{"angle":-45,"axis":"x","origin":[8,1,8]},"faces":{"north":{"uv":[10.85714,12.57143,11.14286,13.71429],"texture":"#5"},"east":{"uv":[12.57143,10.85714,12.85714,12],"texture":"#5"},"south":{"uv":[12.57143,12,12.85714,13.14286],"texture":"#5"},"west":{"uv":[13.14286,0,13.42857,1.14286],"texture":"#5"},"up":{"uv":[14,6,13.71429,5.71429],"texture":"#5"},"down":{"uv":[14,6.28571,13.71429,6.57143],"texture":"#5"}}},{"from":[7.75,0,8.5],"to":[8.25,2,9],"rotation":{"angle":-45,"axis":"x","origin":[8,1,8]},"faces":{"north":{"uv":[1.71429,13.14286,2,14.28571],"texture":"#5"},"east":{"uv":[2.28571,13.14286,2.57143,14.28571],"texture":"#5"},"south":{"uv":[13.14286,2.28571,13.42857,3.42857],"texture":"#5"},"west":{"uv":[4,13.14286,4.28571,14.28571],"texture":"#5"},"up":{"uv":[14,7.14286,13.71429,6.85714],"texture":"#5"},"down":{"uv":[14,7.42857,13.71429,7.71429],"texture":"#5"}}},{"from":[7.25,1.5,7.25],"to":[8.75,3,8.75],"rotation":{"angle":45,"axis":"x","origin":[8,2.25,8]},"faces":{"north":{"uv":[10.28571,8,11.14286,8.85714],"texture":"#5"},"east":{"uv":[10.28571,9.14286,11.14286,10],"texture":"#5"},"south":{"uv":[10.28571,10.28571,11.14286,11.14286],"texture":"#5"},"west":{"uv":[10.85714,0,11.71429,0.85714],"texture":"#5"},"up":{"uv":[2,11.71429,1.14286,10.85714],"texture":"#5"},"down":{"uv":[11.71429,1.14286,10.85714,2],"texture":"#5"}}},{"from":[7.5,1.5,6.75],"to":[8.5,3,7.75],"rotation":{"angle":-22.5,"axis":"x","origin":[8,2.25,7.25]},"faces":{"north":{"uv":[12,10.85714,12.57143,11.71429],"texture":"#5"},"east":{"uv":[11.42857,12,12,12.85714],"texture":"#5"},"west":{"uv":[12,12,12.57143,12.85714],"texture":"#5"},"up":{"uv":[5.14286,7.42857,4.57143,6.85714],"texture":"#5"},"down":{"uv":[10.28571,4,9.71429,4.57143],"texture":"#5"}}},{"from":[7.5,1.5,8.25],"to":[8.5,3,9.25],"rotation":{"angle":22.5,"axis":"x","origin":[8,2.25,8.75]},"faces":{"east":{"uv":[0,12.57143,0.57143,13.42857],"texture":"#5"},"south":{"uv":[12.57143,0,13.14286,0.85714],"texture":"#5"},"west":{"uv":[0.57143,12.57143,1.14286,13.42857],"texture":"#5"},"up":{"uv":[6.85714,10.85714,6.28571,10.28571],"texture":"#5"},"down":{"uv":[10.85714,6.28571,10.28571,6.85714],"texture":"#5"}}},{"from":[7.4,2.25,7.4],"to":[8.6,3.75,8.6],"rotation":{"angle":0,"axis":"y","origin":[7.5,2.25,7.5]},"faces":{"north":{"uv":[4,12,4.71429,12.85714],"texture":"#5"},"east":{"uv":[12,4,12.71429,4.85714],"texture":"#5"},"south":{"uv":[5.14286,12,5.85714,12.85714],"texture":"#5"},"west":{"uv":[12,5.14286,12.71429,6],"texture":"#5"}}},{"from":[7.5,4.25,7.5],"to":[8.5,6.25,8.5],"rotation":{"angle":0,"axis":"y","origin":[7.5,4.25,7.5]},"faces":{"north":{"uv":[2.28571,5.71429,2.85714,6.85714],"texture":"#5"},"east":{"uv":[11.42857,8.57143,12,9.71429],"texture":"#5"},"south":{"uv":[9.71429,11.42857,10.28571,12.57143],"texture":"#5"},"west":{"uv":[11.42857,9.71429,12,10.85714],"texture":"#5"}}},{"from":[7.3,3.75,7.3],"to":[8.7,4.25,8.7],"rotation":{"angle":0,"axis":"y","origin":[7.5,3.75,7.5]},"faces":{"north":{"uv":[13.14286,8.57143,14,8.85714],"texture":"#5"},"east":{"uv":[13.14286,9.14286,14,9.42857],"texture":"#5"},"south":{"uv":[13.14286,9.71429,14,10],"texture":"#5"},"west":{"uv":[13.14286,10.28571,14,10.57143],"texture":"#5"},"up":{"uv":[11.71429,3.14286,10.85714,2.28571],"texture":"#5"},"down":{"uv":[11.71429,3.42857,10.85714,4.28571],"texture":"#5"}}},{"from":[7.4,6.75,7.4],"to":[8.6,8.25,8.6],"rotation":{"angle":0,"axis":"y","origin":[7.5,8.25,7.5]},"faces":{"north":{"uv":[6.28571,12,7,12.85714],"texture":"#5"},"east":{"uv":[12,6.28571,12.71429,7.14286],"texture":"#5"},"south":{"uv":[7.42857,12,8.14286,12.85714],"texture":"#5"},"west":{"uv":[12,8.57143,12.71429,9.42857],"texture":"#5"}}},{"from":[7.3,6.25,7.3],"to":[8.7,6.75,8.7],"rotation":{"angle":0,"axis":"x","origin":[8,6.5,8]},"faces":{"north":{"uv":[13.14286,10.85714,14,11.14286],"texture":"#5"},"east":{"uv":[11.42857,13.14286,12.28571,13.42857],"texture":"#5"},"south":{"uv":[13.14286,11.42857,14,11.71429],"texture":"#5"},"west":{"uv":[13.14286,12,14,12.28571],"texture":"#5"},"up":{"uv":[11.71429,5.42857,10.85714,4.57143],"texture":"#5"},"down":{"uv":[7.14286,10.85714,6.28571,11.71429],"texture":"#5"}}},{"from":[7.5,8.75,7.5],"to":[8.5,10.75,8.5],"rotation":{"angle":0,"axis":"y","origin":[7.5,8.75,7.5]},"faces":{"north":{"uv":[10.28571,11.42857,10.85714,12.57143],"texture":"#5"},"east":{"uv":[10.85714,11.42857,11.42857,12.57143],"texture":"#5"},"south":{"uv":[11.42857,10.85714,12,12],"texture":"#5"},"west":{"uv":[12,0,12.57143,1.14286],"texture":"#5"}}},{"from":[7.3,8.25,7.3],"to":[8.7,8.75,8.7],"rotation":{"angle":0,"axis":"y","origin":[7.5,8.25,7.5]},"faces":{"north":{"uv":[12.57143,13.14286,13.42857,13.42857],"texture":"#5"},"east":{"uv":[13.14286,12.57143,14,12.85714],"texture":"#5"},"south":{"uv":[0,13.71429,0.85714,14],"texture":"#5"},"west":{"uv":[13.71429,0,14.57143,0.28571],"texture":"#5"},"up":{"uv":[11.71429,7.14286,10.85714,6.28571],"texture":"#5"},"down":{"uv":[8.28571,10.85714,7.42857,11.71429],"texture":"#5"}}},{"from":[7.3,10.75,7.3],"to":[8.7,11.25,8.7],"rotation":{"angle":0,"axis":"x","origin":[8,11,8]},"faces":{"north":{"uv":[13.71429,0.57143,14.57143,0.85714],"texture":"#5"},"east":{"uv":[13.71429,1.14286,14.57143,1.42857],"texture":"#5"},"south":{"uv":[13.71429,1.71429,14.57143,2],"texture":"#5"},"west":{"uv":[13.71429,2.28571,14.57143,2.57143],"texture":"#5"},"up":{"uv":[0.85714,12.28571,0,11.42857],"texture":"#5"},"down":{"uv":[12.28571,7.42857,11.42857,8.28571],"texture":"#5"}}},{"from":[7.25,16.25,7.25],"to":[8.75,17.25,8.75],"rotation":{"angle":0,"axis":"y","origin":[7.25,16.25,7.25]},"faces":{"north":{"uv":[8.57143,2.85714,9.42857,3.42857],"texture":"#5"},"east":{"uv":[12.57143,1.14286,13.42857,1.71429],"texture":"#5"},"south":{"uv":[1.71429,12.57143,2.57143,13.14286],"texture":"#5"},"west":{"uv":[12.57143,1.71429,13.42857,2.28571],"texture":"#5"},"down":{"uv":[9.42857,11.42857,8.57143,12.28571],"texture":"#5"}}},{"from":[7.5,15.75,7],"to":[8.5,18.75,8],"rotation":{"angle":-22.5,"axis":"x","origin":[7.5,15.75,6]},"faces":{"north":{"uv":[9.71429,8,10.28571,9.71429],"texture":"#5"},"east":{"uv":[9.14286,9.71429,9.71429,11.42857],"texture":"#5"},"south":{"uv":[9.71429,9.71429,10.28571,11.42857],"texture":"#5"},"west":{"uv":[10.28571,1.14286,10.85714,2.85714],"texture":"#5"},"down":{"uv":[11.42857,7.42857,10.85714,8],"texture":"#5"}}},{"from":[7.495,18.11143,6.69004],"to":[8.505,19.61143,7.69004],"rotation":{"angle":45,"axis":"x","origin":[7.995,19.61143,7.19004]},"faces":{"north":{"uv":[12.57143,2.28571,13.14286,3.14286],"texture":"#5"},"east":{"uv":[2.85714,12.57143,3.42857,13.42857],"texture":"#5"},"south":{"uv":[3.42857,12.57143,4,13.42857],"texture":"#5"},"west":{"uv":[12.57143,7.42857,13.14286,8.28571],"texture":"#5"},"up":{"uv":[9.14286,11.42857,8.57143,10.85714],"texture":"#5"},"down":{"uv":[13.71429,4,13.14286,4.57143],"texture":"#5"}}},{"from":[7.495,18.11143,8.30996],"to":[8.505,19.61143,9.30996],"rotation":{"angle":-45,"axis":"x","origin":[7.995,19.61143,8.80996]},"faces":{"north":{"uv":[8.57143,12.57143,9.14286,13.42857],"texture":"#5"},"east":{"uv":[9.14286,12.57143,9.71429,13.42857],"texture":"#5"},"south":{"uv":[9.71429,12.57143,10.28571,13.42857],"texture":"#5"},"west":{"uv":[10.28571,12.57143,10.85714,13.42857],"texture":"#5"},"up":{"uv":[5.14286,13.71429,4.57143,13.14286],"texture":"#5"},"down":{"uv":[13.71429,4.57143,13.14286,5.14286],"texture":"#5"}}},{"from":[7.5,15.75,8],"to":[8.5,18.75,9],"rotation":{"angle":22.5,"axis":"x","origin":[7.5,15.75,10]},"faces":{"north":{"uv":[3.42857,10.28571,4,12],"texture":"#5"},"east":{"uv":[4,10.28571,4.57143,12],"texture":"#5"},"south":{"uv":[10.28571,4,10.85714,5.71429],"texture":"#5"},"west":{"uv":[4.57143,10.28571,5.14286,12],"texture":"#5"},"down":{"uv":[5.71429,13.14286,5.14286,13.71429],"texture":"#5"}}},{"from":[7,16.5,8],"to":[9,18.5,10],"rotation":{"angle":-45,"axis":"x","origin":[7,16.5,8]},"faces":{"north":{"uv":[3.42857,9.14286,4.57143,10.28571],"texture":"#5"},"east":{"uv":[4.57143,9.14286,5.71429,10.28571],"texture":"#5"},"south":{"uv":[9.14286,4.57143,10.28571,5.71429],"texture":"#5"},"west":{"uv":[5.71429,9.14286,6.85714,10.28571],"texture":"#5"},"up":{"uv":[10.28571,6.85714,9.14286,5.71429],"texture":"#5"},"down":{"uv":[10.85714,0,9.71429,1.14286],"texture":"#5"}}},{"from":[7.7,16.78934,4.52513],"to":[8.3,18.78934,6.52513],"rotation":{"angle":-45,"axis":"x","origin":[8,17.78934,5.52513]},"faces":{"north":{"uv":[13.14286,5.14286,13.42857,6.28571],"texture":"#5"},"east":{"uv":[9.71429,2.85714,10.85714,4],"texture":"#5"},"south":{"uv":[5.71429,13.14286,6,14.28571],"texture":"#5"},"west":{"uv":[6.85714,9.71429,8,10.85714],"texture":"#5"},"up":{"uv":[6.57143,14.28571,6.28571,13.14286],"texture":"#5"},"down":{"uv":[13.42857,6.28571,13.14286,7.42857],"texture":"#5"}}},{"from":[7.375,11.25,7.375],"to":[8.625,16.25,8.625],"rotation":{"angle":0,"axis":"y","origin":[7.375,11.25,6.625]},"faces":{"north":{"uv":[1.14286,8,1.85714,10.85714],"texture":"#5"},"east":{"uv":[0,8.57143,0.71429,11.42857],"texture":"#5"},"south":{"uv":[8.57143,6.85714,9.28571,9.71429],"texture":"#5"},"west":{"uv":[2.28571,9.14286,3,12],"texture":"#5"},"down":{"uv":[12.71429,9.71429,12,10.42857],"texture":"#5"}}},{"from":[7.7,16.78934,9.47487],"to":[8.3,18.78934,11.47487],"rotation":{"angle":45,"axis":"x","origin":[8,17.78934,10.47487]},"faces":{"north":{"uv":[6.85714,13.14286,7.14286,14.28571],"texture":"#5"},"east":{"uv":[9.71429,6.85714,10.85714,8],"texture":"#5"},"south":{"uv":[7.42857,13.14286,7.71429,14.28571],"texture":"#5"},"west":{"uv":[8,9.71429,9.14286,10.85714],"texture":"#5"},"up":{"uv":[13.42857,8.57143,13.14286,7.42857],"texture":"#5"},"down":{"uv":[8.28571,13.14286,8,14.28571],"texture":"#5"}}},{"from":[5.51,15.27,2.45],"to":[10.49,20.25,2.5],"rotation":{"angle":45,"axis":"z","origin":[8,17.76,2.475]},"faces":{"north":{"uv":[10,0,0,10],"rotation":180,"texture":"#3"},"south":{"uv":[10,10,0,0],"texture":"#3"}}},{"from":[6.6205,16.3905,-1.73875],"to":[9.3595,19.1295,-1.71125],"rotation":{"angle":-45,"axis":"z","origin":[7.99,17.76,-1.725]},"faces":{"north":{"uv":[2,2,8,8],"rotation":90,"texture":"#3"},"south":{"uv":[2,8,8,2],"rotation":90,"texture":"#3"}}},{"from":[5.5,15.27,-1],"to":[10.48,20.25,-0.95],"rotation":{"angle":0,"axis":"x","origin":[7.99,17.76,-0.975]},"faces":{"north":{"uv":[10,10,0,0],"texture":"#3"},"south":{"uv":[10,0,0,10],"rotation":180,"texture":"#3"}}},{"from":[6,15.75,3],"to":[10,19.75,5],"rotation":{"angle":0,"axis":"y","origin":[6,15.75,3]},"faces":{"north":{"uv":[2.85714,0,5.14286,2.28571],"texture":"#5"},"east":{"uv":[1.14286,5.71429,2.28571,8],"texture":"#5"},"south":{"uv":[2.85714,2.28571,5.14286,4.57143],"texture":"#5"},"west":{"uv":[2.28571,6.85714,3.42857,9.14286],"texture":"#5"},"up":{"uv":[8.57143,8,6.28571,6.85714],"texture":"#5"},"down":{"uv":[9.71429,0,7.42857,1.14286],"texture":"#5"}}},{"from":[6,15.75,11],"to":[10,19.75,13],"rotation":{"angle":0,"axis":"y","origin":[6,15.75,13]},"faces":{"north":{"uv":[2.85714,4.57143,5.14286,6.85714],"texture":"#5"},"east":{"uv":[3.42857,6.85714,4.57143,9.14286],"texture":"#5"},"south":{"uv":[5.14286,0,7.42857,2.28571],"texture":"#5"},"west":{"uv":[7.42857,1.14286,8.57143,3.42857],"texture":"#5"},"up":{"uv":[9.71429,4.57143,7.42857,3.42857],"texture":"#5"},"down":{"uv":[6.85714,8,4.57143,9.14286],"texture":"#5"}}},{"from":[6.75,16.5,13],"to":[9.25,19,14],"rotation":{"angle":0,"axis":"y","origin":[6,15.75,15]},"faces":{"east":{"uv":[5.14286,10.28571,5.71429,11.71429],"texture":"#5"},"south":{"uv":[8.57143,1.14286,10,2.57143],"texture":"#5"},"west":{"uv":[5.71429,10.28571,6.28571,11.71429],"texture":"#5"},"up":{"uv":[6,8,4.57143,7.42857],"texture":"#5"},"down":{"uv":[11.71429,5.71429,10.28571,6.28571],"texture":"#5"}}},{"from":[5.5,15.25,0],"to":[10.5,20.25,2],"rotation":{"angle":0,"axis":"y","origin":[6,15.75,0]},"faces":{"north":{"uv":[0,0,2.85714,2.85714],"texture":"#5"},"east":{"uv":[5.14286,4.57143,6.28571,7.42857],"texture":"#5"},"south":{"uv":[0,2.85714,2.85714,5.71429],"texture":"#5"},"west":{"uv":[0,5.71429,1.14286,8.57143],"texture":"#5"},"up":{"uv":[9.14286,5.71429,6.28571,4.57143],"texture":"#5"},"down":{"uv":[9.14286,5.71429,6.28571,6.85714],"texture":"#5"}}},{"from":[6,15.75,-0.5],"to":[10,19.75,0],"rotation":{"angle":0,"axis":"y","origin":[6,15.75,-2]},"faces":{"north":{"uv":[5.14286,2.28571,7.42857,4.57143],"texture":"#5"},"east":{"uv":[1.14286,12,1.42857,14.28571],"texture":"#5"},"west":{"uv":[12,1.14286,12.28571,3.42857],"texture":"#5"},"up":{"uv":[4,12.28571,1.71429,12],"texture":"#5"},"down":{"uv":[14.28571,3.42857,12,3.71429],"texture":"#5"}}},{"from":[6.75,16.5,14],"to":[6.8,19,17],"rotation":{"angle":-22.5,"axis":"y","origin":[6.75,17,14]},"faces":{"east":{"uv":[8.57143,14.57143,6.85714,16],"texture":"#5"},"west":{"uv":[6.85714,14.57143,8.57143,16],"texture":"#5"}}},{"from":[9.2,16.5,14],"to":[9.25,19,17],"rotation":{"angle":22.5,"axis":"y","origin":[9.25,17,14]},"faces":{"east":{"uv":[8.57143,14.57143,6.85714,16],"texture":"#5"},"west":{"uv":[6.85714,14.57143,8.57143,16],"texture":"#5"}}},{"from":[6.75,16.5,14],"to":[9.25,16.55,17],"rotation":{"angle":22.5,"axis":"x","origin":[8.75,16.5,14]},"faces":{"up":{"uv":[8.57143,14.57143,6.85714,16],"rotation":270,"texture":"#5"},"down":{"uv":[6.85714,14.57143,8.57143,16],"rotation":270,"texture":"#5"}}},{"from":[6.75,18.95,14],"to":[9.25,19,17],"rotation":{"angle":-22.5,"axis":"x","origin":[8.75,19,14]},"faces":{"up":{"uv":[8.57143,14.57143,6.85714,16],"rotation":270,"texture":"#5"},"down":{"uv":[6.85714,14.57143,8.57143,16],"rotation":270,"texture":"#5"}}},{"from":[7.975,16.75,14],"to":[8.025,18.75,19],"rotation":{"angle":-45,"axis":"z","origin":[8,17.75,16.5]},"faces":{"east":{"uv":[10,0,0,4],"texture":"#2"},"west":{"uv":[0,0,10,4],"texture":"#2"}}},{"from":[7.975,16.75,14],"to":[8.025,18.75,19],"rotation":{"angle":45,"axis":"z","origin":[8,17.75,16.5]},"faces":{"east":{"uv":[10,0,0,4],"texture":"#2"},"west":{"uv":[0,0,10,4],"texture":"#2"}}}],"gui_light":"front","display":{"thirdperson_righthand":{"translation":[0,-1.25,1]},"thirdperson_lefthand":{"translation":[0,-1.25,1]},"firstperson_righthand":{"rotation":[-10,0,0],"translation":[0,-1.25,0]},"firstperson_lefthand":{"rotation":[-10,0,0],"translation":[0,-1.25,0]},"ground":{"rotation":[-45,0,0],"translation":[0,7,0]},"gui":{"rotation":[-90,45,90],"translation":[3,-3,0],"scale":[0.71875,0.71875,0.71875]},"head":{"rotation":[0,90,0],"scale":[1.5,1.5,1.5]},"fixed":{"rotation":[0,-90,0],"translation":[0,-3,-1.25],"scale":[1.7,1.7,1.7]}}}