{"credit":"Made by PolygonMC","textures":{"0":"protocalset:key","particle":"protocalset:key"},"elements":[{"from":[7.5,7.5,7],"to":[8.5,8.5,9.5],"rotation":{"angle":0,"axis":"y","origin":[7.5,7.5,6.5]},"faces":{"east":{"uv":[0,10,2.5,11],"texture":"#0"},"west":{"uv":[3,10,5.5,11],"texture":"#0"},"up":{"uv":[7,11.5,6,9],"texture":"#0"},"down":{"uv":[8,9,7,11.5],"texture":"#0"}}},{"from":[7.35,7.35,4.5],"to":[8.65,8.65,7],"rotation":{"angle":0,"axis":"y","origin":[7.5,7.5,7]},"faces":{"north":{"uv":[10,10,11.25,11.25],"texture":"#0"},"east":{"uv":[8,0,10.5,1.25],"texture":"#0"},"south":{"uv":[0,11,1.25,12.25],"texture":"#0"},"west":{"uv":[8,2,10.5,3.25],"texture":"#0"},"up":{"uv":[9.25,6.5,8,4],"texture":"#0"},"down":{"uv":[9.25,7,8,9.5],"texture":"#0"}}},{"from":[7.35,7.35,9.5],"to":[8.65,8.65,11.5],"rotation":{"angle":0,"axis":"y","origin":[7.5,7.5,6.5]},"faces":{"north":{"uv":[11,0,12.25,1.25],"texture":"#0"},"east":{"uv":[10,4,12,5.25],"texture":"#0"},"south":{"uv":[2,11,3.25,12.25],"texture":"#0"},"west":{"uv":[10,6,12,7.25],"texture":"#0"},"up":{"uv":[9.25,12,8,10],"texture":"#0"},"down":{"uv":[11.25,8,10,10],"texture":"#0"}}},{"from":[7.25,6.75,11],"to":[8.75,9.25,13.5],"rotation":{"angle":-45,"axis":"x","origin":[8,8,12.25]},"faces":{"north":{"uv":[6,6,7.5,8.5],"texture":"#0"},"east":{"uv":[0,2,2.5,4.5],"texture":"#0"},"south":{"uv":[0,7,1.5,9.5],"texture":"#0"},"west":{"uv":[3,2,5.5,4.5],"texture":"#0"},"up":{"uv":[3.5,9.5,2,7],"texture":"#0"},"down":{"uv":[5.5,7,4,9.5],"texture":"#0"}}},{"from":[7,7,11.25],"to":[9,9,13.25],"rotation":{"angle":-45,"axis":"x","origin":[8,8,12.25]},"faces":{"north":{"uv":[0,5,2,7],"texture":"#0"},"east":{"uv":[2,5,4,7],"texture":"#0"},"south":{"uv":[4,5,6,7],"texture":"#0"},"west":{"uv":[6,0,8,2],"texture":"#0"},"up":{"uv":[8,4,6,2],"texture":"#0"},"down":{"uv":[8,4,6,6],"texture":"#0"}}},{"from":[7.975,8.65,5.5],"to":[8.025,10.15,11.5],"rotation":{"angle":0,"axis":"y","origin":[7.975,8.65,7.5]},"faces":{"east":{"uv":[6,0,0,1.5],"texture":"#0"},"west":{"uv":[0,0,6,1.5],"texture":"#0"}}},{"from":[7.75,6.35,4.625],"to":[8.25,7.35,5.625],"rotation":{"angle":0,"axis":"y","origin":[7.75,5.35,4.625]},"faces":{"north":{"uv":[4,11,4.5,12],"texture":"#0"},"east":{"uv":[11,2,12,3],"texture":"#0"},"south":{"uv":[5,11,5.5,12],"texture":"#0"},"west":{"uv":[11,3,12,4],"texture":"#0"},"down":{"uv":[12.5,2,12,3],"texture":"#0"}}},{"from":[7.75,6.35,5.875],"to":[8.25,7.35,6.875],"rotation":{"angle":0,"axis":"y","origin":[7.75,5.35,5.875]},"faces":{"north":{"uv":[4,11,4.5,12],"texture":"#0"},"east":{"uv":[11,2,12,3],"texture":"#0"},"south":{"uv":[5,11,5.5,12],"texture":"#0"},"west":{"uv":[11,3,12,4],"texture":"#0"},"down":{"uv":[12.5,2,12,3],"texture":"#0"}}}],"gui_light":"front","display":{"thirdperson_righthand":{"rotation":[90,0,0],"translation":[0,4.25,0]},"thirdperson_lefthand":{"rotation":[90,0,0],"translation":[0,4.25,0]},"firstperson_righthand":{"rotation":[45,0,-26],"translation":[0,5.25,0]},"firstperson_lefthand":{"rotation":[45,0,-26],"translation":[0,5.25,0]},"ground":{"rotation":[45,0,0],"translation":[0,7.5,0]},"gui":{"rotation":[-90,135,90],"translation":[-0.75,1.5,0],"scale":[2.06445,2.06445,2.06445]},"fixed":{"rotation":[90,-45,90],"translation":[1.25,2,-1.25],"scale":[2.30664,2.30664,2.30664]}}}