{"credit":"Made by PolygonMC","texture_size":[28,28],"textures":{"2":"protocalset:shield","3":"protocalset:animations/animations_3","particle":"protocalset:animations/animations_3"},"elements":[{"from":[14.22698,0.27302,5.75],"to":[15.22698,0.77302,6.25],"rotation":{"angle":-45,"axis":"z","origin":[8,8,8]},"faces":{"north":{"uv":[4.57143,14.28571,5.14286,14.57143],"texture":"#2"},"south":{"uv":[14.28571,4,14.85714,4.28571],"texture":"#2"},"up":{"uv":[14.57143,5.14286,14.28571,4.57143],"rotation":90,"texture":"#2"},"down":{"uv":[5.42857,14.28571,5.14286,14.85714],"rotation":270,"texture":"#2"}}},{"from":[14.22698,1.77302,5.75],"to":[15.22698,2.27302,6.25],"rotation":{"angle":-45,"axis":"z","origin":[8,8,8]},"faces":{"north":{"uv":[14.28571,5.71429,14.85714,6],"texture":"#2"},"south":{"uv":[14.28571,5.14286,14.85714,5.42857],"texture":"#2"},"up":{"uv":[14.57143,6.85714,14.28571,6.28571],"rotation":90,"texture":"#2"},"down":{"uv":[7.14286,14.28571,6.85714,14.85714],"rotation":270,"texture":"#2"}}},{"from":[15.22698,0.27302,5.75],"to":[15.72698,2.27302,6.25],"rotation":{"angle":-45,"axis":"z","origin":[8,8,8]},"faces":{"north":{"uv":[9.71429,13.14286,10,14.28571],"texture":"#2"},"east":{"uv":[13.14286,8,13.42857,9.14286],"texture":"#2"},"south":{"uv":[8.57143,13.14286,8.85714,14.28571],"texture":"#2"},"west":{"uv":[9.14286,13.14286,9.42857,14.28571],"texture":"#2"},"up":{"uv":[11.14286,14.57143,10.85714,14.28571],"rotation":90,"texture":"#2"},"down":{"uv":[14.57143,10.85714,14.28571,11.14286],"rotation":270,"texture":"#2"}}},{"from":[13.72698,0.27302,5.75],"to":[14.22698,2.27302,6.25],"rotation":{"angle":-45,"axis":"z","origin":[8,8,8]},"faces":{"north":{"uv":[13.71429,2.28571,14,3.42857],"texture":"#2"},"east":{"uv":[12.57143,13.14286,12.85714,14.28571],"texture":"#2"},"south":{"uv":[13.14286,13.14286,13.42857,14.28571],"texture":"#2"},"west":{"uv":[13.71429,1.14286,14,2.28571],"texture":"#2"},"up":{"uv":[11.71429,14.57143,11.42857,14.28571],"rotation":90,"texture":"#2"},"down":{"uv":[14.57143,11.42857,14.28571,11.71429],"rotation":270,"texture":"#2"}}},{"from":[1.4069,1.4069,5.25],"to":[2.9069,2.9069,6.75],"rotation":{"angle":45,"axis":"z","origin":[8,8,8]},"faces":{"north":{"uv":[10.28571,9.71429,11.14286,10.57143],"texture":"#2"},"east":{"uv":[10.28571,7.42857,11.14286,8.28571],"texture":"#2"},"south":{"uv":[10.28571,8.57143,11.14286,9.42857],"texture":"#2"},"west":{"uv":[9.14286,10.28571,10,11.14286],"texture":"#2"},"up":{"uv":[11.71429,0.85714,10.85714,0],"rotation":90,"texture":"#2"},"down":{"uv":[11.71429,1.14286,10.85714,2],"rotation":270,"texture":"#2"}}},{"from":[6.42736,6.42736,9.25],"to":[7.92736,7.92736,10.75],"rotation":{"angle":45,"axis":"z","origin":[8,8,8]},"faces":{"north":{"uv":[1.14286,12,2,12.85714],"texture":"#2"},"east":{"uv":[11.42857,10.28571,12.28571,11.14286],"texture":"#2"},"south":{"uv":[11.42857,11.42857,12.28571,12.28571],"texture":"#2"},"west":{"uv":[12,0,12.85714,0.85714],"texture":"#2"},"up":{"uv":[12.85714,2,12,1.14286],"rotation":90,"texture":"#2"},"down":{"uv":[3.14286,12,2.28571,12.85714],"rotation":270,"texture":"#2"}}},{"from":[4.32497,10.17503,9.25],"to":[5.82497,11.67503,10.75],"rotation":{"angle":-45,"axis":"z","origin":[8,8,8]},"faces":{"north":{"uv":[4.57143,12,5.42857,12.85714],"texture":"#2"},"east":{"uv":[12,2.28571,12.85714,3.14286],"texture":"#2"},"south":{"uv":[3.42857,12,4.28571,12.85714],"texture":"#2"},"west":{"uv":[12,3.42857,12.85714,4.28571],"texture":"#2"},"up":{"uv":[12.85714,5.42857,12,4.57143],"rotation":90,"texture":"#2"},"down":{"uv":[12.85714,5.71429,12,6.57143],"rotation":270,"texture":"#2"}}},{"from":[11.35517,-0.09736,5.5],"to":[12.35517,1.40264,6.5],"rotation":{"angle":-22.5,"axis":"z","origin":[8,8,8]},"faces":{"north":{"uv":[2.28571,13.14286,2.85714,14],"texture":"#2"},"east":{"uv":[1.14286,13.14286,1.71429,14],"texture":"#2"},"south":{"uv":[13.14286,1.14286,13.71429,2],"texture":"#2"},"west":{"uv":[1.71429,13.14286,2.28571,14],"texture":"#2"},"up":{"uv":[11.42857,5.14286,10.85714,4.57143],"rotation":90,"texture":"#2"},"down":{"uv":[12,4.57143,11.42857,5.14286],"rotation":270,"texture":"#2"}}},{"from":[3.64483,-0.09736,5.5],"to":[4.64483,1.40264,6.5],"rotation":{"angle":22.5,"axis":"z","origin":[8,8,8]},"faces":{"north":{"uv":[8,13.14286,8.57143,14],"texture":"#2"},"east":{"uv":[13.14286,5.71429,13.71429,6.57143],"texture":"#2"},"south":{"uv":[6.85714,13.14286,7.42857,14],"texture":"#2"},"west":{"uv":[7.42857,13.14286,8,14],"texture":"#2"},"up":{"uv":[12,14.28571,11.42857,13.71429],"rotation":90,"texture":"#2"},"down":{"uv":[14.28571,11.42857,13.71429,12],"rotation":270,"texture":"#2"}}},{"from":[7.4,6.48661,9.4],"to":[8.6,7.98661,10.6],"rotation":{"angle":0,"axis":"y","origin":[8,8,8]},"faces":{"north":{"uv":[12.57143,9.71429,13.28571,10.57143],"texture":"#2"},"east":{"uv":[12,8.57143,12.71429,9.42857],"texture":"#2"},"south":{"uv":[5.71429,12.57143,6.42857,13.42857],"texture":"#2"},"west":{"uv":[12.57143,6.85714,13.28571,7.71429],"texture":"#2"}}},{"from":[7.5,8.48661,9.5],"to":[8.5,10.48661,10.5],"rotation":{"angle":0,"axis":"y","origin":[8,8,8]},"faces":{"north":{"uv":[8.57143,12,9.14286,13.14286],"texture":"#2"},"east":{"uv":[6.85714,12,7.42857,13.14286],"texture":"#2"},"south":{"uv":[7.42857,12,8,13.14286],"texture":"#2"},"west":{"uv":[8,12,8.57143,13.14286],"texture":"#2"}}},{"from":[4.57246,10.42754,6.25],"to":[5.57246,11.42754,9.25],"rotation":{"angle":-45,"axis":"z","origin":[8,8,8]},"faces":{"east":{"uv":[10.28571,5.14286,12,5.71429],"texture":"#2"},"west":{"uv":[10.28571,5.71429,12,6.28571],"texture":"#2"},"up":{"uv":[12,6.85714,10.28571,6.28571],"rotation":90,"texture":"#2"},"down":{"uv":[12,6.85714,10.28571,7.42857],"rotation":270,"texture":"#2"}}},{"from":[6.67485,6.67485,6.25],"to":[7.67485,7.67485,9.25],"rotation":{"angle":45,"axis":"z","origin":[8,8,8]},"faces":{"east":{"uv":[10.28571,5.71429,12,5.14286],"texture":"#2"},"west":{"uv":[10.28571,6.28571,12,5.71429],"texture":"#2"},"up":{"uv":[12,7.42857,10.28571,6.85714],"rotation":90,"texture":"#2"},"down":{"uv":[12,6.28571,10.28571,6.85714],"rotation":270,"texture":"#2"}}},{"from":[7.3,7.98661,9.3],"to":[8.7,8.48661,10.7],"rotation":{"angle":0,"axis":"y","origin":[8,8,8]},"faces":{"north":{"uv":[2.28571,14.28571,3.14286,14.57143],"texture":"#2"},"east":{"uv":[1.14286,14.28571,2,14.57143],"texture":"#2"},"south":{"uv":[14.28571,1.14286,15.14286,1.42857],"texture":"#2"},"west":{"uv":[14.28571,1.71429,15.14286,2],"texture":"#2"},"up":{"uv":[11.71429,3.14286,10.85714,2.28571],"rotation":90,"texture":"#2"},"down":{"uv":[11.71429,3.42857,10.85714,4.28571],"rotation":270,"texture":"#2"}}},{"from":[7.4,10.98661,9.4],"to":[8.6,12.48661,10.6],"rotation":{"angle":0,"axis":"y","origin":[8,8,8]},"faces":{"north":{"uv":[13.14286,0,13.85714,0.85714],"texture":"#2"},"east":{"uv":[12.57143,10.85714,13.28571,11.71429],"texture":"#2"},"south":{"uv":[11.42857,12.57143,12.14286,13.42857],"texture":"#2"},"west":{"uv":[12.57143,12,13.28571,12.85714],"texture":"#2"}}},{"from":[7.3,10.48661,9.3],"to":[8.7,10.98661,10.7],"rotation":{"angle":0,"axis":"x","origin":[8,8,8]},"faces":{"north":{"uv":[14.28571,3.42857,15.14286,3.71429],"texture":"#2"},"east":{"uv":[14.28571,2.28571,15.14286,2.57143],"texture":"#2"},"south":{"uv":[14.28571,2.85714,15.14286,3.14286],"texture":"#2"},"west":{"uv":[3.42857,14.28571,4.28571,14.57143],"texture":"#2"},"up":{"uv":[11.14286,11.71429,10.28571,10.85714],"rotation":90,"texture":"#2"},"down":{"uv":[12.28571,7.42857,11.42857,8.28571],"rotation":270,"texture":"#2"}}},{"from":[5.46111,14.52724,5.5],"to":[6.46111,17.52724,6.5],"rotation":{"angle":-22.5,"axis":"z","origin":[8,8,8]},"faces":{"north":{"uv":[2.85714,10.28571,3.42857,12],"texture":"#2"},"east":{"uv":[1.14286,10.28571,1.71429,12],"texture":"#2"},"south":{"uv":[1.71429,10.28571,2.28571,12],"texture":"#2"},"west":{"uv":[2.28571,10.28571,2.85714,12],"texture":"#2"},"down":{"uv":[12.57143,6.85714,12,7.42857],"rotation":270,"texture":"#2"}}},{"from":[15.21312,13.06767,5.495],"to":[16.21312,14.56767,6.505],"rotation":{"angle":45,"axis":"z","origin":[8,8,8]},"faces":{"north":{"uv":[13.14286,3.42857,13.71429,4.28571],"texture":"#2"},"east":{"uv":[13.14286,2.28571,13.71429,3.14286],"texture":"#2"},"south":{"uv":[2.85714,13.14286,3.42857,14],"texture":"#2"},"west":{"uv":[3.42857,13.14286,4,14],"texture":"#2"},"up":{"uv":[12.57143,10.28571,12,9.71429],"rotation":90,"texture":"#2"},"down":{"uv":[13.14286,8,12.57143,8.57143],"rotation":270,"texture":"#2"}}},{"from":[-0.21312,13.06767,5.495],"to":[0.78688,14.56767,6.505],"rotation":{"angle":-45,"axis":"z","origin":[8,8,8]},"faces":{"north":{"uv":[5.14286,13.14286,5.71429,14],"texture":"#2"},"east":{"uv":[4,13.14286,4.57143,14],"texture":"#2"},"south":{"uv":[4.57143,13.14286,5.14286,14],"texture":"#2"},"west":{"uv":[13.14286,4.57143,13.71429,5.42857],"texture":"#2"},"up":{"uv":[13.71429,9.71429,13.14286,9.14286],"rotation":90,"texture":"#2"},"down":{"uv":[14.28571,3.42857,13.71429,4],"rotation":270,"texture":"#2"}}},{"from":[9.53889,14.52724,5.5],"to":[10.53889,17.52724,6.5],"rotation":{"angle":22.5,"axis":"z","origin":[8,8,8]},"faces":{"north":{"uv":[4.57143,10.28571,5.14286,12],"texture":"#2"},"east":{"uv":[3.42857,10.28571,4,12],"texture":"#2"},"south":{"uv":[10.28571,3.42857,10.85714,5.14286],"texture":"#2"},"west":{"uv":[4,10.28571,4.57143,12],"texture":"#2"},"down":{"uv":[14.28571,4,13.71429,4.57143],"rotation":270,"texture":"#2"}}},{"from":[1.05972,12.94028,5],"to":[3.05972,14.94028,7],"rotation":{"angle":-45,"axis":"z","origin":[8,8,8]},"faces":{"north":{"uv":[9.14286,5.71429,10.28571,6.85714],"texture":"#2"},"east":{"uv":[6.85714,8.57143,8,9.71429],"texture":"#2"},"south":{"uv":[9.14286,3.42857,10.28571,4.57143],"texture":"#2"},"west":{"uv":[9.14286,4.57143,10.28571,5.71429],"texture":"#2"},"up":{"uv":[10.28571,8,9.14286,6.85714],"rotation":90,"texture":"#2"},"down":{"uv":[10.28571,8,9.14286,9.14286],"rotation":270,"texture":"#2"}}},{"from":[-0.60198,13.60198,5.6],"to":[2.39802,16.60198,6.4],"rotation":{"angle":-45,"axis":"z","origin":[8,8,8]},"faces":{"north":{"uv":[8,1.71429,9.71429,3.42857],"texture":"#2"},"east":{"uv":[5.14286,10.28571,5.57143,12],"texture":"#2"},"south":{"uv":[8,0,9.71429,1.71429],"texture":"#2"},"west":{"uv":[11.42857,8.57143,11.85714,10.28571],"texture":"#2"},"up":{"uv":[9.57143,13.14286,9.14286,11.42857],"rotation":90,"texture":"#2"},"down":{"uv":[10.14286,11.42857,9.71429,13.14286],"rotation":270,"texture":"#2"}}},{"from":[2.89802,14.60198,5.7],"to":[4.89802,16.60198,6.3],"rotation":{"angle":-45,"axis":"z","origin":[8,8,8]},"faces":{"north":{"uv":[9.71429,0,10.85714,1.14286],"texture":"#2"},"east":{"uv":[13.71429,4.57143,14,5.71429],"texture":"#2"},"south":{"uv":[9.14286,9.14286,10.28571,10.28571],"texture":"#2"},"west":{"uv":[5.71429,13.71429,6,14.85714],"texture":"#2"},"up":{"uv":[14,6.85714,13.71429,5.71429],"rotation":90,"texture":"#2"},"down":{"uv":[6.57143,13.71429,6.28571,14.85714],"rotation":270,"texture":"#2"}}},{"from":[11.10198,14.60198,5.7],"to":[13.10198,16.60198,6.3],"rotation":{"angle":45,"axis":"z","origin":[8,8,8]},"faces":{"north":{"uv":[9.71429,2.28571,10.85714,3.42857],"texture":"#2"},"east":{"uv":[13.71429,6.85714,14,8],"texture":"#2"},"south":{"uv":[9.71429,1.14286,10.85714,2.28571],"texture":"#2"},"west":{"uv":[13.71429,8,14,9.14286],"texture":"#2"},"up":{"uv":[14,10.28571,13.71429,9.14286],"rotation":90,"texture":"#2"},"down":{"uv":[14,10.28571,13.71429,11.42857],"rotation":270,"texture":"#2"}}},{"from":[7,0.23661,5.75],"to":[9,15.23661,6.25],"rotation":{"angle":0,"axis":"y","origin":[8,8,8]},"faces":{"north":{"uv":[6.85714,0,8,8.57143],"texture":"#2"},"east":{"uv":[8,3.42857,8.28571,12],"texture":"#2"},"south":{"uv":[14.85714,7.42857,16,16],"texture":"#2"},"west":{"uv":[8.57143,3.42857,8.85714,12],"texture":"#2"},"up":{"uv":[12.28571,14.85714,12,13.71429],"rotation":90,"texture":"#2"},"down":{"uv":[14,12,13.71429,13.14286],"rotation":270,"texture":"#2"}}},{"from":[10.75,9.23661,5.75],"to":[11.75,16.23661,6.25],"rotation":{"angle":0,"axis":"y","origin":[8,8,8]},"faces":{"north":{"uv":[6.28571,8.57143,6.85714,12.57143],"texture":"#2"},"east":{"uv":[0,10.28571,0.28571,14.28571],"texture":"#2"},"south":{"uv":[14.28571,12,14.85714,16],"texture":"#2"},"west":{"uv":[0.57143,10.28571,0.85714,14.28571],"texture":"#2"},"down":{"uv":[14.57143,6.85714,14.28571,7.42857],"rotation":270,"texture":"#2"}}},{"from":[8.77723,10.52607,5.7475],"to":[9.77723,11.52607,6.2525],"rotation":{"angle":-45,"axis":"z","origin":[8,8,8]},"faces":{"north":{"uv":[13.71429,13.71429,14.28571,14.28571],"texture":"#2"},"east":{"uv":[7.42857,14.28571,7.71429,14.85714],"texture":"#2"},"south":{"uv":[13.71429,13.14286,14.28571,13.71429],"texture":"#2"},"west":{"uv":[14.28571,7.42857,14.57143,8],"texture":"#2"},"up":{"uv":[8.28571,14.85714,8,14.28571],"rotation":90,"texture":"#2"},"down":{"uv":[14.57143,8,14.28571,8.57143],"rotation":270,"texture":"#2"}}},{"from":[13.31277,5.16211,5.7475],"to":[14.31277,6.16211,6.2525],"rotation":{"angle":-45,"axis":"z","origin":[8,8,8]},"faces":{"north":{"uv":[14.28571,0,14.85714,0.57143],"texture":"#2"},"east":{"uv":[8.57143,14.28571,8.85714,14.85714],"texture":"#2"},"south":{"uv":[0,14.28571,0.57143,14.85714],"texture":"#2"},"west":{"uv":[14.28571,8.57143,14.57143,9.14286],"texture":"#2"},"up":{"uv":[9.42857,14.85714,9.14286,14.28571],"rotation":90,"texture":"#2"},"down":{"uv":[14.57143,9.14286,14.28571,9.71429],"rotation":270,"texture":"#2"}}},{"from":[10.48434,7.99053,5.7475],"to":[11.48434,8.99053,6.2525],"rotation":{"angle":-45,"axis":"z","origin":[8,8,8]},"faces":{"north":{"uv":[14.28571,0.57143,14.85714,1.14286],"texture":"#2"},"east":{"uv":[9.71429,14.28571,10,14.85714],"texture":"#2"},"south":{"uv":[0.57143,14.28571,1.14286,14.85714],"texture":"#2"},"west":{"uv":[14.28571,9.71429,14.57143,10.28571],"texture":"#2"},"up":{"uv":[10.57143,14.85714,10.28571,14.28571],"rotation":90,"texture":"#2"},"down":{"uv":[14.57143,10.28571,14.28571,10.85714],"rotation":270,"texture":"#2"}}},{"from":[9.75,2.23661,5.75],"to":[10.75,6.23661,6.25],"rotation":{"angle":0,"axis":"y","origin":[8,8,8]},"faces":{"north":{"uv":[7.42857,9.71429,8,12],"texture":"#2"},"east":{"uv":[10.28571,12,10.57143,14.28571],"texture":"#2"},"south":{"uv":[6.85714,9.71429,7.42857,12],"texture":"#2"},"west":{"uv":[10.85714,12,11.14286,14.28571],"texture":"#2"}}},{"from":[4.25,9.23661,5.75],"to":[5.25,16.23661,6.25],"rotation":{"angle":0,"axis":"y","origin":[8,8,8]},"faces":{"north":{"uv":[6.85714,8.57143,6.28571,12.57143],"texture":"#2"},"east":{"uv":[0.85714,10.28571,0.57143,14.28571],"texture":"#2"},"south":{"uv":[14.85714,12,14.28571,16],"texture":"#2"},"west":{"uv":[0.28571,10.28571,0,14.28571],"texture":"#2"},"down":{"uv":[14.57143,7.42857,14.28571,6.85714],"rotation":270,"texture":"#2"}}},{"from":[6.22277,10.52607,5.7475],"to":[7.22277,11.52607,6.2525],"rotation":{"angle":45,"axis":"z","origin":[8,8,8]},"faces":{"north":{"uv":[14.28571,13.71429,13.71429,14.28571],"texture":"#2"},"east":{"uv":[14.57143,7.42857,14.28571,8],"texture":"#2"},"south":{"uv":[14.28571,13.14286,13.71429,13.71429],"texture":"#2"},"west":{"uv":[7.71429,14.28571,7.42857,14.85714],"texture":"#2"},"up":{"uv":[8.28571,14.28571,8,14.85714],"rotation":90,"texture":"#2"},"down":{"uv":[14.57143,8.57143,14.28571,8],"rotation":270,"texture":"#2"}}},{"from":[4.51566,7.99053,5.7475],"to":[5.51566,8.99053,6.2525],"rotation":{"angle":45,"axis":"z","origin":[8,8,8]},"faces":{"north":{"uv":[14.85714,0.57143,14.28571,1.14286],"texture":"#2"},"east":{"uv":[14.57143,9.71429,14.28571,10.28571],"texture":"#2"},"south":{"uv":[1.14286,14.28571,0.57143,14.85714],"texture":"#2"},"west":{"uv":[10,14.28571,9.71429,14.85714],"texture":"#2"},"up":{"uv":[10.57143,14.28571,10.28571,14.85714],"rotation":90,"texture":"#2"},"down":{"uv":[14.57143,10.85714,14.28571,10.28571],"rotation":270,"texture":"#2"}}},{"from":[5.25,2.23661,5.75],"to":[6.25,6.23661,6.25],"rotation":{"angle":0,"axis":"y","origin":[8,8,8]},"faces":{"north":{"uv":[8,9.71429,7.42857,12],"texture":"#2"},"east":{"uv":[11.14286,12,10.85714,14.28571],"texture":"#2"},"south":{"uv":[7.42857,9.71429,6.85714,12],"texture":"#2"},"west":{"uv":[10.57143,12,10.28571,14.28571],"texture":"#2"}}},{"from":[1.68723,5.16211,5.7475],"to":[2.68723,6.16211,6.2525],"rotation":{"angle":45,"axis":"z","origin":[8,8,8]},"faces":{"north":{"uv":[14.85714,0,14.28571,0.57143],"texture":"#2"},"east":{"uv":[14.57143,8.57143,14.28571,9.14286],"texture":"#2"},"south":{"uv":[0.57143,14.28571,0,14.85714],"texture":"#2"},"west":{"uv":[8.85714,14.28571,8.57143,14.85714],"texture":"#2"},"up":{"uv":[9.42857,14.28571,9.14286,14.85714],"rotation":90,"texture":"#2"},"down":{"uv":[14.57143,9.71429,14.28571,9.14286],"rotation":270,"texture":"#2"}}},{"from":[3,-1.01339,6],"to":[13,16.48661,6],"rotation":{"angle":0,"axis":"y","origin":[8,8,8]},"faces":{"north":{"uv":[0,0,5.71429,10],"texture":"#2"},"south":{"uv":[5.71429,0,0,10],"texture":"#2"}}},{"from":[5,13.5,4.5],"to":[11,19.5,4.5],"rotation":{"angle":-45,"axis":"z","origin":[8,16.5,4.5]},"faces":{"north":{"uv":[0,0,10.00179,9.99821],"texture":"#3"}}}],"gui_light":"front","display":{"thirdperson_righthand":{"rotation":[0,-90,0],"translation":[2.25,-3.5,1]},"thirdperson_lefthand":{"rotation":[0,-90,0],"translation":[2.25,-3.5,1]},"firstperson_righthand":{"rotation":[0,0,12],"translation":[0,0.25,2.5]},"firstperson_lefthand":{"rotation":[0,0,12],"translation":[0,0.25,2.5]},"ground":{"rotation":[45,0,0],"translation":[0,7,0]},"gui":{"rotation":[0,0,45],"translation":[0.25,-0.5,0],"scale":[0.71875,0.71875,0.71875]},"head":{"scale":[1.5,1.5,1.5]},"fixed":{"translation":[0,-0.5,0.25],"scale":[1.7,1.7,1.7]}}}