{"credit":"Made by PolygonMC","texture_size":[32,32],"textures":{"1":"protocalset:animations/animations_3","3":"protocalset:wings","particle":"protocalset:animations/animations_3"},"elements":[{"from":[8.875,-10.75,8.125],"to":[19.375,-2.25,8.15],"rotation":{"angle":0,"axis":"y","origin":[4,-14.625,8.075]},"faces":{"north":{"uv":[0,0,10.5,8.5],"texture":"#3","tintindex":0},"south":{"uv":[10.5,0,0,8.5],"texture":"#3","tintindex":0}}},{"from":[8.375,-15.625,7.9875],"to":[16.375,-9.625,8.0125],"rotation":{"angle":0,"axis":"y","origin":[4,-14.625,8.0875]},"faces":{"north":{"uv":[0,9.875,8,15.875],"texture":"#3","tintindex":0},"south":{"uv":[8,9.875,0,15.875],"texture":"#3","tintindex":0}}},{"from":[8.47561,-10.25757,7.8375],"to":[8.97561,-8.75757,8.3375],"rotation":{"angle":-22.5,"axis":"z","origin":[8,-9.30826,8.0875]},"faces":{"north":{"uv":[10,11,10.5,12.5],"texture":"#3","tintindex":0},"east":{"uv":[10.5,11,11,12.5],"texture":"#3","tintindex":0},"south":{"uv":[11,11,11.5,12.5],"texture":"#3","tintindex":0},"west":{"uv":[11.5,4,12,5.5],"texture":"#3","tintindex":0},"down":{"uv":[14.375,4,14.875,4.5],"texture":"#3","tintindex":0}}},{"from":[8.38213,-9.99886,7.835],"to":[8.88213,-9.24886,8.34],"rotation":{"angle":45,"axis":"z","origin":[8,-9.30826,8.0875]},"faces":{"north":{"uv":[12,6,12.5,6.75],"texture":"#3","tintindex":0},"east":{"uv":[9,13.25,9.5,14],"texture":"#3","tintindex":0},"south":{"uv":[12,8,12.5,8.75],"texture":"#3","tintindex":0},"west":{"uv":[9.5,13.25,10,14],"texture":"#3","tintindex":0},"up":{"uv":[9.5,12.5,9,12],"texture":"#3","tintindex":0},"down":{"uv":[12.5,9,12,9.5],"texture":"#3","tintindex":0}}},{"from":[7.7543,-10.06256,7.5875],"to":[8.7543,-9.06256,8.5875],"rotation":{"angle":-45,"axis":"z","origin":[8,-9.30826,8.0875]},"faces":{"north":{"uv":[15,4,16,5],"texture":"#3","tintindex":0},"east":{"uv":[15,5,16,6],"texture":"#3","tintindex":0},"south":{"uv":[15,6,16,7],"texture":"#3","tintindex":0},"west":{"uv":[15,7,16,8],"texture":"#3","tintindex":0},"up":{"uv":[13.25,15,12.25,14],"texture":"#3","tintindex":0},"down":{"uv":[11,8,12,9],"texture":"#3","tintindex":0}}},{"from":[6.92345,-9.73171,7.8875],"to":[8.42345,-8.23171,8.2875],"rotation":{"angle":-45,"axis":"z","origin":[8,-9.30826,8.0875]},"faces":{"north":{"uv":[13,8.375,14.5,9.875],"texture":"#3","tintindex":0},"east":{"uv":[11.5,5.5,11.875,7],"texture":"#3","tintindex":0},"south":{"uv":[14.5,8.375,16,9.875],"texture":"#3","tintindex":0},"west":{"uv":[11.5,11,11.875,12.5],"texture":"#3","tintindex":0},"up":{"uv":[13,7.375,11.5,7],"texture":"#3","tintindex":0},"down":{"uv":[13,7.5,11.5,7.875],"texture":"#3","tintindex":0}}},{"from":[8.67345,-9.23171,7.9375],"to":[9.67345,-8.23171,8.2375],"rotation":{"angle":-45,"axis":"z","origin":[8,-9.30826,8.0875]},"faces":{"north":{"uv":[9,11,10,12],"texture":"#3","tintindex":0},"east":{"uv":[9.5,12,9.75,13],"texture":"#3","tintindex":0},"south":{"uv":[11,9,12,10],"texture":"#3","tintindex":0},"west":{"uv":[12,9.5,12.25,10.5],"texture":"#3","tintindex":0},"up":{"uv":[13,10.75,12,10.5],"texture":"#3","tintindex":0},"down":{"uv":[13,11,12,11.25],"texture":"#3","tintindex":0}}},{"from":[6.32656,-9.23171,7.9375],"to":[7.32656,-8.23171,8.2375],"rotation":{"angle":45,"axis":"z","origin":[8,-9.30826,8.0875]},"faces":{"north":{"uv":[10,11,9,12],"texture":"#3","tintindex":0},"east":{"uv":[12.25,9.5,12,10.5],"texture":"#3","tintindex":0},"south":{"uv":[12,9,11,10],"texture":"#3","tintindex":0},"west":{"uv":[9.75,12,9.5,13],"texture":"#3","tintindex":0},"up":{"uv":[12,10.75,13,10.5],"texture":"#3","tintindex":0},"down":{"uv":[12,11,13,11.25],"texture":"#3","tintindex":0}}},{"from":[7.02439,-10.25757,7.8375],"to":[7.52439,-8.75757,8.3375],"rotation":{"angle":22.5,"axis":"z","origin":[8,-9.30826,8.0875]},"faces":{"north":{"uv":[10.5,11,10,12.5],"texture":"#3","tintindex":0},"east":{"uv":[12,4,11.5,5.5],"texture":"#3","tintindex":0},"south":{"uv":[11.5,11,11,12.5],"texture":"#3","tintindex":0},"west":{"uv":[11,11,10.5,12.5],"texture":"#3","tintindex":0},"down":{"uv":[14.875,4,14.375,4.5],"texture":"#3","tintindex":0}}},{"from":[7.11788,-9.99886,7.835],"to":[7.61788,-9.24886,8.34],"rotation":{"angle":-45,"axis":"z","origin":[8,-9.30826,8.0875]},"faces":{"north":{"uv":[12.5,6,12,6.75],"texture":"#3","tintindex":0},"east":{"uv":[10,13.25,9.5,14],"texture":"#3","tintindex":0},"south":{"uv":[12.5,8,12,8.75],"texture":"#3","tintindex":0},"west":{"uv":[9.5,13.25,9,14],"texture":"#3","tintindex":0},"up":{"uv":[9,12.5,9.5,12],"texture":"#3","tintindex":0},"down":{"uv":[12,9,12.5,9.5],"texture":"#3","tintindex":0}}},{"from":[9.11861,-10.58648,7.7375],"to":[10.86861,-9.88648,8.4375],"rotation":{"angle":22.5,"axis":"z","origin":[5.26861,-10.58648,7.7375]},"faces":{"north":{"uv":[12.25,15.25,14,16],"texture":"#3","tintindex":0},"east":{"uv":[12,4,12.75,4.75],"texture":"#3","tintindex":0},"south":{"uv":[14.25,15.25,16,16],"texture":"#3","tintindex":0},"west":{"uv":[12,5,12.75,5.75],"texture":"#3","tintindex":0},"up":{"uv":[15.875,0.75,14.125,0],"texture":"#3","tintindex":0},"down":{"uv":[15.875,1,14.125,1.75],"texture":"#3","tintindex":0}}},{"from":[9.94857,-7.86825,7.8215],"to":[12.40357,-7.33625,8.3535],"rotation":{"angle":45,"axis":"z","origin":[10.81357,-7.57725,8.0875]},"faces":{"north":{"uv":[13.5,1.875,16,2.375],"texture":"#3","tintindex":0},"east":{"uv":[12,11.5,12.5,12],"texture":"#3","tintindex":0},"south":{"uv":[13.5,2.375,16,2.875],"texture":"#3","tintindex":0},"up":{"uv":[16,3.375,13.5,2.875],"texture":"#3","tintindex":0},"down":{"uv":[16,3.375,13.5,3.875],"texture":"#3","tintindex":0}}},{"from":[8.34682,-10.99131,7.7375],"to":[10.09682,-10.29131,8.4375],"rotation":{"angle":-22.5,"axis":"z","origin":[10.16879,-10.85322,8.0875]},"faces":{"north":{"uv":[12.25,16,14,15.25],"texture":"#3","tintindex":0},"east":{"uv":[12,4.75,12.75,4],"texture":"#3","tintindex":0},"south":{"uv":[14.25,16,16,15.25],"texture":"#3","tintindex":0},"west":{"uv":[12,5.75,12.75,5],"texture":"#3","tintindex":0},"up":{"uv":[15.875,1.75,14.125,1],"texture":"#3","tintindex":0},"down":{"uv":[15.875,0,14.125,0.75],"texture":"#3","tintindex":0}}},{"from":[-3.375,-10.75,8.125],"to":[7.125,-2.25,8.15],"rotation":{"angle":0,"axis":"y","origin":[12,-14.625,8.075]},"faces":{"north":{"uv":[10.5,0,0,8.5],"texture":"#3","tintindex":0},"south":{"uv":[0,0,10.5,8.5],"texture":"#3","tintindex":0}}},{"from":[5.13139,-10.58648,7.7375],"to":[6.88139,-9.88648,8.4375],"rotation":{"angle":-22.5,"axis":"z","origin":[10.73139,-10.58648,7.7375]},"faces":{"north":{"uv":[14,15.25,12.25,16],"texture":"#3","tintindex":0},"east":{"uv":[12.75,5,12,5.75],"texture":"#3","tintindex":0},"south":{"uv":[16,15.25,14.25,16],"texture":"#3","tintindex":0},"west":{"uv":[12.75,4,12,4.75],"texture":"#3","tintindex":0},"up":{"uv":[14.125,0.75,15.875,0],"texture":"#3","tintindex":0},"down":{"uv":[14.125,1,15.875,1.75],"texture":"#3","tintindex":0}}},{"from":[3.59643,-7.86825,7.8215],"to":[6.05144,-7.33625,8.3535],"rotation":{"angle":-45,"axis":"z","origin":[5.18643,-7.57725,8.0875]},"faces":{"north":{"uv":[16,1.875,13.5,2.375],"texture":"#3","tintindex":0},"south":{"uv":[16,2.375,13.5,2.875],"texture":"#3","tintindex":0},"west":{"uv":[12.5,11.5,12,12],"texture":"#3","tintindex":0},"up":{"uv":[13.5,3.375,16,2.875],"texture":"#3","tintindex":0},"down":{"uv":[13.5,3.375,16,3.875],"texture":"#3","tintindex":0}}},{"from":[5.90318,-10.99131,7.7375],"to":[7.65318,-10.29131,8.4375],"rotation":{"angle":22.5,"axis":"z","origin":[5.83122,-10.85322,8.0875]},"faces":{"north":{"uv":[14,16,12.25,15.25],"texture":"#3","tintindex":0},"east":{"uv":[12.75,5.75,12,5],"texture":"#3","tintindex":0},"south":{"uv":[16,16,14.25,15.25],"texture":"#3","tintindex":0},"west":{"uv":[12.75,4.75,12,4],"texture":"#3","tintindex":0},"up":{"uv":[14.125,1.75,15.875,1],"texture":"#3","tintindex":0},"down":{"uv":[14.125,0,15.875,0.75],"texture":"#3","tintindex":0}}},{"from":[-0.375,-15.625,7.9875],"to":[7.625,-9.625,8.0125],"rotation":{"angle":0,"axis":"y","origin":[12,-14.625,8.0875]},"faces":{"north":{"uv":[8,9.875,0,15.875],"texture":"#3","tintindex":0},"south":{"uv":[0,9.875,8,15.875],"texture":"#3","tintindex":0}}},{"from":[6.25,-11.375,8.8375],"to":[9.75,-7.875,8.8625],"rotation":{"angle":-45,"axis":"z","origin":[8,-9.625,8.85]},"faces":{"north":{"uv":[0,0,10,10],"texture":"#1","tintindex":0},"south":{"uv":[10,0,0,10],"texture":"#1","tintindex":0}}}],"gui_light":"front","display":{"thirdperson_righthand":{"rotation":[40.75,0,0],"translation":[0,-0.5,-1],"scale":[0.43555,0.43555,0.43555]},"thirdperson_lefthand":{"rotation":[67.5,0,0],"translation":[-5.25,-8.5,6.5]},"firstperson_righthand":{"rotation":[-10,0,0],"translation":[1.5,-0.75,0],"scale":[0.53125,0.53125,0.53125]},"firstperson_lefthand":{"rotation":[-10,0,0],"translation":[0,-0.25,0],"scale":[0,0,0]},"ground":{"rotation":[45,0,0],"translation":[0,7,-1.75]},"gui":{"translation":[0,-1.5,0],"scale":[0.44336,0.44336,0.44336]},"head":{"translation":[0,-43.5,5],"scale":[3.6,3.6,3.6]},"fixed":{"translation":[0,-4,-1.25],"scale":[1.7,1.7,1.7]}}}