{"credit":"Made by PolygonMC","texture_size":[32,32],"textures":{"1":"protocalset:animations/animations_3","3":"protocalset:wings","particle":"protocalset:animations/animations_3"},"elements":[{"from":[9.75,7.75,8.075],"to":[30.75,24.75,8.125],"rotation":{"angle":0,"axis":"y","origin":[0,0,7.975]},"faces":{"north":{"uv":[0,0,10.5,8.5],"texture":"#3"},"south":{"uv":[10.5,0,0,8.5],"texture":"#3"}}},{"from":[8.75,-2,7.8],"to":[24.75,10,7.85],"rotation":{"angle":0,"axis":"y","origin":[0,0,8]},"faces":{"north":{"uv":[0,9.875,8,15.875],"texture":"#3"},"south":{"uv":[8,9.875,0,15.875],"texture":"#3"}}},{"from":[8.95122,8.73486,7.5],"to":[9.95122,11.73486,8.5],"rotation":{"angle":-22.5,"axis":"z","origin":[8,10.63348,8]},"faces":{"north":{"uv":[10,11,10.5,12.5],"texture":"#3"},"east":{"uv":[10.5,11,11,12.5],"texture":"#3"},"south":{"uv":[11,11,11.5,12.5],"texture":"#3"},"west":{"uv":[11.5,4,12,5.5],"texture":"#3"},"down":{"uv":[14.375,4,14.875,4.5],"texture":"#3"}}},{"from":[8.76425,9.25227,7.495],"to":[9.76425,10.75227,8.505],"rotation":{"angle":45,"axis":"z","origin":[8,10.63348,8]},"faces":{"north":{"uv":[12,6,12.5,6.75],"texture":"#3"},"east":{"uv":[9,13.25,9.5,14],"texture":"#3"},"south":{"uv":[12,8,12.5,8.75],"texture":"#3"},"west":{"uv":[9.5,13.25,10,14],"texture":"#3"},"up":{"uv":[9.5,12.5,9,12],"texture":"#3"},"down":{"uv":[12.5,9,12,9.5],"texture":"#3"}}},{"from":[7.5086,9.12488,7],"to":[9.5086,11.12488,9],"rotation":{"angle":-45,"axis":"z","origin":[8,10.63348,8]},"faces":{"north":{"uv":[15,4,16,5],"texture":"#3"},"east":{"uv":[15,5,16,6],"texture":"#3"},"south":{"uv":[15,6,16,7],"texture":"#3"},"west":{"uv":[15,7,16,8],"texture":"#3"},"up":{"uv":[13.25,15,12.25,14],"texture":"#3"},"down":{"uv":[11,8,12,9],"texture":"#3"}}},{"from":[5.84689,9.78658,7.6],"to":[8.84689,12.78658,8.4],"rotation":{"angle":-45,"axis":"z","origin":[8,10.63348,8]},"faces":{"north":{"uv":[13,8.375,14.5,9.875],"texture":"#3"},"east":{"uv":[11.5,5.5,11.875,7],"texture":"#3"},"south":{"uv":[14.5,8.375,16,9.875],"texture":"#3"},"west":{"uv":[11.5,11,11.875,12.5],"texture":"#3"},"up":{"uv":[13,7.375,11.5,7],"texture":"#3"},"down":{"uv":[13,7.5,11.5,7.875],"texture":"#3"}}},{"from":[9.34689,10.78658,7.7],"to":[11.34689,12.78658,8.3],"rotation":{"angle":-45,"axis":"z","origin":[8,10.63348,8]},"faces":{"north":{"uv":[9,11,10,12],"texture":"#3"},"east":{"uv":[9.5,12,9.75,13],"texture":"#3"},"south":{"uv":[11,9,12,10],"texture":"#3"},"west":{"uv":[12,9.5,12.25,10.5],"texture":"#3"},"up":{"uv":[13,10.75,12,10.5],"texture":"#3"},"down":{"uv":[13,11,12,11.25],"texture":"#3"}}},{"from":[4.65311,10.78658,7.7],"to":[6.65311,12.78658,8.3],"rotation":{"angle":45,"axis":"z","origin":[8,10.63348,8]},"faces":{"north":{"uv":[10,11,9,12],"texture":"#3"},"east":{"uv":[12.25,9.5,12,10.5],"texture":"#3"},"south":{"uv":[12,9,11,10],"texture":"#3"},"west":{"uv":[9.75,12,9.5,13],"texture":"#3"},"up":{"uv":[12,10.75,13,10.5],"texture":"#3"},"down":{"uv":[12,11,13,11.25],"texture":"#3"}}},{"from":[6.04878,8.73486,7.5],"to":[7.04878,11.73486,8.5],"rotation":{"angle":22.5,"axis":"z","origin":[8,10.63348,8]},"faces":{"north":{"uv":[10.5,11,10,12.5],"texture":"#3"},"east":{"uv":[12,4,11.5,5.5],"texture":"#3"},"south":{"uv":[11.5,11,11,12.5],"texture":"#3"},"west":{"uv":[11,11,10.5,12.5],"texture":"#3"},"down":{"uv":[14.875,4,14.375,4.5],"texture":"#3"}}},{"from":[6.23575,9.25227,7.495],"to":[7.23575,10.75227,8.505],"rotation":{"angle":-45,"axis":"z","origin":[8,10.63348,8]},"faces":{"north":{"uv":[12.5,6,12,6.75],"texture":"#3"},"east":{"uv":[10,13.25,9.5,14],"texture":"#3"},"south":{"uv":[12.5,8,12,8.75],"texture":"#3"},"west":{"uv":[9.5,13.25,9,14],"texture":"#3"},"up":{"uv":[9,12.5,9.5,12],"texture":"#3"},"down":{"uv":[12,9,12.5,9.5],"texture":"#3"}}},{"from":[10.23722,8.07703,7.3],"to":[13.73722,9.47703,8.7],"rotation":{"angle":22.5,"axis":"z","origin":[2.53722,8.07703,7.3]},"faces":{"north":{"uv":[12.25,15.25,14,16],"texture":"#3"},"east":{"uv":[12,4,12.75,4.75],"texture":"#3"},"south":{"uv":[14.25,15.25,16,16],"texture":"#3"},"west":{"uv":[12,5,12.75,5.75],"texture":"#3"},"up":{"uv":[15.875,0.75,14.125,0],"texture":"#3"},"down":{"uv":[15.875,1,14.125,1.75],"texture":"#3"}}},{"from":[11.89713,13.5135,7.468],"to":[16.80713,14.5775,8.532],"rotation":{"angle":45,"axis":"z","origin":[13.62713,14.0955,8]},"faces":{"north":{"uv":[13.5,1.875,16,2.375],"texture":"#3"},"east":{"uv":[12,11.5,12.5,12],"texture":"#3"},"south":{"uv":[13.5,2.375,16,2.875],"texture":"#3"},"up":{"uv":[16,3.375,13.5,2.875],"texture":"#3"},"down":{"uv":[16,3.375,13.5,3.875],"texture":"#3"}}},{"from":[8.69364,7.26738,7.3],"to":[12.19364,8.66738,8.7],"rotation":{"angle":-22.5,"axis":"z","origin":[12.33757,7.54355,8]},"faces":{"north":{"uv":[12.25,16,14,15.25],"texture":"#3"},"east":{"uv":[12,4.75,12.75,4],"texture":"#3"},"south":{"uv":[14.25,16,16,15.25],"texture":"#3"},"west":{"uv":[12,5.75,12.75,5],"texture":"#3"},"up":{"uv":[15.875,1.75,14.125,1],"texture":"#3"},"down":{"uv":[15.875,0,14.125,0.75],"texture":"#3"}}},{"from":[-14.75,7.75,8.075],"to":[6.25,24.75,8.125],"rotation":{"angle":0,"axis":"y","origin":[16,0,7.975]},"faces":{"north":{"uv":[10.5,0,0,8.5],"texture":"#3"},"south":{"uv":[0,0,10.5,8.5],"texture":"#3"}}},{"from":[2.26278,8.07703,7.3],"to":[5.76278,9.47703,8.7],"rotation":{"angle":-22.5,"axis":"z","origin":[13.46278,8.07703,7.3]},"faces":{"north":{"uv":[14,15.25,12.25,16],"texture":"#3"},"east":{"uv":[12.75,5,12,5.75],"texture":"#3"},"south":{"uv":[16,15.25,14.25,16],"texture":"#3"},"west":{"uv":[12.75,4,12,4.75],"texture":"#3"},"up":{"uv":[14.125,0.75,15.875,0],"texture":"#3"},"down":{"uv":[14.125,1,15.875,1.75],"texture":"#3"}}},{"from":[-0.80713,13.5135,7.468],"to":[4.10287,14.5775,8.532],"rotation":{"angle":-45,"axis":"z","origin":[2.37287,14.0955,8]},"faces":{"north":{"uv":[16,1.875,13.5,2.375],"texture":"#3"},"south":{"uv":[16,2.375,13.5,2.875],"texture":"#3"},"west":{"uv":[12.5,11.5,12,12],"texture":"#3"},"up":{"uv":[13.5,3.375,16,2.875],"texture":"#3"},"down":{"uv":[13.5,3.375,16,3.875],"texture":"#3"}}},{"from":[3.80636,7.26738,7.3],"to":[7.30636,8.66738,8.7],"rotation":{"angle":22.5,"axis":"z","origin":[3.66243,7.54355,8]},"faces":{"north":{"uv":[14,16,12.25,15.25],"texture":"#3"},"east":{"uv":[12.75,5.75,12,5],"texture":"#3"},"south":{"uv":[16,16,14.25,15.25],"texture":"#3"},"west":{"uv":[12.75,4.75,12,4],"texture":"#3"},"up":{"uv":[14.125,1.75,15.875,1],"texture":"#3"},"down":{"uv":[14.125,0,15.875,0.75],"texture":"#3"}}},{"from":[-8.75,-2,7.8],"to":[7.25,10,7.85],"rotation":{"angle":0,"axis":"y","origin":[16,0,8]},"faces":{"north":{"uv":[8,9.875,0,15.875],"texture":"#3"},"south":{"uv":[0,9.875,8,15.875],"texture":"#3"}}},{"from":[4.5,6.5,9.5],"to":[11.5,13.5,9.55],"rotation":{"angle":-45,"axis":"z","origin":[8,10,9.525]},"faces":{"north":{"uv":[0,0,10,10],"texture":"#1"},"south":{"uv":[10,0,0,10],"texture":"#1"}}}],"gui_light":"front","display":{"thirdperson_righthand":{"rotation":[40.75,0,0],"translation":[0,-0.5,-1],"scale":[0.43555,0.43555,0.43555]},"thirdperson_lefthand":{"rotation":[67.5,0,0],"translation":[-5.25,-8.5,6.5]},"firstperson_righthand":{"rotation":[-10,0,0],"translation":[1.5,-0.75,0],"scale":[0.53125,0.53125,0.53125]},"firstperson_lefthand":{"rotation":[-10,0,0],"translation":[0,-0.25,0],"scale":[0,0,0]},"ground":{"rotation":[45,0,0],"translation":[0,7,-1.75]},"gui":{"translation":[0,-1.5,0],"scale":[0.44336,0.44336,0.44336]},"head":{"translation":[0,-18.5,7.75],"scale":[1.8,1.8,1.8]},"fixed":{"translation":[0,-4,-1.25],"scale":[1.7,1.7,1.7]}}}