{"credit":"Made by PolygonMC","texture_size":[24,24],"textures":{"2":"sweetheartset:animations/animations_02","3":"sweetheartset:hoe"},"elements":[{"from":[7.425,-0.075,7.425],"to":[8.575,1.075,8.575],"rotation":{"angle":45,"axis":"x","origin":[8,0.5,8]},"faces":{"north":{"uv":[8,2,8.66667,2.66667],"texture":"#3"},"east":{"uv":[8.66667,5.33333,9.33333,6],"texture":"#3"},"south":{"uv":[6.66667,10.66667,7.33333,11.33333],"texture":"#3"},"west":{"uv":[10.66667,6.66667,11.33333,7.33333],"texture":"#3"},"up":{"uv":[8,11.33333,7.33333,10.66667],"texture":"#3"},"down":{"uv":[11.33333,7.33333,10.66667,8],"texture":"#3"}}},{"from":[7.5,0.7,7.5],"to":[8.5,1.7,8.5],"rotation":{"angle":0,"axis":"y","origin":[7.5,0.7,7.5]},"faces":{"north":{"uv":[8,10.66667,8.66667,11.33333],"texture":"#3"},"east":{"uv":[10.66667,8,11.33333,8.66667],"texture":"#3"},"south":{"uv":[8.66667,10.66667,9.33333,11.33333],"texture":"#3"},"west":{"uv":[10.66667,8.66667,11.33333,9.33333],"texture":"#3"},"up":{"uv":[10,11.33333,9.33333,10.66667],"texture":"#3"}}},{"from":[7.5,1.85,7.5],"to":[8.5,2.35,8.5],"rotation":{"angle":0,"axis":"y","origin":[7.5,1.85,7.5]},"faces":{"north":{"uv":[11.33333,6.66667,12,7],"texture":"#3"},"east":{"uv":[7.33333,11.33333,8,11.66667],"texture":"#3"},"south":{"uv":[11.33333,7.33333,12,7.66667],"texture":"#3"},"west":{"uv":[8,11.33333,8.66667,11.66667],"texture":"#3"},"up":{"uv":[11.33333,10,10.66667,9.33333],"texture":"#3"},"down":{"uv":[10.66667,10.66667,10,11.33333],"texture":"#3"}}},{"from":[7.5,3.55,7.5],"to":[8.5,4.05,8.5],"rotation":{"angle":0,"axis":"y","origin":[7.5,3.55,7.5]},"faces":{"north":{"uv":[11.33333,8,12,8.33333],"texture":"#3"},"east":{"uv":[8.66667,11.33333,9.33333,11.66667],"texture":"#3"},"south":{"uv":[11.33333,8.66667,12,9],"texture":"#3"},"west":{"uv":[9.33333,11.33333,10,11.66667],"texture":"#3"},"up":{"uv":[11.33333,10.66667,10.66667,10],"texture":"#3"},"down":{"uv":[11.33333,10.66667,10.66667,11.33333],"texture":"#3"}}},{"from":[7.5,4.2,7.5],"to":[8.5,5.2,8.5],"rotation":{"angle":0,"axis":"y","origin":[7.5,4.2,7.5]},"faces":{"north":{"uv":[0,11.33333,0.66667,12],"texture":"#3"},"east":{"uv":[11.33333,0,12,0.66667],"texture":"#3"},"south":{"uv":[0.66667,11.33333,1.33333,12],"texture":"#3"},"west":{"uv":[11.33333,0.66667,12,1.33333],"texture":"#3"},"down":{"uv":[2,11.33333,1.33333,12],"texture":"#3"}}},{"from":[7.5,12.2,7.5],"to":[8.5,13.2,8.5],"rotation":{"angle":0,"axis":"y","origin":[7.5,4.2,7.5]},"faces":{"north":{"uv":[11.33333,1.33333,12,2],"texture":"#3"},"east":{"uv":[2,11.33333,2.66667,12],"texture":"#3"},"south":{"uv":[11.33333,2,12,2.66667],"texture":"#3"},"west":{"uv":[4,11.33333,4.66667,12],"texture":"#3"},"down":{"uv":[12,4,11.33333,4.66667],"texture":"#3"}}},{"from":[7.6,1.7,7.6],"to":[8.4,4.2,8.4],"rotation":{"angle":0,"axis":"y","origin":[7.5,3.7,7.5]},"faces":{"north":{"uv":[7.33333,0,8,1.66667],"texture":"#3"},"east":{"uv":[8,0,8.66667,1.66667],"texture":"#3"},"south":{"uv":[8,4,8.66667,5.66667],"texture":"#3"},"west":{"uv":[6,8,6.66667,9.66667],"texture":"#3"}}},{"from":[7.25,13,7.5],"to":[8.75,14.5,9],"rotation":{"angle":45,"axis":"x","origin":[8,14,8]},"faces":{"east":{"uv":[8,6,9,7],"texture":"#3"},"south":{"uv":[6.66667,8,7.66667,9],"texture":"#3"},"west":{"uv":[8,7.33333,9,8.33333],"texture":"#3"},"down":{"uv":[9.66667,0,8.66667,1],"texture":"#3"}}},{"from":[7.5,14.5,7.5],"to":[8.5,16,9],"rotation":{"angle":-45,"axis":"x","origin":[8,15,8]},"faces":{"east":{"uv":[8.66667,1.33333,9.66667,2.33333],"texture":"#3"},"south":{"uv":[5.33333,8.66667,6,9.66667],"texture":"#3"},"west":{"uv":[4,8.66667,5,9.66667],"texture":"#3"},"up":{"uv":[11.33333,6.33333,10.66667,5.33333],"texture":"#3"}}},{"from":[7.25,14.5,7.5],"to":[8.75,16,9],"rotation":{"angle":45,"axis":"x","origin":[8,14,8]},"faces":{"north":{"uv":[8.66667,4,9.66667,5],"texture":"#3"},"east":{"uv":[8,8.66667,9,9.66667],"texture":"#3"},"south":{"uv":[9.33333,5.33333,10.33333,6.33333],"texture":"#3"},"west":{"uv":[6.66667,9.33333,7.66667,10.33333],"texture":"#3"},"up":{"uv":[10.33333,7.66667,9.33333,6.66667],"texture":"#3"},"down":{"uv":[10.33333,8,9.33333,9],"texture":"#3"}}},{"from":[7.25,13,6],"to":[8.75,14.5,7.5],"rotation":{"angle":45,"axis":"x","origin":[8,14,8]},"faces":{"north":{"uv":[9.33333,9.33333,10.33333,10.33333],"texture":"#3"},"east":{"uv":[10,0,11,1],"texture":"#3"},"south":{"uv":[10,1.33333,11,2.33333],"texture":"#3"},"west":{"uv":[4,10,5,11],"texture":"#3"},"up":{"uv":[11,5,10,4],"texture":"#3"},"down":{"uv":[6.33333,10,5.33333,11],"texture":"#3"}}},{"from":[7.975,-2,6.5],"to":[8.025,0.5,9],"rotation":{"angle":-45,"axis":"x","origin":[7.975,-0.5,8]},"faces":{"east":{"uv":[6,4,7.66667,5.66667],"texture":"#3"},"west":{"uv":[6,6,7.66667,7.66667],"texture":"#3"}}},{"from":[7.4,5.2,7.4],"to":[8.6,12.2,8.6],"rotation":{"angle":0,"axis":"y","origin":[7.5,5.2,7.5]},"faces":{"north":{"uv":[12,4,12.66667,8.66667],"texture":"#3"},"east":{"uv":[12.66667,4,13.33333,8.66667],"texture":"#3"},"south":{"uv":[13.33333,4,14,8.66667],"texture":"#3"},"west":{"uv":[14,4,14.66667,8.66667],"texture":"#3"},"up":{"uv":[5.33333,12,4.66667,11.33333],"texture":"#3"},"down":{"uv":[12,4.66667,11.33333,5.33333],"texture":"#3"}}},{"from":[7.55,10.75,4.75],"to":[8.45,13.75,7.75],"rotation":{"angle":-45,"axis":"x","origin":[8,12.25,6.25]},"faces":{"north":{"uv":[6.66667,0,7.33333,2],"texture":"#3"},"east":{"uv":[12,0,14,2],"texture":"#3"},"south":{"uv":[14,0,14.66667,2],"texture":"#3"},"west":{"uv":[12,2,14,4],"texture":"#3"},"up":{"uv":[15.33333,2,14.66667,0],"texture":"#3"},"down":{"uv":[16,0,15.33333,2],"texture":"#3"}}},{"from":[7.75,13.25,2.25],"to":[8.25,14.25,11.25],"rotation":{"angle":-22.5,"axis":"x","origin":[8,12.45533,6.75]},"faces":{"north":{"uv":[11.33333,10.66667,11.66667,11.33333],"texture":"#3"},"east":{"uv":[6,2.66667,12,3.33333],"texture":"#3"},"south":{"uv":[11.33333,11.33333,11.66667,12],"texture":"#3"},"west":{"uv":[6,3.33333,12,4],"texture":"#3"},"up":{"uv":[12.33333,14.66667,12,8.66667],"texture":"#3"},"down":{"uv":[13,8.66667,12.66667,14.66667],"texture":"#3"}}},{"from":[7.755,9.83526,1.0061],"to":[8.245,10.83526,3.0061],"rotation":{"angle":22.5,"axis":"x","origin":[8,12.45533,6.75]},"faces":{"north":{"uv":[11.33333,9.33333,11.66667,10],"texture":"#3"},"east":{"uv":[6.66667,2,8,2.66667],"texture":"#3"},"south":{"uv":[10,11.33333,10.33333,12],"texture":"#3"},"west":{"uv":[8,10,9.33333,10.66667],"texture":"#3"},"up":{"uv":[5.66667,12.66667,5.33333,11.33333],"texture":"#3"},"down":{"uv":[11.66667,5.33333,11.33333,6.66667],"texture":"#3"}}},{"from":[7.755,15.90633,8.66296],"to":[8.245,16.90633,10.66296],"rotation":{"angle":22.5,"axis":"x","origin":[8,12.45533,6.75]},"faces":{"north":{"uv":[11.33333,10,11.66667,10.66667],"texture":"#3"},"east":{"uv":[0,10.66667,1.33333,11.33333],"texture":"#3"},"south":{"uv":[10.66667,11.33333,11,12],"texture":"#3"},"west":{"uv":[1.33333,10.66667,2.66667,11.33333],"texture":"#3"},"up":{"uv":[6.33333,12.66667,6,11.33333],"texture":"#3"},"down":{"uv":[7,11.33333,6.66667,12.66667],"texture":"#3"}}},{"from":[7.975,10.6,-2],"to":[8.025,14.6,8],"rotation":{"angle":-22.5,"axis":"x","origin":[8,12.45533,6.75]},"faces":{"east":{"uv":[6.66667,0,0,2.66667],"texture":"#3"},"west":{"uv":[0,0,6.66667,2.66667],"texture":"#3"}}},{"from":[7.975,9.6,8],"to":[8.025,14.6,14],"rotation":{"angle":-22.5,"axis":"x","origin":[8,12.45533,6.75]},"faces":{"east":{"uv":[4,3.66667,0,7],"texture":"#3"},"west":{"uv":[0,3.66667,4,7],"texture":"#3"}}},{"from":[7.65,7,-1.25],"to":[7.65,15,6.75],"rotation":{"angle":-22.5,"axis":"x","origin":[8,11,2.5]},"faces":{"west":{"uv":[0,0,16,16],"texture":"#2"}}},{"from":[8.35,7,-1.25],"to":[8.35,15,6.75],"rotation":{"angle":-22.5,"axis":"x","origin":[8,11,2.5]},"faces":{"east":{"uv":[16,0,0,16],"texture":"#2"}}}],"gui_light":"front","display":{"thirdperson_righthand":{"translation":[0,3.25,1]},"thirdperson_lefthand":{"translation":[0,3.25,1]},"firstperson_righthand":{"rotation":[-10,0,0],"translation":[0,4.25,0]},"firstperson_lefthand":{"rotation":[-10,0,0],"translation":[0,4.25,0]},"ground":{"rotation":[-45,0,0],"translation":[0,7,0]},"gui":{"rotation":[-90,45,90],"translation":[0.75,-0.25,0]},"head":{"scale":[0,0,0]},"fixed":{"rotation":[90,-90,90],"translation":[0,1.5,-1.25],"scale":[1.5,1.5,1.5]}}}