{"sources":[{"source":"entity","prefix":"entity/","type":"directory"},{"type":"single","resource":"littlepenguinset:key"},{"type":"single","resource":"littlepandaset:shield"},{"type":"single","resource":"fairyset:crossbow_1"},{"type":"single","resource":"fairyset:crossbow_2"},{"type":"single","resource":"lunar_studios:maks_art/summer_v2/items/summertime_arrow"},{"type":"single","resource":"fairyset:greatsword"},{"type":"single","resource":"jeqo:gold/cyber_helmet"},{"type":"single","resource":"jeqo:pink/cyber_boots"},{"type":"single","resource":"jeqo:gold/cyber_shield"},{"type":"single","resource":"frog:frogtextures/texture"},{"type":"single","resource":"elitecreatures:pirate_weapon_set_v2/pirate_cannon"},{"type":"single","resource":"littlesharkset:flag"},{"type":"single","resource":"elitecreatures:casino_decoration_v1/casino_chair_bar_brown"},{"type":"single","resource":"elitecreatures:patrick_animated_weapon_set/cloverbubble1"},{"type":"single","resource":"elitecreatures:patrick_animated_weapon_set/cloverbubble2"},{"type":"single","resource":"jeqo:pink/cyber_chestplate"},{"type":"single","resource":"jeqo:red/cyber_key"},{"type":"single","resource":"elitecreatures:valentines_animated_weapon_and_tool_set_v1/helmet_icon"},{"type":"single","resource":"jeqo:pink/cyber_crate"},{"type":"single","resource":"littlepenguinset:backpack"},{"type":"single","resource":"jeqo:gold/cyber_crate"},{"type":"single","resource":"fairyset:armor/fairy_chestplate_icon"},{"type":"single","resource":"littleteddybearset:crossbow_2"},{"type":"single","resource":"littleteddybearset:crossbow_1"},{"type":"single","resource":"jeqo:props/wood/wood_pet_house"},{"type":"single","resource":"protocalset:crossbow"},{"type":"single","resource":"protocalset:wings"},{"type":"single","resource":"sweetheartset:wings"},{"type":"single","resource":"littleteddybearset:sword"},{"type":"single","resource":"fiendskullset:knife"},{"type":"single","resource":"jeqo:red/cyber_crate"},{"type":"single","resource":"jeqo:props/wood/wood_side_table"},{"type":"single","resource":"fairyset:trident"},{"type":"single","resource":"halloweenset:shovel_1"},{"type":"single","resource":"halloweenset:shovel_2"},{"type":"single","resource":"littlepandaset:armor/littlepanda_helmet_icon"},{"type":"single","resource":"littleduckset:spear"},{"type":"single","resource":"halloweenset:sword_2"},{"type":"single","resource":"halloweenset:sword_1"},{"type":"single","resource":"littleteddybearset:shield"},{"type":"single","resource":"jeqo:red/cyber_boots"},{"type":"single","resource":"littleduckset:key"},{"type":"single","resource":"protocalset:shovel"},{"type":"single","resource":"jeqo:blue/cyber_axe"},{"type":"single","resource":"jeqo:blue/cyber_shield"},{"type":"single","resource":"jeqo:purple/cyber_boots"},{"type":"single","resource":"magic_store:furnitures/summer_001/oaklog"},{"type":"single","resource":"elitecreatures:casino_decoration_v1/casino_sofa_red"},{"type":"single","resource":"elitecreatures:pirate_weapon_set_v2/pirate_gun"},{"type":"single","resource":"valatic:stoneone"},{"type":"single","resource":"littlesharkset:bow"},{"type":"single","resource":"jeqo:green/cyber_rod"},{"type":"single","resource":"jeqo:green/cyber_bow"},{"type":"single","resource":"jeqo:purple/cyber_crate"},{"type":"single","resource":"littlepandaset:armor/littlepanda_leggings_icon"},{"type":"single","resource":"jeqo:gold/cyber_boots"},{"type":"single","resource":"jeqo:blue/cyber_helmet"},{"type":"single","resource":"discordnitroset:animations/animations_nitro"},{"type":"single","resource":"protocalset:armor/protocal_boots_icon"},{"type":"single","resource":"jeqo:gold/cyber_bow"},{"type":"single","resource":"sweetheartset:helmet"},{"type":"single","resource":"_iainternal:icons/icon_arrow_chest"},{"type":"single","resource":"jeqo:gold/cyber_rod"},{"type":"single","resource":"halloweenset:gun_1"},{"type":"single","resource":"littleteddybearset:axe"},{"type":"single","resource":"littleduckset:fishing_rod_cast"},{"type":"single","resource":"bonitaset:sword"},{"type":"single","resource":"elitecreatures:valentines_animated_weapon_and_tool_set_v1/heartnitro"},{"type":"single","resource":"icetools:shard_bow"},{"type":"single","resource":"fairyset:key"},{"type":"single","resource":"fairyset:sword"},{"type":"single","resource":"littlesharkset:hammer"},{"type":"single","resource":"sweetheartset:axe"},{"type":"single","resource":"cosmicpickaxes:solar_pickaxe"},{"type":"single","resource":"fairyset:armor/fairy_helmet_icon"},{"type":"single","resource":"dragonsoulset:shovel"},{"type":"single","resource":"jeqo:props/wood/wood_light_post"},{"type":"single","resource":"valatic:stonetwo"},{"type":"single","resource":"jeqo:green/cyber_leggings"},{"type":"single","resource":"cosmicpickaxes:cosmic_horror_pickaxe"},{"type":"single","resource":"bonitaset:wings"},{"type":"single","resource":"littlepandaset:armor/littlepanda_chestplate_icon"},{"type":"single","resource":"discordnitroset:animations/nitro_gems"},{"type":"single","resource":"lunar_studios:maks_art/summer_v2/items/summertime_chestplate"},{"type":"single","resource":"fairyset:fishing_rod_cast"},{"type":"single","resource":"fairyset:bow"},{"type":"single","resource":"jeqo:purple/cyber_shovel"},{"type":"single","resource":"jeqo:props/wood/wood_palette"},{"type":"single","resource":"littlesharkset:fishing_rod"},{"type":"single","resource":"littlepenguinset:staff"},{"type":"single","resource":"littlesharkset:hat"},{"type":"single","resource":"littleteddybearset:key"},{"type":"single","resource":"littleduckset:pickaxe"},{"type":"single","resource":"fiendskullset:crossbow"},{"type":"single","resource":"littleteddybearset:flag"},{"type":"single","resource":"elitecreatures:valentines_animated_weapon_and_tool_set_v1/valentine_tex7"},{"type":"single","resource":"elitecreatures:valentines_animated_weapon_and_tool_set_v1/valentine_tex6"},{"type":"single","resource":"protocalset:armor/protocal_helmet_icon"},{"type":"single","resource":"lunar_studios:maks_art/summer_v2/items/water_gun_fishing_rod"},{"type":"single","resource":"elitecreatures:valentines_animated_weapon_and_tool_set_v1/valentine_tex8"},{"type":"single","resource":"littleduckset:hammer"},{"type":"single","resource":"sweetheartset:animations/animations_03"},{"type":"single","resource":"sweetheartset:animations/animations_02"},{"type":"single","resource":"jeqo:purple/cyber_axe"},{"type":"single","resource":"pandaset:fishing1"},{"type":"single","resource":"dragonsoulset:bow"},{"type":"single","resource":"littleteddybearset:fishing_rod"},{"type":"single","resource":"pandaset:fishing2"},{"type":"single","resource":"littlebunnyset:staff"},{"type":"single","resource":"littlepenguinset:hammer"},{"type":"single","resource":"littlesharkset:crossbow"},{"type":"single","resource":"littleduckset:bow"},{"type":"single","resource":"sweetheartset:animations/animations_01"},{"type":"single","resource":"elitecreatures:valentines_animated_weapon_and_tool_set_v1/valentine_tex3"},{"type":"single","resource":"lunar_studios:maks_art/summer_v2/items/summertime_boots"},{"type":"single","resource":"elitecreatures:valentines_animated_weapon_and_tool_set_v1/valentine_tex2"},{"type":"single","resource":"bonitaset:armor/bonita_boots_icon"},{"type":"single","resource":"pandaset:hammer"},{"type":"single","resource":"elitecreatures:valentines_animated_weapon_and_tool_set_v1/valentine_tex5"},{"type":"single","resource":"elitecreatures:valentines_animated_weapon_and_tool_set_v1/valentine_tex4"},{"type":"single","resource":"elitecreatures:valentines_animated_weapon_and_tool_set_v1/valentine_tex1"},{"type":"single","resource":"littlepandaset:bow"},{"type":"single","resource":"littlepandaset:bamboo_backpack"},{"type":"single","resource":"lunar_studios:maks_art/summer_v2/items/summertime_bow"},{"type":"single","resource":"sweetheartset:pickaxe"},{"type":"single","resource":"littlepandaset:crossbow_1"},{"type":"single","resource":"littlepandaset:crossbow_2"},{"type":"single","resource":"discordnitroset:axe"},{"type":"single","resource":"littleteddybearset:swim_tube"},{"type":"single","resource":"discordnitroset:sword"},{"type":"single","resource":"jeqo:props/wood/wood_shelf_small"},{"type":"single","resource":"discordnitroset:wings"},{"type":"single","resource":"dragonsoulset:bow_2"},{"type":"single","resource":"dragonsoulset:bow_1"},{"type":"single","resource":"protocalset:sword"},{"type":"single","resource":"fiendskullset:hoe"},{"type":"single","resource":"elitecreatures:valentines_animated_weapon_and_tool_set_v1/chestplate_icon"},{"type":"single","resource":"frog:frogtextures/chest"},{"type":"single","resource":"discordnitroset:scythe"},{"type":"single","resource":"discordnitroset:shield"},{"type":"single","resource":"elitecreatures:casino_decoration_v1/casino_chair_bar_red"},{"type":"single","resource":"frog:frogtextures/crossbow2"},{"type":"single","resource":"frog:frogtextures/crossbow1"},{"type":"single","resource":"frog:frogtextures/crossbow4"},{"type":"single","resource":"frog:frogtextures/crossbow3"},{"type":"single","resource":"frog:frogtextures/pickaxe"},{"type":"single","resource":"cosmicpickaxes:vortex_pickaxe"},{"type":"single","resource":"littlepenguinset:axe"},{"type":"single","resource":"cosmicpickaxes:martian_pickaxe_head"},{"type":"single","resource":"discordnitroset:helmet"},{"type":"single","resource":"pandaset:sword"},{"type":"single","resource":"littlepandaset:greatsword"},{"type":"single","resource":"sweetheartset:armor/sweetheart_leggings_icon"},{"type":"single","resource":"fiendskullset:armor/fiendskull_chestplate_icon"},{"type":"single","resource":"fiendskullset:staff"},{"type":"single","resource":"littlesharkset:key"},{"type":"single","resource":"jeqo:gold/cyber_pickaxe"},{"type":"single","resource":"elitecreatures:casino_decoration_v1/casino_table_roulette"},{"type":"single","resource":"fairyset:hammer"},{"type":"single","resource":"dragonsoulset:armor/dragon_soul_chestplate_icon"},{"type":"single","resource":"dragonsoulset:wings"},{"type":"single","resource":"elitecreatures:casino_decoration_v1/casino_table_billiards"},{"type":"single","resource":"elitecreatures:patrick_animated_weapon_set/slot"},{"type":"single","resource":"jeqo:blue/cyber_key"},{"type":"single","resource":"littlepenguinset:swim_tube"},{"type":"single","resource":"protocalset:scythe"},{"type":"single","resource":"lunar_studios:maks_art/summer_v2/items/umbrella_sword"},{"type":"single","resource":"elitecreatures:casino_decoration_v1/casino_monitor"},{"type":"single","resource":"frog:frogtextures/hoe"},{"type":"single","resource":"fairyset:animations/animations_04"},{"type":"single","resource":"bonitaset:animations/animations_3"},{"type":"single","resource":"fairyset:animations/animations_03"},{"type":"single","resource":"bonitaset:animations/animations_4"},{"type":"single","resource":"bonitaset:animations/animations_1"},{"type":"single","resource":"bonitaset:animations/animations_2"},{"type":"single","resource":"dragonsoulset:armor/dragon_soul_boots_icon"},{"type":"single","resource":"jeqo:pink/cyber_hoe"},{"type":"single","resource":"bonitaset:axe"},{"type":"single","resource":"protocalset:greatsword"},{"type":"single","resource":"elitecreatures:casino_decoration_v1/casino_table_blackjack"},{"type":"single","resource":"_iainternal:icons/icon_left_blue"},{"type":"single","resource":"sweetheartset:bow"},{"type":"single","resource":"littlepandaset:crossbow"},{"type":"single","resource":"elitecreatures:casino_decoration_v1/casino_barrier"},{"type":"single","resource":"jeqo:green/cyber_helmet"},{"type":"single","resource":"pandaset:backpack"},{"type":"single","resource":"protocalset:armor/protocal_chestplate_icon"},{"type":"single","resource":"jeqo:gold/cyber_key"},{"type":"single","resource":"littlepenguinset:shovel"},{"type":"single","resource":"jeqo:props/wood/wood_table"},{"type":"single","resource":"fiendskullset:armor/fiendskull_leggings_icon"},{"type":"single","resource":"elitecreatures:casino_decoration_v1/casino_pot_tree"},{"type":"single","resource":"littleteddybearset:staff"},{"type":"single","resource":"jeqo:props/wood/wood_nightstand"},{"type":"single","resource":"dragonsoulset:shield"},{"type":"single","resource":"fairyset:armor/fairy_leggings_icon"},{"type":"single","resource":"jeqo:blue/cyber_pickaxe"},{"type":"single","resource":"fairyset:animations/animations_02"},{"type":"single","resource":"fairyset:animations/animations_01"},{"type":"single","resource":"littleteddybearset:bow"},{"type":"single","resource":"littlepandaset:hoe"},{"type":"single","resource":"jeqo:purple/cyber_pickaxe"},{"type":"single","resource":"jeqo:blue/cyber_boots"},{"type":"single","resource":"fiendskullset:bow"},{"type":"single","resource":"elitecreatures:patrick_animated_weapon_set/texture6"},{"type":"single","resource":"littlebunnyset:sword"},{"type":"single","resource":"halloweenset:fishing_1_1"},{"type":"single","resource":"elitecreatures:patrick_animated_weapon_set/texture5"},{"type":"single","resource":"fairyset:staff"},{"type":"single","resource":"halloweenset:fishing_1_2"},{"type":"single","resource":"jeqo:purple/cyber_hoe"},{"type":"single","resource":"elitecreatures:patrick_animated_weapon_set/texture7"},{"type":"single","resource":"elitecreatures:patrick_animated_weapon_set/texture2"},{"type":"single","resource":"elitecreatures:patrick_animated_weapon_set/texture1"},{"type":"single","resource":"jeqo:red/cyber_axe"},{"type":"single","resource":"elitecreatures:patrick_animated_weapon_set/texture4"},{"type":"single","resource":"jeqo:gold/cyber_shovel"},{"type":"single","resource":"elitecreatures:patrick_animated_weapon_set/texture3"},{"type":"single","resource":"fiendskullset:armor/fiendskull_boots_icon"},{"type":"single","resource":"jeqo:green/cyber_sword"},{"type":"single","resource":"jeqo:blue/cyber_crate"},{"type":"single","resource":"littlepandaset:panda_head"},{"type":"single","resource":"littlepandaset:fishing_rod_cast"},{"type":"single","resource":"fiendskullset:pickaxe"},{"type":"single","resource":"littlesharkset:shovel"},{"type":"single","resource":"littlebunnyset:chest"},{"type":"single","resource":"littlepenguinset:bow"},{"type":"single","resource":"jeqo:pink/cyber_shield"},{"type":"single","resource":"pandaset:key"},{"type":"single","resource":"littlesharkset:sword"},{"type":"single","resource":"littlepenguinset:penguin"},{"type":"single","resource":"jeqo:blue/cyber_leggings"},{"type":"single","resource":"littlepandaset:spear"},{"type":"single","resource":"protocalset:key"},{"type":"single","resource":"pandaset:chestopen"},{"type":"single","resource":"jeqo:props/wood/wood_picnic_table"},{"type":"single","resource":"fairyset:wings"},{"type":"single","resource":"jeqo:props/wood/wood_shelf_large"},{"type":"single","resource":"jeqo:purple/cyber_sword"},{"type":"single","resource":"littlebunnyset:flag"},{"type":"single","resource":"littlebunnyset:bow_2"},{"type":"single","resource":"littlebunnyset:bow_1"},{"type":"single","resource":"littlepandaset:hammer"},{"type":"single","resource":"elitecreatures:ghostly_animated_weapon_set/casperghost_texture_01"},{"type":"single","resource":"littlepenguinset:bow_2"},{"type":"single","resource":"littlepandaset:scythe"},{"type":"single","resource":"littlepenguinset:bow_1"},{"type":"single","resource":"jeqo:blue/cyber_bow"},{"type":"single","resource":"littlepenguinset:chest"},{"type":"single","resource":"discordnitroset:hoe"},{"type":"single","resource":"protocalset:pickaxe"},{"type":"single","resource":"halloweenset:fishing_0_1"},{"type":"single","resource":"halloweenset:fishing_0_2"},{"type":"single","resource":"littlesharkset:chest"},{"type":"single","resource":"fiendskullset:helmet"},{"type":"single","resource":"fiendskullset:armor/fiendskull_helmet_icon"},{"type":"single","resource":"valatic:dirttwo"},{"type":"single","resource":"littlesharkset:staff"},{"type":"single","resource":"littlepenguinset:sword"},{"type":"single","resource":"discordnitroset:fishing_rod_cast"},{"type":"single","resource":"littlesharkset:bow_1"},{"type":"single","resource":"jeqo:red/cyber_shield"},{"type":"single","resource":"fairyset:pickaxe"},{"type":"single","resource":"fairyset:shovel"},{"type":"single","resource":"littlesharkset:bow_2"},{"type":"single","resource":"littleduckset:backpack"},{"type":"single","resource":"elitecreatures:pirate_weapon_set_v2/pirate_sword"},{"type":"single","resource":"jeqo:blue/cyber_rod"},{"type":"single","resource":"pandaset:axe"},{"type":"single","resource":"fairyset:fishing_rod"},{"type":"single","resource":"discordnitroset:armor/discordnitro_helmet_icon"},{"type":"single","resource":"lunar_studios:maks_art/summer_v2/items/octo_arm"},{"type":"single","resource":"littlepandaset:armor/littlepanda_boots_icon"},{"type":"single","resource":"discordnitroset:trident"},{"type":"single","resource":"littlesharkset:animations/animations_4"},{"type":"single","resource":"littlesharkset:animations/animations_3"},{"type":"single","resource":"halloweenset:bow_2_2"},{"type":"single","resource":"halloweenset:bow_2_1"},{"type":"single","resource":"valatic:dirtone"},{"type":"single","resource":"discordnitroset:fishing_rod"},{"type":"single","resource":"littlepandaset:panda_hood"},{"type":"single","resource":"littlesharkset:animations/animations_2"},{"type":"single","resource":"littlesharkset:animations/animations_1"},{"type":"single","resource":"lunar_studios:maks_art/summer_v2/items/shark_sword"},{"type":"single","resource":"fiendskullset:spear"},{"type":"single","resource":"discordnitroset:armor/discordnitro_boots_icon"},{"type":"single","resource":"pandaset:shovel"},{"type":"single","resource":"jeqo:blue/cyber_sword"},{"type":"single","resource":"sweetheartset:shield"},{"type":"single","resource":"halloweenset:pickaxe_2"},{"type":"single","resource":"pandaset:staff"},{"type":"single","resource":"halloweenset:pickaxe_1"},{"type":"single","resource":"elitecreatures:casino_decoration_v1/casino_table_craps"},{"type":"single","resource":"littlepenguinset:crossbow_1"},{"type":"single","resource":"littlepenguinset:hood"},{"type":"single","resource":"littlepenguinset:crossbow_2"},{"type":"single","resource":"icetools:fractal_hammer"},{"type":"single","resource":"littlebunnyset:backpack"},{"type":"single","resource":"littleteddybearset:pickaxe"},{"type":"single","resource":"icetools:ice_shovel"},{"type":"single","resource":"jeqo:purple/cyber_helmet"},{"type":"single","resource":"icetools:ice_hatchet"},{"type":"single","resource":"elitecreatures:casino_decoration_v1/casino_sofa_red_single"},{"type":"single","resource":"elitecreatures:valentines_animated_weapon_and_tool_set_v1/cameralens1"},{"type":"single","resource":"discordnitroset:crossbow_2"},{"type":"single","resource":"littleduckset:shovel"},{"type":"single","resource":"discordnitroset:crossbow_1"},{"type":"single","resource":"littlebunnyset:shovel"},{"type":"single","resource":"jeqo:green/cyber_hoe"},{"type":"single","resource":"elitecreatures:valentines_animated_weapon_and_tool_set_v1/glassese"},{"type":"single","resource":"elitecreatures:valentines_animated_weapon_and_tool_set_v1/leggings_icon"},{"type":"single","resource":"protocalset:staff"},{"type":"single","resource":"protocalset:bow"},{"type":"single","resource":"pandaset:shield2"},{"type":"single","resource":"pandaset:shield1"},{"type":"single","resource":"lunar_studios:maks_art/summer_v2/items/summertime_shield"},{"type":"single","resource":"halloweenset:bow_3_1"},{"type":"single","resource":"frog:frogtextures/chestopen"},{"type":"single","resource":"halloweenset:bow_3_2"},{"type":"single","resource":"_iainternal:icons/icon_right_blue"},{"type":"single","resource":"jeqo:props/wood/wood_coffee_table"},{"type":"single","resource":"elitecreatures:casino_decoration_v1/casino_game_bigwin"},{"type":"single","resource":"magic_store:furnitures/summer_001/scarecrow"},{"type":"single","resource":"sweetheartset:armor/sweetheart_helmet_icon"},{"type":"single","resource":"littlesharkset:pickaxe"},{"type":"single","resource":"fairyset:crossbow"},{"type":"single","resource":"elitecreatures:patrick_animated_weapon_set/clover"},{"type":"single","resource":"elitecreatures:valentines_animated_weapon_and_tool_set_v1/cloudheart"},{"type":"single","resource":"jeqo:green/cyber_pickaxe"},{"type":"single","resource":"littlebunnyset:hoe"},{"type":"single","resource":"cosmicpickaxes:cosmic_horror_pickaxe_animations_1"},{"type":"single","resource":"cosmicpickaxes:cosmic_horror_pickaxe_animations_2"},{"type":"single","resource":"bonitaset:armor/bonita_leggings_icon"},{"type":"single","resource":"cosmicpickaxes:cosmic_horror_pickaxe_animations_3"},{"type":"single","resource":"lunar_studios:maks_art/summer_v2/items/summertime_leggings"},{"type":"single","resource":"littlebunnyset:crossbow_2"},{"type":"single","resource":"icetools:ice_halberd"},{"type":"single","resource":"littlebunnyset:crossbow_1"},{"type":"single","resource":"cosmicpickaxes:vortex_pickaxe_ring"},{"type":"single","resource":"icetools:ice_scythe"},{"type":"single","resource":"fairyset:hoe"},{"type":"single","resource":"littleduckset:shield"},{"type":"single","resource":"elitecreatures:casino_decoration_v1/casino_table_billiards_stick_stand"},{"type":"single","resource":"bonitaset:bow_1"},{"type":"single","resource":"dragonsoulset:fishing_rod_cast"},{"type":"single","resource":"littlesharkset:trident"},{"type":"single","resource":"littleduckset:hoe"},{"type":"single","resource":"bonitaset:bow_2"},{"type":"single","resource":"dragonsoulset:hoe"},{"type":"single","resource":"cosmicpickaxes:otw_pickaxe"},{"type":"single","resource":"pandaset:crossbow3"},{"type":"single","resource":"littleteddybearset:spear"},{"type":"single","resource":"pandaset:crossbow1"},{"type":"single","resource":"elitecreatures:pirate_weapon_set_v2/back"},{"type":"single","resource":"protocalset:animations/animations_1"},{"type":"single","resource":"fairyset:animations/animations_pickaxe"},{"type":"single","resource":"pandaset:crossbow4"},{"type":"single","resource":"elitecreatures:patrick_animated_weapon_set/boots_icon"},{"type":"single","resource":"pandaset:pickaxe"},{"type":"single","resource":"protocalset:animations/animations_5"},{"type":"single","resource":"protocalset:animations/animations_4"},{"type":"single","resource":"jeqo:red/cyber_leggings"},{"type":"single","resource":"protocalset:animations/animations_3"},{"type":"single","resource":"protocalset:animations/animations_2"},{"type":"single","resource":"littleteddybearset:bow_2"},{"type":"single","resource":"halloweenset:bow_0_2"},{"type":"single","resource":"fiendskullset:fishing_rod"},{"type":"single","resource":"littleteddybearset:bow_1"},{"type":"single","resource":"halloweenset:bow_0_1"},{"type":"single","resource":"_iainternal:icons/icon_next_orange"},{"type":"single","resource":"littlesharkset:fishing_rod_cast"},{"type":"single","resource":"fiendskullset:key"},{"type":"single","resource":"littlebunnyset:fishing_rod"},{"type":"single","resource":"protocalset:animations/staff_cube"},{"type":"single","resource":"jeqo:props/wood/wood_swinging_loveseat"},{"type":"single","resource":"elitecreatures:valentines_animated_weapon_and_tool_set_v1/bowfill"},{"type":"single","resource":"jeqo:props/wood/wood_wall_sign"},{"type":"single","resource":"littlepenguinset:crossbow"},{"type":"single","resource":"jeqo:props/wood/wood_wall_lamp"},{"type":"single","resource":"lunar_studios:maks_art/summer_v2/items/racquet_axe"},{"type":"single","resource":"protocalset:bow_1"},{"type":"single","resource":"elitecreatures:pirate_weapon_set_v2/pirate_axe"},{"type":"single","resource":"protocalset:bow_2"},{"type":"single","resource":"elitecreatures:valentines_animated_weapon_and_tool_set_v1/boots_icon"},{"type":"single","resource":"jeqo:props/wood/wood_coffee_table_2"},{"type":"single","resource":"lunar_studios:maks_art/summer_v2/items/roller_blade_hoe"},{"type":"single","resource":"elitecreatures:casino_decoration_v1/casino_chips"},{"type":"single","resource":"pandaset:hat1"},{"type":"single","resource":"pandaset:hat2"},{"type":"single","resource":"sweetheartset:bow_2"},{"type":"single","resource":"sweetheartset:bow_1"},{"type":"single","resource":"fairyset:bow_1"},{"type":"single","resource":"fairyset:chest"},{"type":"single","resource":"jeqo:red/cyber_chestplate"},{"type":"single","resource":"littlebunnyset:little_bunny"},{"type":"single","resource":"littlepandaset:staff"},{"type":"single","resource":"elitecreatures:patrick_animated_weapon_set/helmet_icon"},{"type":"single","resource":"elitecreatures:patrick_animated_weapon_set/leggings_icon"},{"type":"single","resource":"discordnitroset:hammer"},{"type":"single","resource":"_iainternal:icons/icon_cancel"},{"type":"single","resource":"protocalset:chest"},{"type":"single","resource":"littleteddybearset:backpack"},{"type":"single","resource":"fairyset:spear"},{"type":"single","resource":"elitecreatures:casino_decoration_v1/casino_moniter_animate"},{"type":"single","resource":"littlesharkset:backpack_2"},{"type":"single","resource":"fairyset:bow_2"},{"type":"single","resource":"littlepenguinset:fishing_rod"},{"type":"single","resource":"jeqo:props/wood/wood_crate"},{"type":"single","resource":"halloweenset:axe_2"},{"type":"single","resource":"halloweenset:bow_1_1"},{"type":"single","resource":"sweetheartset:shovel"},{"type":"single","resource":"halloweenset:bow_1_2"},{"type":"single","resource":"jeqo:green/cyber_boots"},{"type":"single","resource":"jeqo:props/wood/wood_swinging_chair"},{"type":"single","resource":"icetools:ice_pickaxe"},{"type":"single","resource":"halloweenset:axe_1"},{"type":"single","resource":"littlepandaset:fishing_rod"},{"type":"single","resource":"discordnitroset:crossbow"},{"type":"single","resource":"littleteddybearset:fishing_rod_cast"},{"type":"single","resource":"jeqo:green/cyber_crate"},{"type":"single","resource":"littleteddybearset:chest"},{"type":"single","resource":"discordnitroset:armor/discordnitro_leggings_icon"},{"type":"single","resource":"fiendskullset:shovel"},{"type":"single","resource":"frog:frogtextures/fishing2"},{"type":"single","resource":"littlepandaset:trident"},{"type":"single","resource":"jeqo:green/cyber_shovel"},{"type":"single","resource":"bonitaset:hoe"},{"type":"single","resource":"jeqo:red/cyber_hoe"},{"type":"single","resource":"jeqo:pink/cyber_bow"},{"type":"single","resource":"bonitaset:fishing_rod"},{"type":"single","resource":"frog:frogtextures/shield2"},{"type":"single","resource":"protocalset:axe"},{"type":"single","resource":"littleduckset:frag"},{"type":"single","resource":"fiendskullset:backpack"},{"type":"single","resource":"elitecreatures:casino_decoration_v1/casino_vending_machine"},{"type":"single","resource":"jeqo:pink/cyber_rod"},{"type":"single","resource":"frog:frogtextures/shield1"},{"type":"single","resource":"icetools:ice_shield"},{"type":"single","resource":"jeqo:green/cyber_axe"},{"type":"single","resource":"littlesharkset:spear"},{"type":"single","resource":"lunar_studios:maks_art/summer_v2/items/carrot_top_pickaxe"},{"type":"single","resource":"littlebunnyset:axe"},{"type":"single","resource":"bonitaset:armor/bonita_helmet_icon"},{"type":"single","resource":"jeqo:red/cyber_sword"},{"type":"single","resource":"jeqo:gold/cyber_axe"},{"type":"single","resource":"jeqo:gold/cyber_sword"},{"type":"single","resource":"littlesharkset:backpack"},{"type":"single","resource":"lunar_studios:maks_art/summer_v2/items/scaptula"},{"type":"single","resource":"sweetheartset:armor/sweetheart_boots_icon"},{"type":"single","resource":"discordnitroset:chest"},{"type":"single","resource":"littlebunnyset:hammer"},{"type":"single","resource":"sweetheartset:hoe"},{"type":"single","resource":"discordnitroset:spear"},{"type":"single","resource":"discordnitroset:bow_2"},{"type":"single","resource":"discordnitroset:bow_1"},{"type":"single","resource":"protocalset:fishing_rod_cast"},{"type":"single","resource":"fairyset:shield"},{"type":"single","resource":"jeqo:pink/cyber_shovel"},{"type":"single","resource":"elitecreatures:patrick_animated_weapon_set/sword"},{"type":"single","resource":"elitecreatures:casino_decoration_v1/casino_bush"},{"type":"single","resource":"littleteddybearset:hoe"},{"type":"single","resource":"protocalset:hammer"},{"type":"single","resource":"pandaset:spear"},{"type":"single","resource":"littlesharkset:shield"},{"type":"single","resource":"magic_store:furnitures/summer_001/oakplant"},{"type":"single","resource":"dragonsoulset:armor/dragon_soul_leggings_icon"},{"type":"single","resource":"jeqo:pink/cyber_sword"},{"type":"single","resource":"littlepandaset:chest"},{"type":"single","resource":"discordnitroset:animations/animations_1"},{"type":"single","resource":"protocalset:helmet"},{"type":"single","resource":"littleduckset:crossbow_2"},{"type":"single","resource":"jeqo:gold/cyber_chestplate"},{"type":"single","resource":"fairyset:helmet"},{"type":"single","resource":"dragonsoulset:sword"},{"type":"single","resource":"littleduckset:crossbow_1"},{"type":"single","resource":"dragonsoulset:pickaxe"},{"type":"single","resource":"fairyset:scythe"},{"type":"single","resource":"pandaset:bow"},{"type":"single","resource":"elitecreatures:casino_decoration_v1/casino_table_wood"},{"type":"single","resource":"littlebunnyset:pickaxe"},{"type":"single","resource":"elitecreatures:casino_decoration_v1/casino_game_slot"},{"type":"single","resource":"jeqo:pink/cyber_pickaxe"},{"type":"single","resource":"littlepenguinset:shield"},{"type":"single","resource":"protocalset:spear"},{"type":"single","resource":"littleteddybearset:hood"},{"type":"single","resource":"fiendskullset:fishing_rod_cast"},{"type":"single","resource":"elitecreatures:valentines_animated_weapon_and_tool_set_v1/battery"},{"type":"single","resource":"_iainternal:icons/icon_search"},{"type":"single","resource":"frog:frogtextures/sword"},{"type":"single","resource":"jeqo:props/wood/wood_stool"},{"type":"single","resource":"jeqo:red/cyber_shovel"},{"type":"single","resource":"pandaset:bow_3"},{"type":"single","resource":"littlepandaset:crossbow_firework"},{"type":"single","resource":"littlebunnyset:fishing_rod_cast"},{"type":"single","resource":"magic_store:furnitures/summer_001/frogwater"},{"type":"single","resource":"pandaset:bow_1"},{"type":"single","resource":"pandaset:bow_2"},{"type":"single","resource":"magic_store:furnitures/summer_001/oak"},{"type":"single","resource":"bonitaset:helmet"},{"type":"single","resource":"protocalset:fishing_rod"},{"type":"single","resource":"littlesharkset:crossbow_2"},{"type":"single","resource":"littleteddybearset:hammer"},{"type":"single","resource":"littlesharkset:hoe"},{"type":"single","resource":"bonitaset:shield"},{"type":"single","resource":"elitecreatures:ghostly_animated_weapon_set/casperghost_animation_01"},{"type":"single","resource":"elitecreatures:ghostly_animated_weapon_set/casperghost_animation_02"},{"type":"single","resource":"elitecreatures:ghostly_animated_weapon_set/casperghost_animation_03"},{"type":"single","resource":"littlesharkset:crossbow_1"},{"type":"single","resource":"jeqo:purple/cyber_chestplate"},{"type":"single","resource":"protocalset:shield"},{"type":"single","resource":"pandaset:chest"},{"type":"single","resource":"discordnitroset:pickaxe"},{"type":"single","resource":"littlesharkset:axe"},{"type":"single","resource":"halloweenset:hat"},{"type":"single","resource":"fairyset:animations/animations_axe"},{"type":"single","resource":"sweetheartset:fishing_rod_cast"},{"type":"single","resource":"discordnitroset:shovel"},{"type":"single","resource":"littlebunnyset:shield"},{"type":"single","resource":"littleduckset:littleduck"},{"type":"single","resource":"elitecreatures:valentines_animated_weapon_and_tool_set_v1/heartrotate1"},{"type":"single","resource":"jeqo:blue/cyber_hoe"},{"type":"single","resource":"littlepenguinset:pickaxe"},{"type":"single","resource":"protocalset:crossbow_2"},{"type":"single","resource":"protocalset:crossbow_1"},{"type":"single","resource":"littlepandaset:key"},{"type":"single","resource":"fiendskullset:cape"},{"type":"single","resource":"fiendskullset:trident"},{"type":"single","resource":"fairyset:armor/fairy_boots_icon"},{"type":"single","resource":"dragonsoulset:fishing_rod"},{"type":"single","resource":"fiendskullset:scythe"},{"type":"single","resource":"elitecreatures:ghostly_animated_weapon_set/ghostly_helmet"},{"type":"single","resource":"jeqo:pink/cyber_key"},{"type":"single","resource":"littlepandaset:sword"},{"type":"single","resource":"jeqo:green/cyber_key"},{"type":"single","resource":"jeqo:green/cyber_shield"},{"type":"single","resource":"jeqo:green/cyber_chestplate"},{"type":"single","resource":"bonitaset:shovel"},{"type":"single","resource":"frog:frogtextures/1"},{"type":"single","resource":"jeqo:purple/cyber_leggings"},{"type":"single","resource":"littlesharkset:tail"},{"type":"single","resource":"protocalset:trident"},{"type":"single","resource":"fairyset:axe"},{"type":"single","resource":"frog:frogtextures/spear"},{"type":"single","resource":"littlepandaset:bow_1"},{"type":"single","resource":"littlepandaset:bow_2"},{"type":"single","resource":"icetools:ice_fishing_rod"},{"type":"single","resource":"littleduckset:staff"},{"type":"single","resource":"jeqo:blue/cyber_chestplate"},{"type":"single","resource":"dragonsoulset:axe"},{"type":"single","resource":"dragonsoulset:helmet"},{"type":"single","resource":"icetools:ice_hand_axe"},{"type":"single","resource":"sweetheartset:fishing_rod"},{"type":"single","resource":"littlebunnyset:bow"},{"type":"single","resource":"pandaset:hoe"},{"type":"single","resource":"elitecreatures:ghostly_animated_weapon_set/ghostly_chestplate"},{"type":"single","resource":"elitecreatures:ghostly_animated_weapon_set/ghostly_leggings"},{"type":"single","resource":"elitecreatures:ghostly_animated_weapon_set/ghostly_boots"},{"type":"single","resource":"protocalset:hoe"},{"type":"single","resource":"elitecreatures:pirate_weapon_set_v2/pirate_dagger"},{"type":"single","resource":"littlepandaset:pickaxe"},{"type":"single","resource":"frog:frogtextures/hat"},{"type":"single","resource":"littlebunnyset:bunny_glove"},{"type":"single","resource":"protocalset:armor/protocal_leggings_icon"},{"type":"single","resource":"frog:frogtextures/shovel"},{"type":"single","resource":"jeqo:props/wood/wood_chair"},{"type":"single","resource":"discordnitroset:key"},{"type":"single","resource":"frog:frogtextures/key"},{"type":"single","resource":"littlepenguinset:fishing_rod_cast"},{"type":"single","resource":"fiendskullset:crossbow_2"},{"type":"single","resource":"jeqo:purple/cyber_key"},{"type":"single","resource":"fiendskullset:crossbow_1"},{"type":"single","resource":"fiendskullset:hammer"},{"type":"single","resource":"discordnitroset:armor/discordnitro_chestplate_icon"},{"type":"single","resource":"elitecreatures:pirate_weapon_set_v2/offhand_5"},{"type":"single","resource":"dragonsoulset:animations/animations_2"},{"type":"single","resource":"jeqo:props/wood/wood_cushion_chair"},{"type":"single","resource":"elitecreatures:casino_decoration_v1/casino_card_and_token"},{"type":"single","resource":"dragonsoulset:animations/animations_1"},{"type":"single","resource":"fiendskullset:animations/animations_1"},{"type":"single","resource":"jeqo:pink/cyber_helmet"},{"type":"single","resource":"littlepandaset:shovel"},{"type":"single","resource":"jeqo:blue/cyber_shovel"},{"type":"single","resource":"icetools:ice_broadsword"},{"type":"single","resource":"littleteddybearset:teddybear"},{"type":"single","resource":"littlepandaset:backpack"},{"type":"single","resource":"elitecreatures:patrick_animated_weapon_set/chestplate_icon"},{"type":"single","resource":"jeqo:red/cyber_bow"},{"type":"single","resource":"jeqo:red/cyber_rod"},{"type":"single","resource":"elitecreatures:casino_decoration_v1/casino_sofa_red_no_rest"},{"type":"single","resource":"fiendskullset:crossbow_firework"},{"type":"single","resource":"discordnitroset:staff"},{"type":"single","resource":"fiendskullset:axe"},{"type":"single","resource":"frog:frogtextures/hammer"},{"type":"single","resource":"littlepenguinset:spear"},{"type":"single","resource":"elitecreatures:casino_decoration_v1/casino_table_blank"},{"type":"single","resource":"littleduckset:fishing_rod"},{"type":"single","resource":"elitecreatures:valentines_animated_weapon_and_tool_set_v1/heartrotate"},{"type":"single","resource":"fairyset:crossbow_firework"},{"type":"single","resource":"jeqo:props/wood/wood_cushion_loveseat"},{"type":"single","resource":"bonitaset:pickaxe"},{"type":"single","resource":"littlebunnyset:crossbow"},{"type":"single","resource":"elitecreatures:casino_decoration_v1/casino_chair_brown"},{"type":"single","resource":"jeqo:red/cyber_helmet"},{"type":"single","resource":"frog:frogtextures/bow3"},{"type":"single","resource":"frog:frogtextures/bow4"},{"type":"single","resource":"frog:frogtextures/bow1"},{"type":"single","resource":"cosmicpickaxes:martian_pickaxe"},{"type":"single","resource":"frog:frogtextures/bow2"},{"type":"single","resource":"littlebunnyset:spear"},{"type":"single","resource":"fiendskullset:shield"},{"type":"single","resource":"discordnitroset:greatsword"},{"type":"single","resource":"lunar_studios:maks_art/summer_v2/items/summertime_crown"},{"type":"single","resource":"halloweenset:wing"},{"type":"single","resource":"sweetheartset:sword"},{"type":"single","resource":"sweetheartset:armor/sweetheart_chestplate_icon"},{"type":"single","resource":"halloweenset:armor/chestplate"},{"type":"single","resource":"jeqo:red/cyber_pickaxe"},{"type":"single","resource":"jeqo:props/wood/wood_bench"},{"type":"single","resource":"littleduckset:crossbow"},{"type":"single","resource":"jeqo:pink/cyber_leggings"},{"type":"single","resource":"littleduckset:bow_1"},{"type":"single","resource":"jeqo:purple/cyber_rod"},{"type":"single","resource":"littleduckset:bow_2"},{"type":"single","resource":"frog:frogtextures/backpack"},{"type":"single","resource":"jeqo:gold/cyber_hoe"},{"type":"single","resource":"littlebunnyset:bunny_hood"},{"type":"single","resource":"fiendskullset:bow_2"},{"type":"single","resource":"frog:frogtextures/staff"},{"type":"single","resource":"littleteddybearset:crossbow"},{"type":"single","resource":"jeqo:gold/cyber_leggings"},{"type":"single","resource":"halloweenset:armor/boots"},{"type":"single","resource":"halloweenset:hoe_1"},{"type":"single","resource":"fiendskullset:chest"},{"type":"single","resource":"halloweenset:hoe_2"},{"type":"single","resource":"littleduckset:hood"},{"type":"single","resource":"_iainternal:icons/icon_back_orange"},{"type":"single","resource":"bonitaset:armor/bonita_chestplate_icon"},{"type":"single","resource":"littlebunnyset:key"},{"type":"single","resource":"jeqo:pink/cyber_axe"},{"type":"single","resource":"littleduckset:sword"},{"type":"single","resource":"jeqo:purple/cyber_bow"},{"type":"single","resource":"littlepenguinset:hoe"},{"type":"single","resource":"littleduckset:axe"},{"type":"single","resource":"magic_store:furnitures/summer_001/frogstone"},{"type":"single","resource":"littlepandaset:axe"},{"type":"single","resource":"jeqo:purple/cyber_shield"},{"type":"single","resource":"bonitaset:bow"},{"type":"single","resource":"discordnitroset:bow"},{"type":"single","resource":"bonitaset:fishing_rod_cast"},{"type":"single","resource":"littlepenguinset:flag"},{"type":"single","resource":"halloweenset:armor/leggings"},{"type":"single","resource":"fiendskullset:bow_1"},{"type":"single","resource":"fiendskullset:sword"},{"type":"single","resource":"littleduckset:chest"},{"type":"single","resource":"littleteddybearset:shovel"}]}