{"credit":"Made by PolygonMC","textures":{"1":"bonitaset:animations/animations_1","2":"bonitaset:sword","3":"bonitaset:animations/animations_2","particle":"bonitaset:animations/animations_1"},"elements":[{"from":[7.5,0.75,7.5],"to":[8.5,1.75,8.5],"rotation":{"angle":0,"axis":"y","origin":[7.5,-0.25,7.5]},"faces":{"north":{"uv":[5.33333,10,6,10.66667],"texture":"#2"},"east":{"uv":[10,5.33333,10.66667,6],"texture":"#2"},"south":{"uv":[6,10,6.66667,10.66667],"texture":"#2"},"west":{"uv":[10,6,10.66667,6.66667],"texture":"#2"},"up":{"uv":[10.66667,7.33333,10,6.66667],"texture":"#2"}}},{"from":[7.5,4.75,7.5],"to":[8.5,5.75,8.5],"rotation":{"angle":0,"axis":"y","origin":[7.5,3.75,7.5]},"faces":{"north":{"uv":[10,7.33333,10.66667,8],"texture":"#2"},"east":{"uv":[10,8,10.66667,8.66667],"texture":"#2"},"south":{"uv":[10,8.66667,10.66667,9.33333],"texture":"#2"},"west":{"uv":[10,9.33333,10.66667,10],"texture":"#2"},"down":{"uv":[10.66667,10,10,10.66667],"texture":"#2"}}},{"from":[7.5,3.75,7.5],"to":[8.5,4.25,8.5],"rotation":{"angle":0,"axis":"y","origin":[7.5,0.25,7.5]},"faces":{"north":{"uv":[11.33333,10,12,10.33333],"texture":"#2"},"east":{"uv":[10.66667,11.33333,11.33333,11.66667],"texture":"#2"},"south":{"uv":[11.33333,10.66667,12,11],"texture":"#2"},"west":{"uv":[11.33333,11.33333,12,11.66667],"texture":"#2"},"up":{"uv":[11.33333,0.66667,10.66667,0],"texture":"#2"},"down":{"uv":[11.33333,0.66667,10.66667,1.33333],"texture":"#2"}}},{"from":[7.5,2.25,7.5],"to":[8.5,2.75,8.5],"rotation":{"angle":0,"axis":"y","origin":[7.5,1.25,7.5]},"faces":{"north":{"uv":[0,12,0.66667,12.33333],"texture":"#2"},"east":{"uv":[12,0,12.66667,0.33333],"texture":"#2"},"south":{"uv":[0.66667,12,1.33333,12.33333],"texture":"#2"},"west":{"uv":[12,0.66667,12.66667,1],"texture":"#2"},"up":{"uv":[11.33333,2,10.66667,1.33333],"texture":"#2"},"down":{"uv":[11.33333,2,10.66667,2.66667],"texture":"#2"}}},{"from":[7.4,2.65,7.4],"to":[8.6,3.85,8.6],"rotation":{"angle":45,"axis":"x","origin":[8,3.25,8]},"faces":{"north":{"uv":[10.66667,2.66667,11.33333,3.33333],"texture":"#2"},"east":{"uv":[10.66667,3.33333,11.33333,4],"texture":"#2"},"south":{"uv":[10.66667,4,11.33333,4.66667],"texture":"#2"},"west":{"uv":[10.66667,4.66667,11.33333,5.33333],"texture":"#2"},"up":{"uv":[6,11.33333,5.33333,10.66667],"texture":"#2"},"down":{"uv":[11.33333,5.33333,10.66667,6],"texture":"#2"}}},{"from":[7.6,1.75,7.6],"to":[8.4,2.25,8.4],"rotation":{"angle":0,"axis":"y","origin":[7.5,0.75,7.5]},"faces":{"north":{"uv":[1.33333,12,2,12.33333],"texture":"#2"},"east":{"uv":[12,1.33333,12.66667,1.66667],"texture":"#2"},"south":{"uv":[2,12,2.66667,12.33333],"texture":"#2"},"west":{"uv":[12,2,12.66667,2.33333],"texture":"#2"}}},{"from":[7.6,4.25,7.6],"to":[8.4,4.75,8.4],"rotation":{"angle":0,"axis":"y","origin":[7.5,3.25,7.5]},"faces":{"north":{"uv":[2.66667,12,3.33333,12.33333],"texture":"#2"},"east":{"uv":[12,2.66667,12.66667,3],"texture":"#2"},"south":{"uv":[3.33333,12,4,12.33333],"texture":"#2"},"west":{"uv":[12,3.33333,12.66667,3.66667],"texture":"#2"}}},{"from":[7.75,0,6.75],"to":[8.25,1,7.75],"rotation":{"angle":22.5,"axis":"x","origin":[8,0.5,7.25]},"faces":{"north":{"uv":[4,12,4.33333,12.66667],"texture":"#2"},"east":{"uv":[6,10.66667,6.66667,11.33333],"texture":"#2"},"south":{"uv":[12,4,12.33333,4.66667],"texture":"#2"},"west":{"uv":[10.66667,6,11.33333,6.66667],"texture":"#2"},"up":{"uv":[5,12.66667,4.66667,12],"texture":"#2"},"down":{"uv":[12.33333,4.66667,12,5.33333],"texture":"#2"}}},{"from":[7.752,0.19134,6.40538],"to":[8.248,1.24134,7.13038],"rotation":{"angle":-22.5,"axis":"x","origin":[8.002,0.69134,6.40538]},"faces":{"north":{"uv":[12,5.33333,12.33333,6],"texture":"#2"},"east":{"uv":[12,6,12.33333,6.66667],"texture":"#2"},"south":{"uv":[12,6.66667,12.33333,7.33333],"texture":"#2"},"west":{"uv":[7.33333,12,7.66667,12.66667],"texture":"#2"},"up":{"uv":[3.66667,13,3.33333,12.66667],"texture":"#2"}}},{"from":[7.75,0,8.25],"to":[8.25,1,9.25],"rotation":{"angle":-22.5,"axis":"x","origin":[8,0.5,8.75]},"faces":{"north":{"uv":[12.33333,4,12,4.66667],"texture":"#2"},"east":{"uv":[6.66667,10.66667,6,11.33333],"texture":"#2"},"south":{"uv":[4.33333,12,4,12.66667],"texture":"#2"},"west":{"uv":[11.33333,6,10.66667,6.66667],"texture":"#2"},"up":{"uv":[5,12,4.66667,12.66667],"texture":"#2"},"down":{"uv":[12.33333,5.33333,12,4.66667],"texture":"#2"}}},{"from":[7.752,0.19134,8.86962],"to":[8.248,1.24134,9.59462],"rotation":{"angle":22.5,"axis":"x","origin":[8.002,0.69134,9.59462]},"faces":{"north":{"uv":[12.33333,6.66667,12,7.33333],"texture":"#2"},"east":{"uv":[12.33333,6,12,6.66667],"texture":"#2"},"south":{"uv":[12.33333,5.33333,12,6],"texture":"#2"},"west":{"uv":[7.66667,12,7.33333,12.66667],"texture":"#2"},"up":{"uv":[3.66667,12.66667,3.33333,13],"texture":"#2"}}},{"from":[7.405,-0.095,7.405],"to":[8.595,1.095,8.595],"rotation":{"angle":-45,"axis":"x","origin":[8,0.5,8]},"faces":{"north":{"uv":[10.66667,6.66667,11.33333,7.33333],"texture":"#2"},"east":{"uv":[10.66667,7.33333,11.33333,8],"texture":"#2"},"south":{"uv":[10.66667,8,11.33333,8.66667],"texture":"#2"},"west":{"uv":[8.66667,10.66667,9.33333,11.33333],"texture":"#2"},"up":{"uv":[11.33333,9.33333,10.66667,8.66667],"texture":"#2"},"down":{"uv":[11.33333,9.33333,10.66667,10],"texture":"#2"}}},{"from":[7.4,5.5,7.25],"to":[8.6,7.25,9],"rotation":{"angle":-45,"axis":"x","origin":[8,6.25,8]},"faces":{"north":{"uv":[6.33333,8.66667,7,10],"texture":"#2"},"east":{"uv":[4.33333,7.33333,5.66667,8.66667],"texture":"#2"},"south":{"uv":[9.33333,0,10,1.33333],"texture":"#2"},"west":{"uv":[5.66667,7.33333,7,8.66667],"texture":"#2"},"up":{"uv":[10,6.66667,9.33333,5.33333],"texture":"#2"},"down":{"uv":[9.33333,9.33333,8.66667,10.66667],"texture":"#2"}}},{"from":[7.15,5.75,7.5],"to":[8.85,7,8.75],"rotation":{"angle":-45,"axis":"x","origin":[8,6.25,8]},"faces":{"north":{"uv":[8,5.33333,9,6.33333],"texture":"#2"},"east":{"uv":[0,13.66667,1,14.66667],"texture":"#2"},"south":{"uv":[1.33333,13.66667,2.33333,14.66667],"texture":"#2"},"west":{"uv":[8.66667,1.33333,9.66667,2.33333],"texture":"#2"},"up":{"uv":[3.66667,14.66667,2.66667,13.66667],"texture":"#2"},"down":{"uv":[9.66667,2.66667,8.66667,3.66667],"texture":"#2"}}},{"from":[7.65,5.125,5.575],"to":[8.35,6.375,7.575],"rotation":{"angle":-22.5,"axis":"x","origin":[7.5,6.625,5.575]},"faces":{"north":{"uv":[11.33333,1.66667,11.66667,0.66667],"texture":"#2"},"east":{"uv":[7.33333,7.66667,8.66667,6.66667],"texture":"#2"},"west":{"uv":[8,1,9.33333,0],"texture":"#2"},"up":{"uv":[11,11.33333,10.66667,10],"texture":"#2"},"down":{"uv":[10.33333,10.66667,10,12],"texture":"#2"}}},{"from":[7.652,5.125,4.575],"to":[8.348,8.125,5.575],"rotation":{"angle":-45,"axis":"x","origin":[7.502,6.625,5.575]},"faces":{"north":{"uv":[9.33333,11.33333,9.66667,9.33333],"texture":"#2"},"east":{"uv":[8,3.33333,8.66667,1.33333],"texture":"#2"},"south":{"uv":[0,12,0.33333,10],"texture":"#2"},"west":{"uv":[8,5.33333,8.66667,3.33333],"texture":"#2"},"up":{"uv":[8.33333,12.66667,8,12],"texture":"#2"},"down":{"uv":[12.33333,7.33333,12,8],"texture":"#2"}}},{"from":[7.652,7.125,5.575],"to":[8.348,8.125,6.575],"rotation":{"angle":-45,"axis":"x","origin":[7.502,6.625,5.575]},"faces":{"east":{"uv":[11.33333,0.66667,12,0],"texture":"#2"},"west":{"uv":[0.66667,12,1.33333,11.33333],"texture":"#2"},"up":{"uv":[12.33333,9.33333,12,8.66667],"texture":"#2"},"down":{"uv":[12.33333,8,12,8.66667],"texture":"#2"}}},{"from":[7.62472,7.4715,5.36626],"to":[8.37528,8.8315,5.92126],"rotation":{"angle":-22.5,"axis":"x","origin":[8,8.0265,5.64376]},"faces":{"north":{"uv":[10,1,10.66667,0],"texture":"#2"},"east":{"uv":[11.33333,3,11.66667,2],"texture":"#2"},"south":{"uv":[0.66667,11,1.33333,10],"texture":"#2"},"west":{"uv":[11.33333,4.33333,11.66667,3.33333],"texture":"#2"},"up":{"uv":[10.66667,12.33333,10,12],"texture":"#2"},"down":{"uv":[12.66667,9.33333,12,9.66667],"texture":"#2"}}},{"from":[7.775,6.69194,8],"to":[8.225,8.16694,9.475],"rotation":{"angle":-45,"axis":"x","origin":[7.75,6.69194,8]},"faces":{"north":{"uv":[11.33333,4.66667,11.66667,5.66667],"texture":"#2"},"east":{"uv":[4,13.66667,5,14.66667],"texture":"#2"},"south":{"uv":[5.33333,11.33333,5.66667,12.33333],"texture":"#2"},"west":{"uv":[8.66667,4,9.66667,5],"texture":"#2"},"up":{"uv":[6.33333,12.33333,6,11.33333],"texture":"#2"},"down":{"uv":[11.66667,6,11.33333,7],"texture":"#2"}}},{"from":[7.775,12.69194,8],"to":[8.225,14.16694,9.475],"rotation":{"angle":-45,"axis":"x","origin":[7.75,12.69194,8]},"faces":{"north":{"uv":[11.33333,7.33333,11.66667,8.33333],"texture":"#2"},"east":{"uv":[8.66667,6.66667,9.66667,7.66667],"texture":"#2"},"south":{"uv":[8.66667,11.33333,9,12.33333],"texture":"#2"},"west":{"uv":[8.66667,8,9.66667,9],"texture":"#2"},"up":{"uv":[11.66667,9.66667,11.33333,8.66667],"texture":"#2"},"down":{"uv":[9.66667,11.33333,9.33333,12.33333],"texture":"#2"}}},{"from":[7.777,7.73492,6.9625],"to":[8.223,13.73492,9.0375],"rotation":{"angle":0,"axis":"x","origin":[8.002,8.73492,8.1375]},"faces":{"north":{"uv":[7.33333,8,7.66667,12],"texture":"#2"},"east":{"uv":[12.66667,7,14,11],"texture":"#2"},"south":{"uv":[8,8,8.33333,12],"texture":"#2"},"west":{"uv":[14,7,15.33333,11],"texture":"#2"}}},{"from":[7.827,8.98492,6.4625],"to":[8.173,11.98492,7.0375],"rotation":{"angle":0,"axis":"x","origin":[8.002,6.98492,6.1375]},"faces":{"north":{"uv":[1.33333,10,1.66667,12],"texture":"#2"},"east":{"uv":[10,1.33333,10.33333,3.33333],"texture":"#2"},"south":{"uv":[2,10,2.33333,12],"texture":"#2"},"west":{"uv":[2.66667,10,3,12],"texture":"#2"}}},{"from":[7.827,12.50762,5.85058],"to":[8.173,13.40762,6.42558],"rotation":{"angle":45,"axis":"x","origin":[8.002,11.50762,5.52558]},"faces":{"north":{"uv":[12,10,12.33333,10.66667],"texture":"#2"},"east":{"uv":[10.66667,12,11,12.66667],"texture":"#2"},"south":{"uv":[12,10.66667,12.33333,11.33333],"texture":"#2"},"west":{"uv":[11.33333,12,11.66667,12.66667],"texture":"#2"}}},{"from":[7.827,7.56222,5.85058],"to":[8.173,8.46222,6.42558],"rotation":{"angle":-45,"axis":"x","origin":[8.002,9.46222,5.52558]},"faces":{"north":{"uv":[12,11.33333,12.33333,12],"texture":"#2"},"east":{"uv":[12,12,12.33333,12.66667],"texture":"#2"},"south":{"uv":[0,12.66667,0.33333,13.33333],"texture":"#2"},"west":{"uv":[12.66667,0,13,0.66667],"texture":"#2"}}},{"from":[7.827,8.98492,8.9625],"to":[8.173,11.98492,9.5375],"rotation":{"angle":0,"axis":"x","origin":[8.002,6.98492,9.8625]},"faces":{"north":{"uv":[3.33333,10,3.66667,12],"texture":"#2"},"east":{"uv":[10,3.33333,10.33333,5.33333],"texture":"#2"},"south":{"uv":[4,10,4.33333,12],"texture":"#2"},"west":{"uv":[4.66667,10,5,12],"texture":"#2"}}},{"from":[7.827,12.50762,9.57442],"to":[8.173,13.40762,10.14942],"rotation":{"angle":-45,"axis":"x","origin":[8.002,11.50762,10.47442]},"faces":{"north":{"uv":[2,12.66667,2.33333,13.33333],"texture":"#2"},"east":{"uv":[12.66667,2,13,2.66667],"texture":"#2"},"south":{"uv":[2.66667,12.66667,3,13.33333],"texture":"#2"},"west":{"uv":[12.66667,2.66667,13,3.33333],"texture":"#2"}}},{"from":[7.827,7.56222,9.57442],"to":[8.173,8.46222,10.14942],"rotation":{"angle":45,"axis":"x","origin":[8.002,9.46222,10.47442]},"faces":{"north":{"uv":[0.66667,12.66667,1,13.33333],"texture":"#2"},"east":{"uv":[12.66667,0.66667,13,1.33333],"texture":"#2"},"south":{"uv":[1.33333,12.66667,1.66667,13.33333],"texture":"#2"},"west":{"uv":[12.66667,1.33333,13,2],"texture":"#2"}}},{"from":[7.777,13.73492,6.9625],"to":[8.223,23.73492,7.5375],"rotation":{"angle":0,"axis":"x","origin":[8.002,14.73492,8.3875]},"faces":{"north":{"uv":[14.66667,0,15,6.66667],"texture":"#2"},"east":{"uv":[13.33333,0,13.66667,6.66667],"texture":"#2"},"south":{"uv":[15.33333,0,15.66667,6.66667],"texture":"#2"},"west":{"uv":[14,0,14.33333,6.66667],"texture":"#2"}}},{"from":[7.777,23.38518,7.23185],"to":[8.223,23.88518,7.80685],"rotation":{"angle":45,"axis":"x","origin":[8,23.88518,7.51935]},"faces":{"north":{"uv":[12.66667,3.33333,13,3.66667],"texture":"#2"},"east":{"uv":[4,12.66667,4.33333,13],"texture":"#2"},"south":{"uv":[12.66667,4,13,4.33333],"texture":"#2"},"west":{"uv":[4.66667,12.66667,5,13],"texture":"#2"},"up":{"uv":[13,5,12.66667,4.66667],"texture":"#2"}}},{"from":[7.777,13.73492,8.4625],"to":[8.223,23.73492,9.0375],"rotation":{"angle":0,"axis":"x","origin":[8.002,14.73492,7.6125]},"faces":{"north":{"uv":[15.66667,0,15.33333,6.66667],"texture":"#2"},"east":{"uv":[13.66667,0,13.33333,6.66667],"texture":"#2"},"south":{"uv":[15,0,14.66667,6.66667],"texture":"#2"},"west":{"uv":[14.33333,0,14,6.66667],"texture":"#2"}}},{"from":[7.777,23.38518,8.19315],"to":[8.223,23.88518,8.76815],"rotation":{"angle":-45,"axis":"x","origin":[8,23.88518,8.48065]},"faces":{"north":{"uv":[13,4,12.66667,4.33333],"texture":"#2"},"east":{"uv":[4.33333,12.66667,4,13],"texture":"#2"},"south":{"uv":[13,3.33333,12.66667,3.66667],"texture":"#2"},"west":{"uv":[5,12.66667,4.66667,13],"texture":"#2"},"up":{"uv":[13,4.66667,12.66667,5],"texture":"#2"}}},{"from":[8,13.25,5.875],"to":[8,26.25,10.125],"rotation":{"angle":0,"axis":"y","origin":[8,7.25,5.375]},"faces":{"east":{"uv":[3,0,0,8.66667],"texture":"#2"},"west":{"uv":[0,0,3,8.66667],"texture":"#2"}}},{"from":[7.985,4.8,0.375],"to":[8.015,9.8,5.375],"rotation":{"angle":0,"axis":"x","origin":[8,7.3,2.875]},"faces":{"east":{"uv":[7.33333,0,4,3.33333],"texture":"#2"},"west":{"uv":[4,0,7.33333,3.33333],"texture":"#2"}}},{"from":[7.65,5.125,8.425],"to":[8.35,6.375,10.425],"rotation":{"angle":22.5,"axis":"x","origin":[7.5,6.625,10.425]},"faces":{"east":{"uv":[8.66667,7.66667,7.33333,6.66667],"texture":"#2"},"south":{"uv":[11.66667,1.66667,11.33333,0.66667],"texture":"#2"},"west":{"uv":[9.33333,1,8,0],"texture":"#2"},"up":{"uv":[11,10,10.66667,11.33333],"texture":"#2"},"down":{"uv":[10.33333,12,10,10.66667],"texture":"#2"}}},{"from":[7.652,5.125,10.425],"to":[8.348,8.125,11.425],"rotation":{"angle":45,"axis":"x","origin":[7.502,6.625,10.425]},"faces":{"north":{"uv":[0.33333,12,0,10],"texture":"#2"},"east":{"uv":[8.66667,3.33333,8,1.33333],"texture":"#2"},"south":{"uv":[9.66667,11.33333,9.33333,9.33333],"texture":"#2"},"west":{"uv":[8.66667,5.33333,8,3.33333],"texture":"#2"},"up":{"uv":[8.33333,12,8,12.66667],"texture":"#2"},"down":{"uv":[12.33333,8,12,7.33333],"texture":"#2"}}},{"from":[7.652,7.125,9.425],"to":[8.348,8.125,10.425],"rotation":{"angle":45,"axis":"x","origin":[7.502,6.625,10.425]},"faces":{"east":{"uv":[12,0.66667,11.33333,0],"texture":"#2"},"west":{"uv":[1.33333,12,0.66667,11.33333],"texture":"#2"},"up":{"uv":[12.33333,8.66667,12,9.33333],"texture":"#2"},"down":{"uv":[12.33333,8.66667,12,8],"texture":"#2"}}},{"from":[7.62472,7.4715,10.07874],"to":[8.37528,8.8315,10.63374],"rotation":{"angle":22.5,"axis":"x","origin":[8,8.0265,10.35624]},"faces":{"north":{"uv":[1.33333,11,0.66667,10],"texture":"#2"},"east":{"uv":[11.66667,3,11.33333,2],"texture":"#2"},"south":{"uv":[10.66667,1,10,0],"texture":"#2"},"west":{"uv":[11.66667,4.33333,11.33333,3.33333],"texture":"#2"},"up":{"uv":[10.66667,12,10,12.33333],"texture":"#2"},"down":{"uv":[12.66667,9.66667,12,9.33333],"texture":"#2"}}},{"from":[7.985,4.8,10.625],"to":[8.015,9.8,15.625],"rotation":{"angle":0,"axis":"y","origin":[7.985,4.8,12.625]},"faces":{"east":{"uv":[4,0,7.33333,3.33333],"texture":"#2"},"west":{"uv":[7.33333,0,4,3.33333],"texture":"#2"}}},{"from":[7,5.15,6.25],"to":[7,8.65,9.75],"rotation":{"angle":45,"axis":"x","origin":[7,6.9,8]},"faces":{"west":{"uv":[0,0,7,7],"texture":"#1"}}},{"from":[9,5.15,6.25],"to":[9,8.65,9.75],"rotation":{"angle":45,"axis":"x","origin":[9,6.9,8]},"faces":{"east":{"uv":[7,0,0,7],"texture":"#1"}}},{"from":[7.5,9.5,5.75],"to":[7.5,23.5,10.25],"rotation":{"angle":0,"axis":"y","origin":[7.5,9.5,5.75]},"faces":{"west":{"uv":[0,0,4.5,14],"texture":"#3"}}},{"from":[8.5,9.5,5.75],"to":[8.5,23.5,10.25],"rotation":{"angle":0,"axis":"y","origin":[8.5,9.5,5.75]},"faces":{"east":{"uv":[4.5,0,0,14],"texture":"#3"}}}],"gui_light":"front","display":{"thirdperson_righthand":{"translation":[0,2.5,1]},"thirdperson_lefthand":{"translation":[0,2.5,1]},"firstperson_righthand":{"rotation":[-10,0,0],"translation":[0,3,0]},"firstperson_lefthand":{"rotation":[-10,0,0],"translation":[0,3,0]},"ground":{"rotation":[-45,0,0],"translation":[0,8.25,0]},"gui":{"rotation":[-90,45,90],"translation":[2.75,-2.75,0],"scale":[0.79883,0.79883,0.79883]},"head":{"rotation":[90,-90,90]},"fixed":{"rotation":[0,-90,0],"translation":[0,-12,-1.5],"scale":[2.5,2.5,2.5]}}}