{"credit":"MadebyPolygonMC","texture_size":[24,24],"textures":{"2":"littleteddybearset:key"},"elements":[{"from":[6.65,8.46014,8.98682],"to":[9.35,11.16014,11.68682],"rotation":{"angle":0,"axis":"y","origin":[8,9.81014,10.33682]},"faces":{"north":{"uv":[2,0,3.66667,1.66667],"texture":"#2"},"east":{"uv":[2,2,3.66667,3.66667],"texture":"#2"},"south":{"uv":[0,4,1.66667,5.66667],"texture":"#2"},"west":{"uv":[4,0,5.66667,1.66667],"texture":"#2"},"up":{"uv":[3.66667,5.66667,2,4],"texture":"#2"},"down":{"uv":[5.66667,2,4,3.66667],"texture":"#2"}}},{"from":[6.92,7.09264,10.41432],"to":[9.08,8.98264,13.11432],"rotation":{"angle":45,"axis":"x","origin":[8,7.97014,12.03307]},"faces":{"north":{"uv":[3.33333,8,4.66667,9.33333],"texture":"#2"},"east":{"uv":[1.33333,6,3,7.33333],"texture":"#2"},"south":{"uv":[4.66667,8,6,9.33333],"texture":"#2"},"west":{"uv":[6,2,7.66667,3.33333],"texture":"#2"},"up":{"uv":[4.66667,7.66667,3.33333,6],"texture":"#2"},"down":{"uv":[6,6,4.66667,7.66667],"texture":"#2"}}},{"from":[6.92,6.55264,11.48932],"to":[9.08,7.09264,13.11432],"rotation":{"angle":45,"axis":"x","origin":[8,7.97014,12.03307]},"faces":{"north":{"uv":[10.66667,4,12,4.33333],"texture":"#2"},"east":{"uv":[4,11.33333,5,11.66667],"texture":"#2"},"south":{"uv":[5.33333,10.66667,6.66667,11],"texture":"#2"},"west":{"uv":[11.33333,4.66667,12.33333,5],"texture":"#2"},"down":{"uv":[2.66667,8.66667,1.33333,9.66667],"texture":"#2"}}},{"from":[7.19,8.46014,8.44682],"to":[8.81,9.54014,8.98682],"rotation":{"angle":0,"axis":"y","origin":[8,9.81014,7.63682]},"faces":{"north":{"uv":[4,10.66667,5,11.33333],"texture":"#2"},"east":{"uv":[6.66667,11.33333,7,12],"texture":"#2"},"west":{"uv":[11.33333,6.66667,11.66667,7.33333],"texture":"#2"},"up":{"uv":[6.33333,11.66667,5.33333,11.33333],"texture":"#2"},"down":{"uv":[12.33333,5.33333,11.33333,5.66667],"texture":"#2"}}},{"from":[7.622,9.11624,8.37122],"to":[8.378,9.61304,8.84642],"rotation":{"angle":0,"axis":"y","origin":[7.946,9.82904,7.50722]},"faces":{"north":{"uv":[7.33333,11.33333,8,11.66667],"texture":"#2"},"east":{"uv":[11.33333,11.33333,11.66667,11.66667],"texture":"#2"},"south":{"uv":[11.33333,7.33333,12,7.66667],"texture":"#2"},"west":{"uv":[0,12,0.33333,12.33333],"texture":"#2"},"up":{"uv":[8.66667,11.66667,8,11.33333],"texture":"#2"},"down":{"uv":[12,8,11.33333,8.33333],"texture":"#2"}}},{"from":[7.73,8.66682,12.42786],"to":[8.27,9.20682,12.96786],"rotation":{"angle":22.5,"axis":"x","origin":[8,7.97014,12.03307]},"faces":{"north":{"uv":[12,0,12.33333,0.33333],"texture":"#2"},"east":{"uv":[0.66667,12,1,12.33333],"texture":"#2"},"south":{"uv":[12,0.66667,12.33333,1],"texture":"#2"},"west":{"uv":[1.33333,12,1.66667,12.33333],"texture":"#2"},"up":{"uv":[12.33333,1.66667,12,1.33333],"texture":"#2"},"down":{"uv":[2.33333,12,2,12.33333],"texture":"#2"}}},{"from":[6.245,10.75514,10.03432],"to":[7.46,11.97014,10.62432],"rotation":{"angle":22.5,"axis":"z","origin":[6.92,11.29514,10.32932]},"faces":{"north":{"uv":[6,3.33333,6.66667,4],"texture":"#2"},"east":{"uv":[8.66667,11.33333,9,12],"texture":"#2"},"south":{"uv":[7.33333,1.33333,8,2],"texture":"#2"},"west":{"uv":[11.33333,8.66667,11.66667,9.33333],"texture":"#2"},"up":{"uv":[10,11.66667,9.33333,11.33333],"texture":"#2"},"down":{"uv":[12,9.33333,11.33333,9.66667],"texture":"#2"}}},{"from":[8.54,10.75514,10.03432],"to":[9.755,11.97014,10.62432],"rotation":{"angle":-22.5,"axis":"z","origin":[9.08,11.29514,10.32932]},"faces":{"north":{"uv":[10.66667,5.33333,11.33333,6],"texture":"#2"},"east":{"uv":[10,11.33333,10.33333,12],"texture":"#2"},"south":{"uv":[10.66667,6,11.33333,6.66667],"texture":"#2"},"west":{"uv":[11.33333,10,11.66667,10.66667],"texture":"#2"},"up":{"uv":[11.33333,11.66667,10.66667,11.33333],"texture":"#2"},"down":{"uv":[12,10.66667,11.33333,11],"texture":"#2"}}},{"from":[6.105,7.52681,8.81196],"to":[7.32,8.74181,11.51196],"rotation":{"angle":-22.5,"axis":"x","origin":[8.4,8.13431,10.16196]},"faces":{"north":{"uv":[6.66667,10.66667,7.33333,11.33333],"texture":"#2"},"east":{"uv":[8.66667,5.33333,10.33333,6],"texture":"#2"},"south":{"uv":[10.66667,6.66667,11.33333,7.33333],"texture":"#2"},"west":{"uv":[9.33333,4.66667,11,5.33333],"texture":"#2"},"up":{"uv":[10,7.66667,9.33333,6],"texture":"#2"},"down":{"uv":[10,8,9.33333,9.66667],"texture":"#2"}}},{"from":[6.11,4.75986,12.06278],"to":[7.325,7.99986,13.27778],"rotation":{"angle":0,"axis":"y","origin":[8,6.37986,12.67028]},"faces":{"north":{"uv":[2.66667,8.66667,3.33333,10.66667],"texture":"#2"},"east":{"uv":[8.66667,3.33333,9.33333,5.33333],"texture":"#2"},"south":{"uv":[6,8.66667,6.66667,10.66667],"texture":"#2"},"west":{"uv":[6.66667,8.66667,7.33333,10.66667],"texture":"#2"},"up":{"uv":[8,11.33333,7.33333,10.66667],"texture":"#2"},"down":{"uv":[11.33333,7.33333,10.66667,8],"texture":"#2"}}},{"from":[8.675,4.75986,12.06278],"to":[9.89,7.99986,13.27778],"rotation":{"angle":0,"axis":"y","origin":[8,6.37986,12.67028]},"faces":{"north":{"uv":[7.33333,8.66667,8,10.66667],"texture":"#2"},"east":{"uv":[8,8.66667,8.66667,10.66667],"texture":"#2"},"south":{"uv":[8.66667,8.66667,9.33333,10.66667],"texture":"#2"},"west":{"uv":[9.33333,0,10,2],"texture":"#2"},"up":{"uv":[8.66667,11.33333,8,10.66667],"texture":"#2"},"down":{"uv":[9.33333,10.66667,8.66667,11.33333],"texture":"#2"}}},{"from":[8.68,7.52681,8.81196],"to":[9.895,8.74181,11.51196],"rotation":{"angle":-22.5,"axis":"x","origin":[7.6,8.13431,10.16196]},"faces":{"north":{"uv":[10.66667,10,11.33333,10.66667],"texture":"#2"},"east":{"uv":[0,10,1.66667,10.66667],"texture":"#2"},"south":{"uv":[10.66667,10.66667,11.33333,11.33333],"texture":"#2"},"west":{"uv":[10,0,11.66667,0.66667],"texture":"#2"},"up":{"uv":[2.66667,11.66667,2,10],"texture":"#2"},"down":{"uv":[10.66667,6,10,7.66667],"texture":"#2"}}},{"from":[7,4.54333,8.88282],"to":[9,7.54333,11.88282],"rotation":{"angle":-45,"axis":"x","origin":[8.5,6.04333,10.38282]},"faces":{"north":{"uv":[4,4,5.33333,6],"texture":"#2"},"east":{"uv":[0,0,2,2],"texture":"#2"},"south":{"uv":[5.33333,4,6.66667,6],"texture":"#2"},"west":{"uv":[0,2,2,4],"texture":"#2"},"up":{"uv":[1.33333,8,0,6],"texture":"#2"},"down":{"uv":[7.33333,0,6,2],"texture":"#2"}}},{"from":[6.65,5.04333,9.38282],"to":[9.35,7.04333,11.38282],"rotation":{"angle":-45,"axis":"x","origin":[8.5,6.04333,10.38282]},"faces":{"north":{"uv":[6,6,7.66667,7.33333],"texture":"#2"},"east":{"uv":[8,6,9.33333,7.33333],"texture":"#2"},"south":{"uv":[6.66667,3.33333,8.33333,4.66667],"texture":"#2"},"west":{"uv":[8,7.33333,9.33333,8.66667],"texture":"#2"},"up":{"uv":[8.33333,6,6.66667,4.66667],"texture":"#2"},"down":{"uv":[9,0,7.33333,1.33333],"texture":"#2"}}},{"from":[7.25,5.29333,7.13282],"to":[8.75,6.79333,9.13282],"rotation":{"angle":0,"axis":"y","origin":[7.5,5.54333,7.13282]},"faces":{"north":{"uv":[10,0.66667,11,1.66667],"texture":"#2"},"east":{"uv":[9.33333,2,10.66667,3],"texture":"#2"},"south":{"uv":[10,8,11,9],"texture":"#2"},"west":{"uv":[3.33333,9.33333,4.66667,10.33333],"texture":"#2"},"up":{"uv":[10.33333,4.66667,9.33333,3.33333],"texture":"#2"},"down":{"uv":[5.66667,9.33333,4.66667,10.66667],"texture":"#2"}}},{"from":[7.25,5.29333,2.13282],"to":[8.75,6.79333,5.13282],"rotation":{"angle":0,"axis":"y","origin":[7.5,5.54333,3.13282]},"faces":{"north":{"uv":[9.33333,10,10.33333,11],"texture":"#2"},"east":{"uv":[1.33333,7.33333,3.33333,8.33333],"texture":"#2"},"south":{"uv":[0,10.66667,1,11.66667],"texture":"#2"},"west":{"uv":[6,7.33333,8,8.33333],"texture":"#2"},"up":{"uv":[1,10,0,8],"texture":"#2"},"down":{"uv":[9,1.33333,8,3.33333],"texture":"#2"}}},{"from":[7.75,4.04333,3.73282],"to":[8.25,5.29333,4.73282],"rotation":{"angle":0,"axis":"y","origin":[7.5,4.04333,2.73282]},"faces":{"north":{"uv":[11.33333,0.66667,11.66667,1.66667],"texture":"#2"},"east":{"uv":[10.66667,2.66667,11.33333,3.66667],"texture":"#2"},"south":{"uv":[11.33333,2.66667,11.66667,3.66667],"texture":"#2"},"west":{"uv":[3.33333,10.66667,4,11.66667],"texture":"#2"},"down":{"uv":[11.66667,6,11.33333,6.66667],"texture":"#2"}}},{"from":[7.75,4.04333,2.48282],"to":[8.25,5.29333,3.48282],"rotation":{"angle":0,"axis":"y","origin":[7.5,4.04333,1.48282]},"faces":{"north":{"uv":[11.33333,0.66667,11.66667,1.66667],"texture":"#2"},"east":{"uv":[10.66667,2.66667,11.33333,3.66667],"texture":"#2"},"south":{"uv":[11.33333,2.66667,11.66667,3.66667],"texture":"#2"},"west":{"uv":[3.33333,10.66667,4,11.66667],"texture":"#2"},"down":{"uv":[11.66667,6,11.33333,6.66667],"texture":"#2"}}},{"from":[7.45,5.49333,5.13282],"to":[8.55,6.59333,7.13282],"rotation":{"angle":0,"axis":"y","origin":[7.5,5.54333,5.13282]},"faces":{"east":{"uv":[10,9.33333,11.33333,10],"texture":"#2"},"west":{"uv":[10.66667,2,12,2.66667],"texture":"#2"},"up":{"uv":[2,12,1.33333,10.66667],"texture":"#2"},"down":{"uv":[3.33333,10.66667,2.66667,12],"texture":"#2"}}}],"gui_light":"front","display":{"thirdperson_righthand":{"rotation":[64.25,0,0],"translation":[0,3.25,-0.5]},"thirdperson_lefthand":{"rotation":[64.25,0,0],"translation":[0,3.25,-0.5]},"firstperson_righthand":{"rotation":[35,0,-19],"translation":[0,6.25,0]},"firstperson_lefthand":{"rotation":[35,0,-19],"translation":[0,6.25,0]},"ground":{"translation":[0,8.5,0.25]},"gui":{"rotation":[-90,135,90],"translation":[1.25,2.25,-0.25],"scale":[1.48047,1.48047,1.48047]},"head":{"scale":[1.5,1.5,1.5]},"fixed":{"rotation":[90,-45,90],"translation":[-1.25,1.25,-0.25],"scale":[1.48047,1.48047,1.48047]}}}