{"credit":"MadebyPolygonMC","texture_size":[24,24],"textures":{"1":"littleteddybearset:pickaxe","particle":"littleteddybearset:pickaxe"},"elements":[{"from":[7.5,1,7.5],"to":[8.5,2,8.5],"rotation":{"angle":0,"axis":"y","origin":[7.5,0,7.5]},"faces":{"north":{"uv":[5.33333,7.33333,6,8],"texture":"#1"},"east":{"uv":[11.33333,6.66667,12,7.33333],"texture":"#1"},"south":{"uv":[11.33333,7.33333,12,8],"texture":"#1"},"west":{"uv":[9.33333,11.33333,10,12],"texture":"#1"},"up":{"uv":[12,10,11.33333,9.33333],"texture":"#1"},"down":{"uv":[10.66667,11.33333,10,12],"texture":"#1"}}},{"from":[7.5,4,7.5],"to":[8.5,5,8.5],"rotation":{"angle":0,"axis":"y","origin":[7.5,3,7.5]},"faces":{"north":{"uv":[11.33333,10,12,10.66667],"texture":"#1"},"east":{"uv":[11.33333,10.66667,12,11.33333],"texture":"#1"},"south":{"uv":[11.33333,11.33333,12,12],"texture":"#1"},"west":{"uv":[0,12,0.66667,12.66667],"texture":"#1"},"up":{"uv":[12.66667,0.66667,12,0],"texture":"#1"},"down":{"uv":[1.33333,12,0.66667,12.66667],"texture":"#1"}}},{"from":[7.6,2,7.6],"to":[8.4,4,8.4],"rotation":{"angle":0,"axis":"y","origin":[7.5,1,7.5]},"faces":{"north":{"uv":[6.66667,10.66667,7.33333,12],"texture":"#1"},"east":{"uv":[10.66667,6.66667,11.33333,8],"texture":"#1"},"south":{"uv":[7.33333,10.66667,8,12],"texture":"#1"},"west":{"uv":[8,10.66667,8.66667,12],"texture":"#1"},"up":{"uv":[12.66667,1.33333,12,0.66667],"texture":"#1"},"down":{"uv":[2,12,1.33333,12.66667],"texture":"#1"}}},{"from":[7.44,0.215,7.44],"to":[8.56,1.335,8.56],"rotation":{"angle":-45,"axis":"x","origin":[8,0.775,8]},"faces":{"north":{"uv":[12,1.33333,12.66667,2],"texture":"#1"},"east":{"uv":[2,12,2.66667,12.66667],"texture":"#1"},"south":{"uv":[12,2,12.66667,2.66667],"texture":"#1"},"west":{"uv":[2.66667,12,3.33333,12.66667],"texture":"#1"},"up":{"uv":[12.66667,3.33333,12,2.66667],"texture":"#1"},"down":{"uv":[4,12,3.33333,12.66667],"texture":"#1"}}},{"from":[7.35,5,7.35],"to":[8.65,7,8.65],"rotation":{"angle":0,"axis":"y","origin":[7,0,7]},"faces":{"north":{"uv":[3.33333,9.33333,4.33333,10.66667],"texture":"#1"},"east":{"uv":[6.66667,9.33333,7.66667,10.66667],"texture":"#1"},"south":{"uv":[9.33333,6.66667,10.33333,8],"texture":"#1"},"west":{"uv":[8,9.33333,9,10.66667],"texture":"#1"},"up":{"uv":[10.33333,11,9.33333,10],"texture":"#1"},"down":{"uv":[11.66667,0,10.66667,1],"texture":"#1"}}},{"from":[7.35,10.5,7.35],"to":[8.65,14.5,8.65],"rotation":{"angle":0,"axis":"y","origin":[7,0,7]},"faces":{"north":{"uv":[6,0,7,2.66667],"texture":"#1"},"east":{"uv":[6,2.66667,7,5.33333],"texture":"#1"},"south":{"uv":[6,5.33333,7,8],"texture":"#1"},"west":{"uv":[0,7.33333,1,10],"texture":"#1"},"up":{"uv":[11.66667,3,10.66667,2],"texture":"#1"},"down":{"uv":[4.33333,10.66667,3.33333,11.66667],"texture":"#1"}}},{"from":[7.45,7,7.45],"to":[8.55,10.5,8.55],"rotation":{"angle":0,"axis":"y","origin":[7,0,7]},"faces":{"north":{"uv":[8.66667,6.66667,9.33333,9],"texture":"#1"},"east":{"uv":[1.33333,9.33333,2,11.66667],"texture":"#1"},"south":{"uv":[2,9.33333,2.66667,11.66667],"texture":"#1"},"west":{"uv":[2.66667,9.33333,3.33333,11.66667],"texture":"#1"}}},{"from":[6.65,16.90931,6.2435],"to":[9.35,19.60931,8.9435],"rotation":{"angle":0,"axis":"y","origin":[8,17.09633,7.85]},"faces":{"north":{"uv":[0,3.33333,1.66667,5],"texture":"#1"},"east":{"uv":[2,3.33333,3.66667,5],"texture":"#1"},"south":{"uv":[4,3.33333,5.66667,5],"texture":"#1"},"west":{"uv":[0,5.33333,1.66667,7],"texture":"#1"},"up":{"uv":[3.66667,7,2,5.33333],"texture":"#1"},"down":{"uv":[5.66667,5.33333,4,7],"texture":"#1"}}},{"from":[6.92,14.20931,6.5135],"to":[9.08,16.90931,8.4035],"rotation":{"angle":0,"axis":"y","origin":[8,17.09633,7.85]},"faces":{"north":{"uv":[4,7.33333,5.33333,9],"texture":"#1"},"east":{"uv":[7.33333,4,8.66667,5.66667],"texture":"#1"},"south":{"uv":[7.33333,6,8.66667,7.66667],"texture":"#1"},"west":{"uv":[5.33333,8,6.66667,9.66667],"texture":"#1"},"up":{"uv":[10,2.66667,8.66667,1.33333],"texture":"#1"},"down":{"uv":[10,2.66667,8.66667,4],"texture":"#1"}}},{"from":[6.92,14.20931,8.4035],"to":[9.08,15.83431,8.9435],"rotation":{"angle":0,"axis":"y","origin":[8,17.09633,7.85]},"faces":{"east":{"uv":[7.33333,12,7.66667,13],"texture":"#1"},"south":{"uv":[9.33333,8,10.66667,9],"texture":"#1"},"west":{"uv":[8,12,8.33333,13],"texture":"#1"},"up":{"uv":[13.33333,3.66667,12,3.33333],"texture":"#1"},"down":{"uv":[13.33333,4,12,4.33333],"texture":"#1"}}},{"from":[7.19,16.90931,8.9435],"to":[8.81,17.98931,9.4835],"rotation":{"angle":0,"axis":"y","origin":[8,17.09633,7.85]},"faces":{"east":{"uv":[12,8.66667,12.33333,9.33333],"texture":"#1"},"south":{"uv":[10.66667,8.66667,11.66667,9.33333],"texture":"#1"},"west":{"uv":[12,9.33333,12.33333,10],"texture":"#1"},"up":{"uv":[13,8.33333,12,8],"texture":"#1"},"down":{"uv":[9.66667,12,8.66667,12.33333],"texture":"#1"}}},{"from":[7.622,17.56541,9.0839],"to":[8.378,18.06221,9.5591],"rotation":{"angle":0,"axis":"y","origin":[8,17.09633,7.85]},"faces":{"north":{"uv":[10,12,10.66667,12.33333],"texture":"#1"},"east":{"uv":[12.66667,0.66667,13,1],"texture":"#1"},"south":{"uv":[12,10,12.66667,10.33333],"texture":"#1"},"west":{"uv":[1.33333,12.66667,1.66667,13],"texture":"#1"},"up":{"uv":[11.33333,12.33333,10.66667,12],"texture":"#1"},"down":{"uv":[12.66667,10.66667,12,11],"texture":"#1"}}},{"from":[7.73,14.36924,7.00502],"to":[8.27,14.90924,7.54502],"rotation":{"angle":22.5,"axis":"x","origin":[8,17.09633,7.85]},"faces":{"north":{"uv":[12.66667,1.33333,13,1.66667],"texture":"#1"},"east":{"uv":[2,12.66667,2.33333,13],"texture":"#1"},"south":{"uv":[12.66667,2,13,2.33333],"texture":"#1"},"west":{"uv":[2.66667,12.66667,3,13],"texture":"#1"},"up":{"uv":[13,3,12.66667,2.66667],"texture":"#1"},"down":{"uv":[3.66667,12.66667,3.33333,13],"texture":"#1"}}},{"from":[7.34055,19.41604,7.306],"to":[8.55555,20.63104,7.896],"rotation":{"angle":22.5,"axis":"z","origin":[8,17.09633,7.85]},"faces":{"north":{"uv":[4,12,4.66667,12.66667],"texture":"#1"},"east":{"uv":[11.33333,12,11.66667,12.66667],"texture":"#1"},"south":{"uv":[12,4.66667,12.66667,5.33333],"texture":"#1"},"west":{"uv":[12,11.33333,12.33333,12],"texture":"#1"},"up":{"uv":[12.66667,12.33333,12,12],"texture":"#1"},"down":{"uv":[0.66667,12.66667,0,13],"texture":"#1"}}},{"from":[6.28515,13.80431,7.16452],"to":[7.50015,15.01931,10.40452],"rotation":{"angle":-22.5,"axis":"y","origin":[8,17.09633,7.85]},"faces":{"north":{"uv":[5.33333,12,6,12.66667],"texture":"#1"},"east":{"uv":[9.33333,9.33333,11.33333,10],"texture":"#1"},"south":{"uv":[12,5.33333,12.66667,6],"texture":"#1"},"west":{"uv":[10,1.33333,12,2],"texture":"#1"},"up":{"uv":[5.33333,11.33333,4.66667,9.33333],"texture":"#1"},"down":{"uv":[0.66667,10,0,12],"texture":"#1"}}},{"from":[5.705,15.82119,7.33055],"to":[6.92,17.03619,10.03055],"rotation":{"angle":22.5,"axis":"x","origin":[8,17.09633,7.85]},"faces":{"north":{"uv":[6,12,6.66667,12.66667],"texture":"#1"},"east":{"uv":[10,4,11.66667,4.66667],"texture":"#1"},"south":{"uv":[12,6,12.66667,6.66667],"texture":"#1"},"west":{"uv":[10,4.66667,11.66667,5.33333],"texture":"#1"},"up":{"uv":[6,11.66667,5.33333,10],"texture":"#1"},"down":{"uv":[6.66667,10,6,11.66667],"texture":"#1"}}},{"from":[8.49985,13.80431,7.16452],"to":[9.71485,15.01931,10.40452],"rotation":{"angle":22.5,"axis":"y","origin":[8,17.09633,7.85]},"faces":{"north":{"uv":[6,12,5.33333,12.66667],"texture":"#1"},"east":{"uv":[12,1.33333,10,2],"texture":"#1"},"south":{"uv":[12.66667,5.33333,12,6],"texture":"#1"},"west":{"uv":[11.33333,9.33333,9.33333,10],"texture":"#1"},"up":{"uv":[4.66667,11.33333,5.33333,9.33333],"texture":"#1"},"down":{"uv":[0,10,0.66667,12],"texture":"#1"}}},{"from":[9.08,15.82119,7.33055],"to":[10.295,17.03619,10.03055],"rotation":{"angle":22.5,"axis":"x","origin":[8,17.09633,7.85]},"faces":{"north":{"uv":[6.66667,12,6,12.66667],"texture":"#1"},"east":{"uv":[11.66667,4.66667,10,5.33333],"texture":"#1"},"south":{"uv":[12.66667,6,12,6.66667],"texture":"#1"},"west":{"uv":[11.66667,4,10,4.66667],"texture":"#1"},"up":{"uv":[5.33333,11.66667,6,10],"texture":"#1"},"down":{"uv":[6,10,6.66667,11.66667],"texture":"#1"}}},{"from":[7.44445,19.41604,7.306],"to":[8.65945,20.63104,7.896],"rotation":{"angle":-22.5,"axis":"z","origin":[8,17.09633,7.85]},"faces":{"north":{"uv":[4.66667,12,4,12.66667],"texture":"#1"},"east":{"uv":[12.33333,11.33333,12,12],"texture":"#1"},"south":{"uv":[12.66667,4.66667,12,5.33333],"texture":"#1"},"west":{"uv":[11.66667,12,11.33333,12.66667],"texture":"#1"},"up":{"uv":[12,12.33333,12.66667,12],"texture":"#1"},"down":{"uv":[0,12.66667,0.66667,13],"texture":"#1"}}},{"from":[7,11,7],"to":[9,14,9],"rotation":{"angle":0,"axis":"y","origin":[7,0,0]},"faces":{"north":{"uv":[7.33333,0,8.66667,2],"texture":"#1"},"east":{"uv":[1.33333,7.33333,2.66667,9.33333],"texture":"#1"},"south":{"uv":[7.33333,2,8.66667,4],"texture":"#1"},"west":{"uv":[2.66667,7.33333,4,9.33333],"texture":"#1"},"up":{"uv":[10,5.33333,8.66667,4],"texture":"#1"},"down":{"uv":[10,5.33333,8.66667,6.66667],"texture":"#1"}}},{"from":[7.55,12.3,4.2],"to":[8.45,13.7,7],"rotation":{"angle":0,"axis":"y","origin":[5.65,-5.3,-2.4]},"faces":{"north":{"uv":[8.66667,10.66667,9.33333,11.66667],"texture":"#1"},"east":{"uv":[6.66667,8,8.66667,9],"texture":"#1"},"west":{"uv":[8.66667,0,10.66667,1],"texture":"#1"},"up":{"uv":[1.33333,12,0.66667,10],"texture":"#1"},"down":{"uv":[10.66667,2,10,4],"texture":"#1"}}},{"from":[7.676,12.101,2.252],"to":[8.324,13.249,4.548],"rotation":{"angle":-22.5,"axis":"x","origin":[7.75,12.675,3.4]},"faces":{"north":{"uv":[12.66667,0,13,0.66667],"texture":"#1"},"east":{"uv":[10,5.33333,11.66667,6],"texture":"#1"},"west":{"uv":[10,6,11.66667,6.66667],"texture":"#1"},"up":{"uv":[11,11.66667,10.66667,10],"texture":"#1"},"down":{"uv":[5,11.33333,4.66667,13],"texture":"#1"}}},{"from":[7.80228,11.13691,0.7818],"to":[8.19772,12.03235,2.57268],"rotation":{"angle":-45,"axis":"x","origin":[7.75,11.90963,1.55224]},"faces":{"north":{"uv":[0.66667,12.66667,1,13.33333],"texture":"#1"},"east":{"uv":[10.66667,3.33333,12,4],"texture":"#1"},"west":{"uv":[10.66667,8,12,8.66667],"texture":"#1"},"up":{"uv":[7,13.33333,6.66667,12],"texture":"#1"},"down":{"uv":[12.33333,6.66667,12,8],"texture":"#1"}}},{"from":[8,9,-1],"to":[8,14,7.5],"rotation":{"angle":0,"axis":"y","origin":[8,0,0]},"faces":{"north":{"uv":[0,0,0,3.33333],"texture":"#1"},"east":{"uv":[5.66667,0,0,3.33333],"texture":"#1"},"south":{"uv":[0,0,0,3.33333],"texture":"#1"},"west":{"uv":[0,0,5.66667,3.33333],"texture":"#1"},"up":{"uv":[0,5.66667,0,0],"texture":"#1"},"down":{"uv":[0,0,0,5.66667],"texture":"#1"}}},{"from":[7.55,12.3,9],"to":[8.45,13.7,11.8],"rotation":{"angle":0,"axis":"y","origin":[5.65,-5.3,18.4]},"faces":{"east":{"uv":[8.66667,8,6.66667,9],"texture":"#1"},"south":{"uv":[9.33333,10.66667,8.66667,11.66667],"texture":"#1"},"west":{"uv":[10.66667,0,8.66667,1],"texture":"#1"},"up":{"uv":[1.33333,10,0.66667,12],"texture":"#1"},"down":{"uv":[10.66667,4,10,2],"texture":"#1"}}},{"from":[7.676,12.101,11.452],"to":[8.324,13.249,13.748],"rotation":{"angle":22.5,"axis":"x","origin":[7.75,12.675,12.6]},"faces":{"east":{"uv":[11.66667,5.33333,10,6],"texture":"#1"},"south":{"uv":[13,0,12.66667,0.66667],"texture":"#1"},"west":{"uv":[11.66667,6,10,6.66667],"texture":"#1"},"up":{"uv":[11,10,10.66667,11.66667],"texture":"#1"},"down":{"uv":[5,13,4.66667,11.33333],"texture":"#1"}}},{"from":[7.80228,11.13691,13.42732],"to":[8.19772,12.03235,15.2182],"rotation":{"angle":45,"axis":"x","origin":[7.75,11.90963,14.44776]},"faces":{"east":{"uv":[12,3.33333,10.66667,4],"texture":"#1"},"south":{"uv":[1,12.66667,0.66667,13.33333],"texture":"#1"},"west":{"uv":[12,8,10.66667,8.66667],"texture":"#1"},"up":{"uv":[7,12,6.66667,13.33333],"texture":"#1"},"down":{"uv":[12.33333,8,12,6.66667],"texture":"#1"}}},{"from":[8,9,8.5],"to":[8,14,17],"rotation":{"angle":0,"axis":"y","origin":[8,0,16]},"faces":{"north":{"uv":[0,0,0,3.33333],"texture":"#1"},"east":{"uv":[0,0,5.66667,3.33333],"texture":"#1"},"south":{"uv":[0,0,0,3.33333],"texture":"#1"},"west":{"uv":[5.66667,0,0,3.33333],"texture":"#1"},"up":{"uv":[0,0,0,5.66667],"texture":"#1"},"down":{"uv":[0,5.66667,0,0],"texture":"#1"}}}],"gui_light":"front","display":{"thirdperson_righthand":{"translation":[0,3,1]},"thirdperson_lefthand":{"translation":[0,3,1]},"firstperson_righthand":{"rotation":[-10,0,0],"translation":[-1.5,4.5,2]},"firstperson_lefthand":{"rotation":[-10,0,0],"translation":[-1.5,4.5,2]},"ground":{"translation":[0,8.5,0]},"gui":{"rotation":[-90,45,90],"translation":[1.75,-1.75,0],"scale":[1.0332,1.0332,1.0332]},"head":{"scale":[1.5,1.5,1.5],"rotation":[0,90,0]},"fixed":{"rotation":[90,-135,90],"translation":[-1.25,-1.25,0]}}}