{"credit":"MadebyPolygonMC","texture_size":[24,24],"textures":{"1":"littleteddybearset:shovel","particle":"littleteddybearset:shovel"},"elements":[{"from":[7.5,1,7.5],"to":[8.5,2,8.5],"rotation":{"angle":0,"axis":"y","origin":[7.5,0,7.5]},"faces":{"north":{"uv":[9.33333,11.33333,10,12],"texture":"#1"},"east":{"uv":[10,11.33333,10.66667,12],"texture":"#1"},"south":{"uv":[11.33333,10,12,10.66667],"texture":"#1"},"west":{"uv":[11.33333,10.66667,12,11.33333],"texture":"#1"},"up":{"uv":[12,12,11.33333,11.33333],"texture":"#1"},"down":{"uv":[12.66667,0,12,0.66667],"texture":"#1"}}},{"from":[7.5,4,7.5],"to":[8.5,5,8.5],"rotation":{"angle":0,"axis":"y","origin":[7.5,3,7.5]},"faces":{"north":{"uv":[12,0.66667,12.66667,1.33333],"texture":"#1"},"east":{"uv":[12,1.33333,12.66667,2],"texture":"#1"},"south":{"uv":[12,2,12.66667,2.66667],"texture":"#1"},"west":{"uv":[2.66667,12,3.33333,12.66667],"texture":"#1"},"up":{"uv":[12.66667,3.33333,12,2.66667],"texture":"#1"},"down":{"uv":[4,12,3.33333,12.66667],"texture":"#1"}}},{"from":[7.6,2,7.6],"to":[8.4,4,8.4],"rotation":{"angle":0,"axis":"y","origin":[7.5,1,7.5]},"faces":{"north":{"uv":[10.66667,5.33333,11.33333,6.66667],"texture":"#1"},"east":{"uv":[6.66667,10.66667,7.33333,12],"texture":"#1"},"south":{"uv":[10.66667,6.66667,11.33333,8],"texture":"#1"},"west":{"uv":[7.33333,10.66667,8,12],"texture":"#1"},"up":{"uv":[12.66667,4,12,3.33333],"texture":"#1"},"down":{"uv":[4.66667,12,4,12.66667],"texture":"#1"}}},{"from":[7.44,0.215,7.44],"to":[8.56,1.335,8.56],"rotation":{"angle":-45,"axis":"x","origin":[8,0.775,8]},"faces":{"north":{"uv":[12,4,12.66667,4.66667],"texture":"#1"},"east":{"uv":[4.66667,12,5.33333,12.66667],"texture":"#1"},"south":{"uv":[12,4.66667,12.66667,5.33333],"texture":"#1"},"west":{"uv":[5.33333,12,6,12.66667],"texture":"#1"},"up":{"uv":[12.66667,6,12,5.33333],"texture":"#1"},"down":{"uv":[6.66667,12,6,12.66667],"texture":"#1"}}},{"from":[7.35,5,7.35],"to":[8.65,7,8.65],"rotation":{"angle":0,"axis":"y","origin":[7,0,7]},"faces":{"north":{"uv":[6.66667,9.33333,7.66667,10.66667],"texture":"#1"},"east":{"uv":[9.33333,6.66667,10.33333,8],"texture":"#1"},"south":{"uv":[9.33333,8,10.33333,9.33333],"texture":"#1"},"west":{"uv":[9.33333,9.33333,10.33333,10.66667],"texture":"#1"},"up":{"uv":[3.66667,11.66667,2.66667,10.66667],"texture":"#1"},"down":{"uv":[5,10.66667,4,11.66667],"texture":"#1"}}},{"from":[7.35,8.5,7.35],"to":[8.65,12.5,8.65],"rotation":{"angle":0,"axis":"y","origin":[7,-2,7]},"faces":{"north":{"uv":[4,6.66667,5,9.33333],"texture":"#1"},"east":{"uv":[6.66667,4,7.66667,6.66667],"texture":"#1"},"south":{"uv":[5.33333,6.66667,6.33333,9.33333],"texture":"#1"},"west":{"uv":[6.66667,6.66667,7.66667,9.33333],"texture":"#1"},"up":{"uv":[11.66667,5,10.66667,4],"texture":"#1"},"down":{"uv":[6.33333,10.66667,5.33333,11.66667],"texture":"#1"}}},{"from":[7.45,7,7.45],"to":[8.55,8.5,8.55],"rotation":{"angle":0,"axis":"y","origin":[7,0,7]},"faces":{"north":{"uv":[12,5.33333,11.33333,6.33333],"texture":"#1"},"east":{"uv":[11.33333,5.33333,12,6.33333],"texture":"#1"},"south":{"uv":[12,5.33333,11.33333,6.33333],"texture":"#1"},"west":{"uv":[11.33333,5.33333,12,6.33333],"texture":"#1"}}},{"from":[6.65,10.40931,8.2435],"to":[9.35,13.10931,10.9435],"rotation":{"angle":0,"axis":"y","origin":[8,10.59633,9.85]},"faces":{"north":{"uv":[0,4.66667,1.66667,6.33333],"texture":"#1"},"east":{"uv":[2,4.66667,3.66667,6.33333],"texture":"#1"},"south":{"uv":[0,6.66667,1.66667,8.33333],"texture":"#1"},"west":{"uv":[6.66667,0,8.33333,1.66667],"texture":"#1"},"up":{"uv":[3.66667,8.33333,2,6.66667],"texture":"#1"},"down":{"uv":[8.33333,2,6.66667,3.66667],"texture":"#1"}}},{"from":[6.92,7.70931,8.5135],"to":[9.08,10.40931,10.4035],"rotation":{"angle":0,"axis":"y","origin":[8,10.59633,9.85]},"faces":{"north":{"uv":[8.66667,0,10,1.66667],"texture":"#1"},"east":{"uv":[1.33333,8.66667,2.66667,10.33333],"texture":"#1"},"south":{"uv":[8.66667,2,10,3.66667],"texture":"#1"},"west":{"uv":[2.66667,8.66667,4,10.33333],"texture":"#1"},"up":{"uv":[5.33333,10.66667,4,9.33333],"texture":"#1"},"down":{"uv":[10.66667,4,9.33333,5.33333],"texture":"#1"}}},{"from":[6.92,7.70931,10.4035],"to":[9.08,9.33431,10.9435],"rotation":{"angle":0,"axis":"y","origin":[8,10.59633,9.85]},"faces":{"east":{"uv":[12,10.66667,12.33333,11.66667],"texture":"#1"},"south":{"uv":[10,0,11.33333,1],"texture":"#1"},"west":{"uv":[11.33333,12,11.66667,13],"texture":"#1"},"up":{"uv":[13.33333,6.33333,12,6],"texture":"#1"},"down":{"uv":[8,12,6.66667,12.33333],"texture":"#1"}}},{"from":[7.19,10.40931,10.9435],"to":[8.81,11.48931,11.4835],"rotation":{"angle":0,"axis":"y","origin":[8,10.59633,9.85]},"faces":{"east":{"uv":[12.66667,0,13,0.66667],"texture":"#1"},"south":{"uv":[9.33333,10.66667,10.33333,11.33333],"texture":"#1"},"west":{"uv":[12.66667,0.66667,13,1.33333],"texture":"#1"},"up":{"uv":[13,12.33333,12,12],"texture":"#1"},"down":{"uv":[1,12.66667,0,13],"texture":"#1"}}},{"from":[7.622,11.06541,11.0839],"to":[8.378,11.56221,11.5591],"rotation":{"angle":0,"axis":"y","origin":[8,10.59633,9.85]},"faces":{"north":{"uv":[12.66667,1.33333,13.33333,1.66667],"texture":"#1"},"east":{"uv":[4.66667,12.66667,5,13],"texture":"#1"},"south":{"uv":[12.66667,2,13.33333,2.33333],"texture":"#1"},"west":{"uv":[12.66667,4.66667,13,5],"texture":"#1"},"up":{"uv":[3.33333,13,2.66667,12.66667],"texture":"#1"},"down":{"uv":[13.33333,2.66667,12.66667,3],"texture":"#1"}}},{"from":[7.73,7.86924,9.00502],"to":[8.27,8.40924,9.54502],"rotation":{"angle":22.5,"axis":"x","origin":[8,10.59633,9.85]},"faces":{"north":{"uv":[5.33333,12.66667,5.66667,13],"texture":"#1"},"east":{"uv":[12.66667,5.33333,13,5.66667],"texture":"#1"},"south":{"uv":[6,12.66667,6.33333,13],"texture":"#1"},"west":{"uv":[6.66667,12.66667,7,13],"texture":"#1"},"up":{"uv":[7.66667,13,7.33333,12.66667],"texture":"#1"},"down":{"uv":[8.33333,12.66667,8,13],"texture":"#1"}}},{"from":[7.34055,12.91604,9.306],"to":[8.55555,14.13104,9.896],"rotation":{"angle":22.5,"axis":"z","origin":[8,10.59633,9.85]},"faces":{"north":{"uv":[8,12,8.66667,12.66667],"texture":"#1"},"east":{"uv":[3.33333,12.66667,3.66667,13.33333],"texture":"#1"},"south":{"uv":[8.66667,12,9.33333,12.66667],"texture":"#1"},"west":{"uv":[12.66667,3.33333,13,4],"texture":"#1"},"up":{"uv":[4.66667,13,4,12.66667],"texture":"#1"},"down":{"uv":[13.33333,4,12.66667,4.33333],"texture":"#1"}}},{"from":[6.28515,7.30431,9.16452],"to":[7.50015,8.51931,12.40452],"rotation":{"angle":-22.5,"axis":"y","origin":[8,10.59633,9.85]},"faces":{"north":{"uv":[9.33333,12,10,12.66667],"texture":"#1"},"east":{"uv":[10,1.33333,12,2],"texture":"#1"},"south":{"uv":[10,12,10.66667,12.66667],"texture":"#1"},"west":{"uv":[10,2,12,2.66667],"texture":"#1"},"up":{"uv":[8.66667,12,8,10],"texture":"#1"},"down":{"uv":[9.33333,10,8.66667,12],"texture":"#1"}}},{"from":[5.705,9.32119,9.33055],"to":[6.92,10.53619,12.03055],"rotation":{"angle":22.5,"axis":"x","origin":[8,10.59633,9.85]},"faces":{"north":{"uv":[12,10,12.66667,10.66667],"texture":"#1"},"east":{"uv":[10,2.66667,11.66667,3.33333],"texture":"#1"},"south":{"uv":[10.66667,12,11.33333,12.66667],"texture":"#1"},"west":{"uv":[10,3.33333,11.66667,4],"texture":"#1"},"up":{"uv":[0.66667,12.33333,0,10.66667],"texture":"#1"},"down":{"uv":[1.33333,10.66667,0.66667,12.33333],"texture":"#1"}}},{"from":[7.44445,12.91604,9.306],"to":[8.65945,14.13104,9.896],"rotation":{"angle":-22.5,"axis":"z","origin":[8,10.59633,9.85]},"faces":{"north":{"uv":[8.66667,12,8,12.66667],"texture":"#1"},"east":{"uv":[13,3.33333,12.66667,4],"texture":"#1"},"south":{"uv":[9.33333,12,8.66667,12.66667],"texture":"#1"},"west":{"uv":[3.66667,12.66667,3.33333,13.33333],"texture":"#1"},"up":{"uv":[4,13,4.66667,12.66667],"texture":"#1"},"down":{"uv":[12.66667,4,13.33333,4.33333],"texture":"#1"}}},{"from":[9.08,9.32119,9.33055],"to":[10.295,10.53619,12.03055],"rotation":{"angle":22.5,"axis":"x","origin":[8,10.59633,9.85]},"faces":{"north":{"uv":[12.66667,10,12,10.66667],"texture":"#1"},"east":{"uv":[11.66667,3.33333,10,4],"texture":"#1"},"south":{"uv":[11.33333,12,10.66667,12.66667],"texture":"#1"},"west":{"uv":[11.66667,2.66667,10,3.33333],"texture":"#1"},"up":{"uv":[0,12.33333,0.66667,10.66667],"texture":"#1"},"down":{"uv":[0.66667,10.66667,1.33333,12.33333],"texture":"#1"}}},{"from":[8.49985,7.30431,9.16452],"to":[9.71485,8.51931,12.40452],"rotation":{"angle":22.5,"axis":"y","origin":[8,10.59633,9.85]},"faces":{"north":{"uv":[10,12,9.33333,12.66667],"texture":"#1"},"east":{"uv":[12,2,10,2.66667],"texture":"#1"},"south":{"uv":[10.66667,12,10,12.66667],"texture":"#1"},"west":{"uv":[12,1.33333,10,2],"texture":"#1"},"up":{"uv":[8,12,8.66667,10],"texture":"#1"},"down":{"uv":[8.66667,10,9.33333,12],"texture":"#1"}}},{"from":[7,9,7],"to":[9,12,9],"rotation":{"angle":0,"axis":"y","origin":[7,-2,0]},"faces":{"north":{"uv":[8,4,9.33333,6],"texture":"#1"},"east":{"uv":[8,6,9.33333,8],"texture":"#1"},"south":{"uv":[8,8,9.33333,10],"texture":"#1"},"west":{"uv":[0,8.66667,1.33333,10.66667],"texture":"#1"},"up":{"uv":[6.66667,10.66667,5.33333,9.33333],"texture":"#1"},"down":{"uv":[10.66667,5.33333,9.33333,6.66667],"texture":"#1"}}},{"from":[6,11.5,7.75],"to":[10,16.5,8.25],"rotation":{"angle":0,"axis":"y","origin":[6,5.5,7.75]},"faces":{"north":{"uv":[4,0,6.66667,3.33333],"texture":"#1"},"east":{"uv":[1.33333,10.66667,1.66667,14],"texture":"#1"},"south":{"uv":[4,3.33333,6.66667,6.66667],"texture":"#1"},"west":{"uv":[2,10.66667,2.33333,14],"texture":"#1"},"up":{"uv":[13.33333,8.33333,10.66667,8],"texture":"#1"},"down":{"uv":[13.33333,8.66667,10.66667,9],"texture":"#1"}}},{"from":[5,11.5,8],"to":[11,18.25,8],"rotation":{"angle":0,"axis":"y","origin":[6,5.5,8]},"faces":{"north":{"uv":[4,0,0,4.66667],"texture":"#1"},"east":{"uv":[0,0,0,4.66667],"texture":"#1"},"south":{"uv":[0,0,4,4.66667],"texture":"#1"},"west":{"uv":[0,0,0,4.66667],"texture":"#1"},"up":{"uv":[4,0,0,0],"texture":"#1"},"down":{"uv":[4,0,0,0],"texture":"#1"}}},{"from":[6.5,16.5,7.75],"to":[9.5,17,8.25],"rotation":{"angle":0,"axis":"y","origin":[6,5.5,7.75]},"faces":{"north":{"uv":[11.33333,6.66667,13.33333,7],"texture":"#1"},"east":{"uv":[8.66667,12.66667,9,13],"texture":"#1"},"south":{"uv":[11.33333,7.33333,13.33333,7.66667],"texture":"#1"},"west":{"uv":[9.33333,12.66667,9.66667,13],"texture":"#1"},"up":{"uv":[13.33333,9.66667,11.33333,9.33333],"texture":"#1"}}}],"gui_light":"front","display":{"thirdperson_righthand":{"translation":[0,3,1]},"thirdperson_lefthand":{"translation":[0,3,1]},"firstperson_righthand":{"rotation":[-10,0,0],"translation":[-1.5,4.5,2]},"firstperson_lefthand":{"rotation":[-10,0,0],"translation":[-1.5,4.5,2]},"ground":{"translation":[0,8.5,0]},"gui":{"rotation":[0,0,45],"translation":[1.25,-1.25,0]},"head":{"scale":[1.5,1.5,1.5]},"fixed":{"rotation":[0,180,45],"translation":[-1.25,-1.25,0]}}}