{"credit":"Made by PolygonMC","textures":{"4":"littlebunnyset:bow"},"elements":[{"from":[7.5,7.7,7.5],"to":[8.5,8.3,8.5],"rotation":{"angle":0,"axis":"y","origin":[7.5,4.8,6.5]},"faces":{"north":{"uv":[14,5,15,5.5],"texture":"#4"},"east":{"uv":[6,14,7,14.5],"texture":"#4"},"south":{"uv":[14,6,15,6.5],"texture":"#4"},"west":{"uv":[7,14,8,14.5],"texture":"#4"},"up":{"uv":[13,9,12,8],"texture":"#4"},"down":{"uv":[4,13,3,14],"texture":"#4"}}},{"from":[7.5,9.2,7.5],"to":[8.5,10.2,8.5],"rotation":{"angle":0,"axis":"y","origin":[7.5,4.55,6.5]},"faces":{"north":{"uv":[4,13,5,14],"texture":"#4"},"east":{"uv":[5,13,6,14],"texture":"#4"},"south":{"uv":[13,6,14,7],"texture":"#4"},"west":{"uv":[7,13,8,14],"texture":"#4"},"up":{"uv":[14,8,13,7],"texture":"#4"},"down":{"uv":[9,13,8,14],"texture":"#4"}}},{"from":[7.6,8.3,7.6],"to":[8.4,9.2,8.4],"rotation":{"angle":0,"axis":"y","origin":[7.5,4.8,6.5]},"faces":{"north":{"uv":[13,8,14,9],"texture":"#4"},"east":{"uv":[9,13,10,14],"texture":"#4"},"south":{"uv":[13,9,14,10],"texture":"#4"},"west":{"uv":[10,13,11,14],"texture":"#4"}}},{"from":[7.41,9.91,7.41],"to":[8.59,11.09,8.59],"rotation":{"angle":45,"axis":"x","origin":[8,10.5,8]},"faces":{"north":{"uv":[13,10,14,11],"texture":"#4"},"east":{"uv":[11,13,12,14],"texture":"#4"},"south":{"uv":[13,11,14,12],"texture":"#4"},"west":{"uv":[12,13,13,14],"texture":"#4"},"up":{"uv":[14,13,13,12],"texture":"#4"},"down":{"uv":[14,13,13,14],"texture":"#4"}}},{"from":[7.5,10.35,8.25],"to":[8.5,12.35,10.25],"rotation":{"angle":-22.5,"axis":"x","origin":[8,9.25,7.75]},"faces":{"north":{"uv":[11,11,12,13],"texture":"#4"},"east":{"uv":[9,3,11,5],"texture":"#4"},"south":{"uv":[12,6,13,8],"texture":"#4"},"west":{"uv":[9,5,11,7],"texture":"#4"},"up":{"uv":[13,13,12,11],"texture":"#4"},"down":{"uv":[1,13,0,15],"texture":"#4"}}},{"from":[7.55,12.19798,8.70413],"to":[8.45,13.09798,11.00413],"rotation":{"angle":-45,"axis":"x","origin":[7.55,11.99798,8.94413]},"faces":{"east":{"uv":[11,4,13.5,5],"texture":"#4"},"south":{"uv":[14,0,15,1],"texture":"#4"},"west":{"uv":[11,5,13.5,6],"texture":"#4"},"up":{"uv":[7,13.5,6,11],"texture":"#4"},"down":{"uv":[12,6,11,8.5],"texture":"#4"}}},{"from":[7.6355,14.0687,9.55467],"to":[8.3645,14.7977,11.32267],"rotation":{"angle":-22.5,"axis":"x","origin":[8,14.6832,11.16367]},"faces":{"east":{"uv":[14,1,16,1.5],"texture":"#4"},"south":{"uv":[14,7,14.5,7.5],"texture":"#4"},"west":{"uv":[14,2,16,2.5],"texture":"#4"},"up":{"uv":[3.5,16,3,14],"texture":"#4"},"down":{"uv":[14.5,3,14,5],"texture":"#4"}}},{"from":[7.5,5.8,7.5],"to":[8.5,6.8,8.5],"rotation":{"angle":0,"axis":"y","origin":[7.5,11.45,6.5]},"faces":{"north":{"uv":[4,14,5,13],"texture":"#4"},"east":{"uv":[5,14,6,13],"texture":"#4"},"south":{"uv":[13,7,14,6],"texture":"#4"},"west":{"uv":[7,14,8,13],"texture":"#4"},"up":{"uv":[9,14,8,13],"texture":"#4"},"down":{"uv":[14,7,13,8],"texture":"#4"}}},{"from":[7.6,6.8,7.6],"to":[8.4,7.7,8.4],"rotation":{"angle":0,"axis":"y","origin":[7.5,11.2,6.5]},"faces":{"north":{"uv":[13,9,14,8],"texture":"#4"},"east":{"uv":[9,14,10,13],"texture":"#4"},"south":{"uv":[13,10,14,9],"texture":"#4"},"west":{"uv":[10,14,11,13],"texture":"#4"}}},{"from":[7.5,3.65,8.25],"to":[8.5,5.65,10.25],"rotation":{"angle":22.5,"axis":"x","origin":[8,6.75,7.75]},"faces":{"north":{"uv":[11,13,12,11],"texture":"#4"},"east":{"uv":[9,5,11,3],"texture":"#4"},"south":{"uv":[12,8,13,6],"texture":"#4"},"west":{"uv":[9,7,11,5],"texture":"#4"},"up":{"uv":[1,15,0,13],"texture":"#4"},"down":{"uv":[13,11,12,13],"texture":"#4"}}},{"from":[7.41,4.91,7.41],"to":[8.59,6.09,8.59],"rotation":{"angle":-45,"axis":"x","origin":[8,5.5,8]},"faces":{"north":{"uv":[13,11,14,10],"texture":"#4"},"east":{"uv":[11,14,12,13],"texture":"#4"},"south":{"uv":[13,12,14,11],"texture":"#4"},"west":{"uv":[12,14,13,13],"texture":"#4"},"up":{"uv":[14,14,13,13],"texture":"#4"},"down":{"uv":[14,12,13,13],"texture":"#4"}}},{"from":[7.55,2.90202,8.70413],"to":[8.45,3.80202,11.00413],"rotation":{"angle":45,"axis":"x","origin":[7.55,4.00202,8.94413]},"faces":{"east":{"uv":[11,5,13.5,4],"texture":"#4"},"south":{"uv":[14,1,15,0],"texture":"#4"},"west":{"uv":[11,6,13.5,5],"texture":"#4"},"up":{"uv":[12,8.5,11,6],"texture":"#4"},"down":{"uv":[7,11,6,13.5],"texture":"#4"}}},{"from":[7.6355,1.2023,9.55467],"to":[8.3645,1.9313,11.32267],"rotation":{"angle":22.5,"axis":"x","origin":[8,1.3168,11.16367]},"faces":{"east":{"uv":[14,1.5,16,1],"texture":"#4"},"south":{"uv":[14,7.5,14.5,7],"texture":"#4"},"west":{"uv":[14,2.5,16,2],"texture":"#4"},"up":{"uv":[14.5,5,14,3],"texture":"#4"},"down":{"uv":[3.5,14,3,16],"texture":"#4"}}},{"from":[7.3,-0.3875,7.9875],"to":[8.5,0.8125,9.7375],"rotation":{"angle":22.5,"axis":"x","origin":[7.9,0.2125,7.05]},"faces":{"north":{"uv":[5,15,4,14],"rotation":180,"texture":"#4"},"east":{"uv":[1,13,2,14.5],"rotation":90,"texture":"#4"},"south":{"uv":[6,14,5,15],"texture":"#4"},"west":{"uv":[13,2,14,3.5],"rotation":270,"texture":"#4"},"up":{"uv":[2,13,3,14.5],"texture":"#4"},"down":{"uv":[13,0,14,1.5],"rotation":180,"texture":"#4"}}},{"from":[7.15,-0.5375,5.9875],"to":[8.65,0.9625,7.9875],"rotation":{"angle":22.5,"axis":"x","origin":[7.9,0.2125,7.05]},"faces":{"north":{"uv":[8.5,12.5,7,11],"rotation":180,"texture":"#4"},"east":{"uv":[11,2,12.5,4],"rotation":90,"texture":"#4"},"south":{"uv":[10.5,11,9,12.5],"texture":"#4"},"west":{"uv":[11,2,12.5,4],"rotation":270,"texture":"#4"},"up":{"uv":[12.5,2,11,4],"texture":"#4"},"down":{"uv":[12.5,2,11,4],"rotation":180,"texture":"#4"}}},{"from":[7.975,1.5,10.9],"to":[8.025,14.5,16.4],"rotation":{"angle":0,"axis":"y","origin":[7.975,2.5,6.15]},"faces":{"east":{"uv":[5.5,0,0,13],"texture":"#4"},"west":{"uv":[0,0,5.5,13],"texture":"#4"}}},{"from":[7.875,-0.5375,4.4875],"to":[7.925,0.9625,5.9875],"rotation":{"angle":22.5,"axis":"x","origin":[7.9,0.2125,7.05]},"faces":{"east":{"uv":[12.5,9,11,10.5],"rotation":90,"texture":"#4"},"west":{"uv":[11,9,12.5,10.5],"rotation":270,"texture":"#4"}}},{"from":[7.975,0.675,6.275],"to":[8.025,3.675,8.275],"rotation":{"angle":0,"axis":"y","origin":[5.975,0.675,8.275]},"faces":{"east":{"uv":[11,0,9,3],"texture":"#4"},"west":{"uv":[9,0,11,3],"texture":"#4"}}}],"gui_light":"front","display":{"thirdperson_righthand":{"translation":[0,-2,0.75]},"thirdperson_lefthand":{"translation":[0,-2,0.75]},"firstperson_righthand":{"translation":[-1,6.25,1.25]},"firstperson_lefthand":{"translation":[-1,6.25,1.25]},"ground":{"rotation":[40,0,0],"translation":[0,12.25,0]},"gui":{"rotation":[-90,135,90],"translation":[-2.25,2.25,0],"scale":[1.28125,1.28125,1.28125]},"head":{"scale":[1.5,1.5,1.5],"rotation":[90,45,90]},"fixed":{"rotation":[0,-90,0],"translation":[3.25,0,-1.5],"scale":[2.5,2.5,2.5]}}}