{"credit":"Made by PolygonMC","textures":{"1":"littlebunnyset:fishing_rod","particle":"littlebunnyset:fishing_rod"},"elements":[{"from":[7.5,0.75,7.5],"to":[8.5,1.75,8.5],"rotation":{"angle":0,"axis":"y","origin":[7.5,0,6.5]},"faces":{"north":{"uv":[11,12,12,13],"texture":"#1"},"east":{"uv":[12,11,13,12],"texture":"#1"},"south":{"uv":[12,12,13,13],"texture":"#1"},"west":{"uv":[0,13,1,14],"texture":"#1"},"up":{"uv":[2,14,1,13],"texture":"#1"},"down":{"uv":[3,13,2,14],"texture":"#1"}}},{"from":[7.5,2.65,7.5],"to":[8.5,3.25,8.5],"rotation":{"angle":0,"axis":"y","origin":[7.5,-0.25,6.5]},"faces":{"north":{"uv":[12,14,13,14.5],"texture":"#1"},"east":{"uv":[14,12,15,12.5],"texture":"#1"},"south":{"uv":[13,14,14,14.5],"texture":"#1"},"west":{"uv":[14,13,15,13.5],"texture":"#1"},"up":{"uv":[4,14,3,13],"texture":"#1"},"down":{"uv":[7,13,6,14],"texture":"#1"}}},{"from":[7.5,4.15,7.5],"to":[8.5,5.15,8.5],"rotation":{"angle":0,"axis":"y","origin":[7.5,-0.5,6.5]},"faces":{"north":{"uv":[7,13,8,14],"texture":"#1"},"east":{"uv":[13,7,14,8],"texture":"#1"},"south":{"uv":[13,8,14,9],"texture":"#1"},"west":{"uv":[13,9,14,10],"texture":"#1"},"up":{"uv":[14,11,13,10],"texture":"#1"},"down":{"uv":[12,13,11,14],"texture":"#1"}}},{"from":[7.6,1.75,7.6],"to":[8.4,2.65,8.4],"rotation":{"angle":0,"axis":"y","origin":[7.5,0,6.5]},"faces":{"north":{"uv":[13,11,14,12],"texture":"#1"},"east":{"uv":[12,13,13,14],"texture":"#1"},"south":{"uv":[13,12,14,13],"texture":"#1"},"west":{"uv":[13,13,14,14],"texture":"#1"}}},{"from":[7.6,3.25,7.6],"to":[8.4,4.15,8.4],"rotation":{"angle":0,"axis":"y","origin":[7.5,-0.25,6.5]},"faces":{"north":{"uv":[0,14,1,15],"texture":"#1"},"east":{"uv":[14,0,15,1],"texture":"#1"},"south":{"uv":[1,14,2,15],"texture":"#1"},"west":{"uv":[14,1,15,2],"texture":"#1"}}},{"from":[7.41,-0.09,7.41],"to":[8.59,1.09,8.59],"rotation":{"angle":-45,"axis":"x","origin":[8,0.5,8]},"faces":{"north":{"uv":[2,14,3,15],"texture":"#1"},"east":{"uv":[14,2,15,3],"texture":"#1"},"south":{"uv":[3,14,4,15],"texture":"#1"},"west":{"uv":[14,3,15,4],"texture":"#1"},"up":{"uv":[5,15,4,14],"texture":"#1"},"down":{"uv":[15,4,14,5],"texture":"#1"}}},{"from":[7.975,-3.75,6.125],"to":[8.025,0.75,9.875],"rotation":{"angle":0,"axis":"y","origin":[8,-1.5,8]},"faces":{"east":{"uv":[8,0,4,4.5],"texture":"#1"},"west":{"uv":[4,0,8,4.5],"texture":"#1"}}},{"from":[7.4,5.15,6.9],"to":[8.6,6.15,9.1],"rotation":{"angle":0,"axis":"y","origin":[7.5,5.15,7]},"faces":{"north":{"uv":[5,14,6,15],"texture":"#1"},"east":{"uv":[6,12,8,13],"texture":"#1"},"south":{"uv":[14,5,15,6],"texture":"#1"},"west":{"uv":[12,6,14,7],"texture":"#1"},"down":{"uv":[13,7,12,9],"texture":"#1"}}},{"from":[7.3,5.45,7],"to":[8.7,7.45,9],"rotation":{"angle":-45,"axis":"x","origin":[8,6.45,8]},"faces":{"north":{"uv":[4,10,5.5,12],"texture":"#1"},"east":{"uv":[10,0,12,2],"texture":"#1"},"south":{"uv":[10,4,11.5,6],"texture":"#1"},"west":{"uv":[10,2,12,4],"texture":"#1"},"up":{"uv":[7.5,12,6,10],"texture":"#1"},"down":{"uv":[11.5,6,10,8],"texture":"#1"}}},{"from":[7,5.75,7.3],"to":[9,7.15,8.7],"rotation":{"angle":-45,"axis":"x","origin":[8,6.45,8]},"faces":{"north":{"uv":[8,10,10,11.5],"texture":"#1"},"east":{"uv":[12,2,13.5,3.5],"texture":"#1"},"south":{"uv":[10,8,12,9.5],"texture":"#1"},"west":{"uv":[4,12,5.5,13.5],"texture":"#1"},"up":{"uv":[12,11.5,10,10],"texture":"#1"},"down":{"uv":[14,0,12,1.5],"texture":"#1"}}},{"from":[7.4,7.15,7.4],"to":[8.6,12.15,8.6],"rotation":{"angle":0,"axis":"y","origin":[6.5,7.15,7.5]},"faces":{"north":{"uv":[4,5,5,10],"texture":"#1"},"east":{"uv":[5,5,6,10],"texture":"#1"},"south":{"uv":[6,5,7,10],"texture":"#1"},"west":{"uv":[7,5,8,10],"texture":"#1"},"up":{"uv":[7,15,6,14],"texture":"#1"},"down":{"uv":[15,6,14,7],"texture":"#1"}}},{"from":[7.49,12.1,7.49],"to":[8.51,16.35,8.51],"rotation":{"angle":0,"axis":"y","origin":[6.725,12.1,7.575]},"faces":{"north":{"uv":[8,0,9,4.5],"texture":"#1"},"east":{"uv":[8,5,9,9.5],"texture":"#1"},"south":{"uv":[9,0,10,4.5],"texture":"#1"},"west":{"uv":[9,5,10,9.5],"texture":"#1"},"up":{"uv":[8,15,7,14],"texture":"#1"},"down":{"uv":[15,7,14,8],"texture":"#1"}}},{"from":[7.6073,16.06865,7.69701],"to":[8.3927,17.80115,8.48241],"rotation":{"angle":-22.5,"axis":"x","origin":[7.01825,16.06865,7.76246]},"faces":{"north":{"uv":[8,12,9,13.5],"texture":"#1"},"east":{"uv":[9,12,10,13.5],"texture":"#1"},"south":{"uv":[12,9,13,10.5],"texture":"#1"},"west":{"uv":[10,12,11,13.5],"texture":"#1"},"up":{"uv":[9,15,8,14],"texture":"#1"},"down":{"uv":[15,8,14,9],"texture":"#1"}}},{"from":[7.73296,17.44059,6.65736],"to":[8.26704,18.61869,7.19143],"rotation":{"angle":-45,"axis":"x","origin":[8,18.27964,6.8744]},"faces":{"north":{"uv":[14,14,14.5,15],"texture":"#1"},"east":{"uv":[0,15,0.5,16],"texture":"#1"},"south":{"uv":[15,0,15.5,1],"texture":"#1"},"west":{"uv":[1,15,1.5,16],"texture":"#1"},"up":{"uv":[15.5,1.5,15,1],"texture":"#1"},"down":{"uv":[2.5,15,2,15.5],"texture":"#1"}}},{"from":[7.25,8.25,6],"to":[8.75,8.3,7.5],"rotation":{"angle":0,"axis":"y","origin":[0.25,0,0]},"faces":{"up":{"uv":[13.5,5.5,12,4],"texture":"#1"},"down":{"uv":[13.5,4,12,5.5],"texture":"#1"}}},{"from":[7.25,10.75,6],"to":[8.75,10.8,7.5],"rotation":{"angle":0,"axis":"y","origin":[0.25,0,0]},"faces":{"up":{"uv":[13.5,5.5,12,4],"texture":"#1"},"down":{"uv":[13.5,4,12,5.5],"texture":"#1"}}},{"from":[7.25,13.25,6],"to":[8.75,13.3,7.5],"rotation":{"angle":0,"axis":"y","origin":[0.25,0,0]},"faces":{"up":{"uv":[13.5,5.5,12,4],"texture":"#1"},"down":{"uv":[13.5,4,12,5.5],"texture":"#1"}}},{"from":[7.25,15.75,6],"to":[8.75,15.8,7.5],"rotation":{"angle":0,"axis":"y","origin":[0.25,0,0]},"faces":{"up":{"uv":[13.5,5.5,12,4],"texture":"#1"},"down":{"uv":[13.5,4,12,5.5],"texture":"#1"}}},{"from":[7.25,18.1,5.525],"to":[8.75,18.15,7.025],"rotation":{"angle":-45,"axis":"x","origin":[8,17.775,6.75]},"faces":{"up":{"uv":[13.5,5.5,12,4],"texture":"#1"},"down":{"uv":[13.5,4,12,5.5],"texture":"#1"}}},{"from":[7.975,6,3.5],"to":[8.025,18.5,7.5],"rotation":{"angle":0,"axis":"y","origin":[7.975,0,0]},"faces":{"east":{"uv":[4,0,0,12.5],"texture":"#1"},"west":{"uv":[0,0,4,12.5],"texture":"#1"}}},{"from":[7.595,11.095,4.345],"to":[8.405,11.905,5.155],"rotation":{"angle":0,"axis":"y","origin":[7.595,0.095,0.095]},"faces":{"north":{"uv":[9,14,10,15],"texture":"#1"},"east":{"uv":[14,9,15,10],"texture":"#1"},"south":{"uv":[10,14,11,15],"texture":"#1"},"west":{"uv":[14,10,15,11],"texture":"#1"},"up":{"uv":[12,15,11,14],"texture":"#1"},"down":{"uv":[15,11,14,12],"texture":"#1"}}}],"gui_light":"front","display":{"thirdperson_righthand":{"translation":[0,3,0.75]},"thirdperson_lefthand":{"translation":[0,3,0.75]},"firstperson_righthand":{"rotation":[-10,0,0],"translation":[0,4.75,1.5]},"firstperson_lefthand":{"rotation":[-10,0,0],"translation":[0,4.75,1.5]},"ground":{"rotation":[-40,0,0],"translation":[0,12.25,0]},"gui":{"rotation":[-90,45,90],"translation":[0.25,0.75,0],"scale":[0.82617,0.82617,0.82617]},"head":{"scale":[1.5,1.5,1.5],"rotation":[0,90,0]},"fixed":{"rotation":[0,-90,0],"translation":[0,1.5,-1.5],"scale":[2,2,2]}}}