{"credit":"Made by PolygonMC","texture_size":[24,24],"textures":{"2":"littlebunnyset:hammer"},"elements":[{"from":[7.5,0.75,7.5],"to":[8.5,1.75,8.5],"rotation":{"angle":0,"axis":"y","origin":[7.5,0,6.5]},"faces":{"north":{"uv":[8.33333,8,9,8.66667],"texture":"#2"},"east":{"uv":[7.33333,8,8,8.66667],"texture":"#2"},"south":{"uv":[9.33333,6,10,6.66667],"texture":"#2"},"west":{"uv":[6.66667,10,7.33333,10.66667],"texture":"#2"},"up":{"uv":[0.66667,13.33333,0,12.66667],"texture":"#2"},"down":{"uv":[13.33333,0,12.66667,0.66667],"texture":"#2"}}},{"from":[7.5,2.65,7.5],"to":[8.5,3.25,8.5],"rotation":{"angle":0,"axis":"y","origin":[7.5,-0.25,6.5]},"faces":{"north":{"uv":[7.33333,13.33333,8,13.66667],"texture":"#2"},"east":{"uv":[13.33333,7.33333,14,7.66667],"texture":"#2"},"south":{"uv":[8,13.33333,8.66667,13.66667],"texture":"#2"},"west":{"uv":[13.33333,8,14,8.33333],"texture":"#2"},"up":{"uv":[1.33333,13.33333,0.66667,12.66667],"texture":"#2"},"down":{"uv":[13.33333,0.66667,12.66667,1.33333],"texture":"#2"}}},{"from":[7.5,4.15,7.5],"to":[8.5,5.15,8.5],"rotation":{"angle":0,"axis":"y","origin":[7.5,-0.5,6.5]},"faces":{"north":{"uv":[12.66667,1.33333,13.33333,2],"texture":"#2"},"east":{"uv":[12.66667,2,13.33333,2.66667],"texture":"#2"},"south":{"uv":[12.66667,2.66667,13.33333,3.33333],"texture":"#2"},"west":{"uv":[12.66667,3.33333,13.33333,4],"texture":"#2"},"up":{"uv":[4.66667,13.33333,4,12.66667],"texture":"#2"},"down":{"uv":[13.33333,4,12.66667,4.66667],"texture":"#2"}}},{"from":[7.6,1.75,7.6],"to":[8.4,2.65,8.4],"rotation":{"angle":0,"axis":"y","origin":[7.5,0,6.5]},"faces":{"north":{"uv":[4.66667,12.66667,5.33333,13.33333],"texture":"#2"},"east":{"uv":[12.66667,4.66667,13.33333,5.33333],"texture":"#2"},"south":{"uv":[5.33333,12.66667,6,13.33333],"texture":"#2"},"west":{"uv":[12.66667,5.33333,13.33333,6],"texture":"#2"}}},{"from":[7.6,3.25,7.6],"to":[8.4,4.15,8.4],"rotation":{"angle":0,"axis":"y","origin":[7.5,-0.25,6.5]},"faces":{"north":{"uv":[6,12.66667,6.66667,13.33333],"texture":"#2"},"east":{"uv":[12.66667,6,13.33333,6.66667],"texture":"#2"},"south":{"uv":[6.66667,12.66667,7.33333,13.33333],"texture":"#2"},"west":{"uv":[12.66667,6.66667,13.33333,7.33333],"texture":"#2"}}},{"from":[7.5,10.15,7.5],"to":[8.5,11.15,8.5],"rotation":{"angle":0,"axis":"y","origin":[7.5,0.15,6.5]},"faces":{"north":{"uv":[7.33333,12.66667,8,13.33333],"texture":"#2"},"east":{"uv":[12.66667,7.33333,13.33333,8],"texture":"#2"},"south":{"uv":[12.66667,8,13.33333,8.66667],"texture":"#2"},"west":{"uv":[12.66667,8.66667,13.33333,9.33333],"texture":"#2"},"up":{"uv":[13.33333,10,12.66667,9.33333],"texture":"#2"},"down":{"uv":[13.33333,10,12.66667,10.66667],"texture":"#2"}}},{"from":[7.5,12.05,7.5],"to":[8.5,12.65,8.5],"rotation":{"angle":0,"axis":"y","origin":[7.5,-0.1,6.5]},"faces":{"north":{"uv":[8.66667,13.33333,9.33333,13.66667],"texture":"#2"},"east":{"uv":[13.33333,8.66667,14,9],"texture":"#2"},"south":{"uv":[9.33333,13.33333,10,13.66667],"texture":"#2"},"west":{"uv":[13.33333,9.33333,14,9.66667],"texture":"#2"},"up":{"uv":[13.33333,11.33333,12.66667,10.66667],"texture":"#2"},"down":{"uv":[13.33333,11.33333,12.66667,12],"texture":"#2"}}},{"from":[7.5,13.55,7.5],"to":[8.5,14.55,8.5],"rotation":{"angle":0,"axis":"y","origin":[7.5,-0.35,6.5]},"faces":{"north":{"uv":[12.66667,12,13.33333,12.66667],"texture":"#2"},"east":{"uv":[12.66667,12.66667,13.33333,13.33333],"texture":"#2"},"south":{"uv":[0,13.33333,0.66667,14],"texture":"#2"},"west":{"uv":[13.33333,0,14,0.66667],"texture":"#2"},"up":{"uv":[1.33333,14,0.66667,13.33333],"texture":"#2"},"down":{"uv":[14,0.66667,13.33333,1.33333],"texture":"#2"}}},{"from":[7.6,11.15,7.6],"to":[8.4,12.05,8.4],"rotation":{"angle":0,"axis":"y","origin":[7.5,0.15,6.5]},"faces":{"north":{"uv":[1.33333,13.33333,2,14],"texture":"#2"},"east":{"uv":[13.33333,1.33333,14,2],"texture":"#2"},"south":{"uv":[2,13.33333,2.66667,14],"texture":"#2"},"west":{"uv":[13.33333,2,14,2.66667],"texture":"#2"}}},{"from":[7.6,12.65,7.6],"to":[8.4,13.55,8.4],"rotation":{"angle":0,"axis":"y","origin":[7.5,-0.1,6.5]},"faces":{"north":{"uv":[2.66667,13.33333,3.33333,14],"texture":"#2"},"east":{"uv":[13.33333,2.66667,14,3.33333],"texture":"#2"},"south":{"uv":[3.33333,13.33333,4,14],"texture":"#2"},"west":{"uv":[13.33333,3.33333,14,4],"texture":"#2"}}},{"from":[7.41,-0.09,7.41],"to":[8.59,1.09,8.59],"rotation":{"angle":-45,"axis":"x","origin":[8,0.5,8]},"faces":{"north":{"uv":[4,13.33333,4.66667,14],"texture":"#2"},"east":{"uv":[13.33333,4,14,4.66667],"texture":"#2"},"south":{"uv":[4.66667,13.33333,5.33333,14],"texture":"#2"},"west":{"uv":[13.33333,4.66667,14,5.33333],"texture":"#2"},"up":{"uv":[6,14,5.33333,13.33333],"texture":"#2"},"down":{"uv":[14,5.33333,13.33333,6],"texture":"#2"}}},{"from":[7.975,-3.75,6.125],"to":[8.025,0.75,9.875],"rotation":{"angle":0,"axis":"y","origin":[8,-1.5,8]},"faces":{"east":{"uv":[2.66667,0,0,3],"texture":"#2"},"west":{"uv":[0,0,2.66667,3],"texture":"#2"}}},{"from":[7.4,14.55,6.9],"to":[8.6,15.55,9.1],"rotation":{"angle":0,"axis":"y","origin":[7.5,14.55,7]},"faces":{"north":{"uv":[6,13.33333,6.66667,14],"texture":"#2"},"east":{"uv":[4,12,5.33333,12.66667],"texture":"#2"},"south":{"uv":[13.33333,6,14,6.66667],"texture":"#2"},"west":{"uv":[6.66667,12,8,12.66667],"texture":"#2"},"down":{"uv":[9,6,8.33333,7.33333],"texture":"#2"}}},{"from":[7.3,14.85,7],"to":[8.7,16.85,9],"rotation":{"angle":-45,"axis":"x","origin":[8,15.85,8]},"faces":{"north":{"uv":[8,10.66667,9,12],"texture":"#2"},"east":{"uv":[10,2.66667,11.33333,4],"texture":"#2"},"south":{"uv":[9.33333,10.66667,10.33333,12],"texture":"#2"},"west":{"uv":[5.33333,10,6.66667,11.33333],"texture":"#2"},"up":{"uv":[11.66667,12,10.66667,10.66667],"texture":"#2"},"down":{"uv":[12.33333,0,11.33333,1.33333],"texture":"#2"}}},{"from":[7,15.15,7.3],"to":[9,16.55,8.7],"rotation":{"angle":-45,"axis":"x","origin":[8,15.85,8]},"faces":{"north":{"uv":[11.33333,1.33333,12.66667,2.33333],"texture":"#2"},"east":{"uv":[11.33333,8,12.33333,9],"texture":"#2"},"south":{"uv":[11.33333,2.66667,12.66667,3.66667],"texture":"#2"},"west":{"uv":[11.33333,9.33333,12.33333,10.33333],"texture":"#2"},"up":{"uv":[12.66667,5,11.33333,4],"texture":"#2"},"down":{"uv":[6.66667,11.33333,5.33333,12.33333],"texture":"#2"}}},{"from":[7.5,15.5,5.5],"to":[8.5,17.5,7.5],"rotation":{"angle":22.5,"axis":"x","origin":[8,16.4,5]},"faces":{"north":{"uv":[8,12,8.66667,13.33333],"texture":"#2"},"east":{"uv":[10,6,11.33333,7.33333],"texture":"#2"},"south":{"uv":[8.66667,12,9.33333,13.33333],"texture":"#2"},"west":{"uv":[10,7.33333,11.33333,8.66667],"texture":"#2"},"up":{"uv":[10,13.33333,9.33333,12],"texture":"#2"},"down":{"uv":[10.66667,12,10,13.33333],"texture":"#2"}}},{"from":[7.5,15.5,8.5],"to":[8.5,17.5,10.5],"rotation":{"angle":-22.5,"axis":"x","origin":[8,16.4,11]},"faces":{"north":{"uv":[10.66667,12,11.33333,13.33333],"texture":"#2"},"east":{"uv":[4,10.66667,5.33333,12],"texture":"#2"},"south":{"uv":[12,10.66667,12.66667,12],"texture":"#2"},"west":{"uv":[6.66667,10.66667,8,12],"texture":"#2"},"up":{"uv":[12,13.33333,11.33333,12],"texture":"#2"},"down":{"uv":[12.66667,12,12,13.33333],"texture":"#2"}}},{"from":[7.4,5.15,7.4],"to":[8.6,10.15,8.6],"rotation":{"angle":0,"axis":"y","origin":[6.5,5.15,7.5]},"faces":{"north":{"uv":[2,10,1.33333,13.33333],"texture":"#2"},"east":{"uv":[2,10,2.66667,13.33333],"texture":"#2"},"south":{"uv":[3.33333,10,2.66667,13.33333],"texture":"#2"},"west":{"uv":[3.33333,10,4,13.33333],"texture":"#2"},"up":{"uv":[7.33333,14,6.66667,13.33333],"texture":"#2"},"down":{"uv":[14,6.66667,13.33333,7.33333],"texture":"#2"}}},{"from":[7.225,13.7,4.55],"to":[8.775,16.95,6.55],"rotation":{"angle":-22.5,"axis":"x","origin":[8,15.4,5.05]},"faces":{"north":{"uv":[0,10,1,12.33333],"texture":"#2"},"east":{"uv":[0,5.66667,1.33333,8],"texture":"#2"},"south":{"uv":[10,0,11,2.33333],"texture":"#2"},"west":{"uv":[8.66667,2,10,4.33333],"texture":"#2"},"up":{"uv":[12.33333,6.66667,11.33333,5.33333],"texture":"#2"},"down":{"uv":[12.33333,6.66667,11.33333,8],"texture":"#2"}}},{"from":[7.225,13.7,9.45],"to":[8.775,16.95,11.45],"rotation":{"angle":22.5,"axis":"x","origin":[8,15.4,10.95]},"faces":{"north":{"uv":[11,0,10,2.33333],"texture":"#2"},"east":{"uv":[1.33333,5.66667,0,8],"texture":"#2"},"south":{"uv":[1,10,0,12.33333],"texture":"#2"},"west":{"uv":[10,2,8.66667,4.33333],"texture":"#2"},"up":{"uv":[12.33333,5.33333,11.33333,6.66667],"texture":"#2"},"down":{"uv":[12.33333,8,11.33333,6.66667],"texture":"#2"}}},{"from":[6,15.74,0.6],"to":[10,19.74,4.6],"rotation":{"angle":-22.5,"axis":"x","origin":[8,16,3]},"faces":{"north":{"uv":[2.66667,0,5.33333,2.66667],"texture":"#2"},"east":{"uv":[2.66667,0,5.33333,2.66667],"texture":"#2"},"south":{"uv":[2.66667,0,5.33333,2.66667],"texture":"#2"},"west":{"uv":[2.66667,0,5.33333,2.66667],"texture":"#2"},"up":{"uv":[5.33333,5.33333,2.66667,2.66667],"texture":"#2"},"down":{"uv":[8,0,5.33333,2.66667],"texture":"#2"}}},{"from":[7.975,19.74,0.6],"to":[8.025,23.74,4.6],"rotation":{"angle":-22.5,"axis":"x","origin":[7.975,16,3]},"faces":{"east":{"uv":[8.33333,3,5.66667,5.66667],"texture":"#2"},"west":{"uv":[5.66667,3,8.33333,5.66667],"texture":"#2"}}},{"from":[6.4,12.54,1],"to":[9.6,15.74,4.2],"rotation":{"angle":-22.5,"axis":"x","origin":[8,16,3]},"faces":{"north":{"uv":[0,3.33333,2,5.33333],"texture":"#2"},"east":{"uv":[2,3.33333,0,5.33333],"texture":"#2"},"south":{"uv":[0,3.33333,2,5.33333],"texture":"#2"},"west":{"uv":[2,3.33333,0,5.33333],"texture":"#2"},"down":{"uv":[10,0,8,2],"texture":"#2"}}},{"from":[6.72,9.98,1.32],"to":[9.28,12.54,3.88],"rotation":{"angle":-22.5,"axis":"x","origin":[8,16,3]},"faces":{"north":{"uv":[1.66667,5.66667,3.33333,7.33333],"texture":"#2"},"east":{"uv":[3.33333,5.66667,1.66667,7.33333],"texture":"#2"},"south":{"uv":[1.66667,5.66667,3.33333,7.33333],"texture":"#2"},"west":{"uv":[3.33333,5.66667,1.66667,7.33333],"texture":"#2"},"down":{"uv":[5.33333,5.66667,3.66667,7.33333],"texture":"#2"}}},{"from":[7.975,19.74,11.4],"to":[8.025,23.74,15.4],"rotation":{"angle":22.5,"axis":"x","origin":[7.975,16,13]},"faces":{"east":{"uv":[5.66667,3,8.33333,5.66667],"texture":"#2"},"west":{"uv":[8.33333,3,5.66667,5.66667],"texture":"#2"}}},{"from":[6,15.74,11.4],"to":[10,19.74,15.4],"rotation":{"angle":22.5,"axis":"x","origin":[8,16,13]},"faces":{"north":{"uv":[5.33333,0,2.66667,2.66667],"texture":"#2"},"east":{"uv":[5.33333,0,2.66667,2.66667],"texture":"#2"},"south":{"uv":[5.33333,0,2.66667,2.66667],"texture":"#2"},"west":{"uv":[5.33333,0,2.66667,2.66667],"texture":"#2"},"up":{"uv":[5.33333,2.66667,2.66667,5.33333],"texture":"#2"},"down":{"uv":[8,2.66667,5.33333,0],"texture":"#2"}}},{"from":[6.4,12.54,11.8],"to":[9.6,15.74,15],"rotation":{"angle":22.5,"axis":"x","origin":[8,16,13]},"faces":{"north":{"uv":[2,3.33333,0,5.33333],"texture":"#2"},"east":{"uv":[0,3.33333,2,5.33333],"texture":"#2"},"south":{"uv":[2,3.33333,0,5.33333],"texture":"#2"},"west":{"uv":[0,3.33333,2,5.33333],"texture":"#2"},"down":{"uv":[10,2,8,0],"texture":"#2"}}},{"from":[6.72,9.98,12.12],"to":[9.28,12.54,14.68],"rotation":{"angle":22.5,"axis":"x","origin":[8,16,13]},"faces":{"north":{"uv":[3.33333,5.66667,1.66667,7.33333],"texture":"#2"},"east":{"uv":[1.66667,5.66667,3.33333,7.33333],"texture":"#2"},"south":{"uv":[3.33333,5.66667,1.66667,7.33333],"texture":"#2"},"west":{"uv":[1.66667,5.66667,3.33333,7.33333],"texture":"#2"},"down":{"uv":[5.33333,7.33333,3.66667,5.66667],"texture":"#2"}}}],"gui_light":"front","display":{"thirdperson_righthand":{"translation":[0,3,0.75]},"thirdperson_lefthand":{"translation":[0,3,0.75]},"firstperson_righthand":{"rotation":[-10,0,0],"translation":[0,2.75,0]},"firstperson_lefthand":{"rotation":[-10,0,0],"translation":[0,2.75,0]},"ground":{"rotation":[40,0,0],"translation":[0,12.25,-3]},"gui":{"rotation":[90,-45,90],"translation":[2.25,-2.25,0],"scale":[0.68164,0.68164,0.68164]},"head":{"scale":[1.5,1.5,1.5],"rotation":[0,90,0]},"fixed":{"rotation":[0,90,0],"translation":[0,-0.5,-1.5],"scale":[2,2,2]}}}