{"credit":"Made by PolygonMC","texture_size":[24,24],"textures":{"2":"littlebunnyset:shield","particle":"littlebunnyset:shield"},"elements":[{"from":[7.5,4.35,9.4],"to":[8.5,5.35,10.4],"rotation":{"angle":0,"axis":"y","origin":[9.5,3.6,9.4]},"faces":{"north":{"uv":[12,7.33333,12.66667,8],"texture":"#2"},"east":{"uv":[6,12,6.66667,12.66667],"texture":"#2"},"south":{"uv":[6.66667,12,7.33333,12.66667],"texture":"#2"},"west":{"uv":[12,6.66667,12.66667,7.33333],"texture":"#2"},"up":{"uv":[12.66667,8.66667,12,8],"rotation":90,"texture":"#2"},"down":{"uv":[12.66667,8.66667,12,9.33333],"rotation":270,"texture":"#2"}}},{"from":[7.5,6.25,9.4],"to":[8.5,6.85,10.4],"rotation":{"angle":0,"axis":"y","origin":[9.5,3.35,9.4]},"faces":{"north":{"uv":[12.66667,12.66667,13.33333,13],"texture":"#2"},"east":{"uv":[12.66667,11.33333,13.33333,11.66667],"texture":"#2"},"south":{"uv":[12,12.66667,12.66667,13],"texture":"#2"},"west":{"uv":[12.66667,12,13.33333,12.33333],"texture":"#2"},"up":{"uv":[10,12.66667,9.33333,12],"rotation":90,"texture":"#2"},"down":{"uv":[12.66667,9.33333,12,10],"rotation":270,"texture":"#2"}}},{"from":[7.5,7.75,9.4],"to":[8.5,8.75,10.4],"rotation":{"angle":0,"axis":"y","origin":[9.5,3.1,9.4]},"faces":{"north":{"uv":[12,12,12.66667,12.66667],"texture":"#2"},"east":{"uv":[10,12,10.66667,12.66667],"texture":"#2"},"south":{"uv":[12,10,12.66667,10.66667],"texture":"#2"},"west":{"uv":[12,11.33333,12.66667,12],"texture":"#2"},"up":{"uv":[13.33333,1.33333,12.66667,0.66667],"rotation":90,"texture":"#2"},"down":{"uv":[13.33333,1.33333,12.66667,2],"rotation":270,"texture":"#2"}}},{"from":[7.6,5.35,9.5],"to":[8.4,6.25,10.3],"rotation":{"angle":0,"axis":"y","origin":[9.5,3.6,9.4]},"faces":{"north":{"uv":[12.66667,2.66667,13.33333,3.33333],"texture":"#2"},"east":{"uv":[2,12.66667,2.66667,13.33333],"texture":"#2"},"south":{"uv":[12.66667,2,13.33333,2.66667],"texture":"#2"},"west":{"uv":[2.66667,12.66667,3.33333,13.33333],"texture":"#2"}}},{"from":[7.6,6.85,9.5],"to":[8.4,7.75,10.3],"rotation":{"angle":0,"axis":"y","origin":[9.5,3.35,9.4]},"faces":{"north":{"uv":[12.66667,4,13.33333,4.66667],"texture":"#2"},"east":{"uv":[3.33333,12.66667,4,13.33333],"texture":"#2"},"south":{"uv":[12.66667,3.33333,13.33333,4],"texture":"#2"},"west":{"uv":[4,12.66667,4.66667,13.33333],"texture":"#2"}}},{"from":[7.41,3.46,9.31],"to":[8.59,4.64,10.49],"rotation":{"angle":-45,"axis":"z","origin":[8,4.05,9.9]},"faces":{"north":{"uv":[12.66667,5.33333,13.33333,6],"texture":"#2"},"east":{"uv":[4.66667,12.66667,5.33333,13.33333],"texture":"#2"},"south":{"uv":[12.66667,4.66667,13.33333,5.33333],"texture":"#2"},"west":{"uv":[5.33333,12.66667,6,13.33333],"texture":"#2"},"up":{"uv":[6.66667,13.33333,6,12.66667],"rotation":90,"texture":"#2"},"down":{"uv":[13.33333,6,12.66667,6.66667],"rotation":270,"texture":"#2"}}},{"from":[7.41,8.46,9.31],"to":[8.59,9.64,10.49],"rotation":{"angle":45,"axis":"z","origin":[8,9.05,9.9]},"faces":{"north":{"uv":[12.66667,7.33333,13.33333,8],"texture":"#2"},"east":{"uv":[6.66667,12.66667,7.33333,13.33333],"texture":"#2"},"south":{"uv":[12.66667,6.66667,13.33333,7.33333],"texture":"#2"},"west":{"uv":[7.33333,12.66667,8,13.33333],"texture":"#2"},"up":{"uv":[13.33333,8.66667,12.66667,8],"rotation":90,"texture":"#2"},"down":{"uv":[13.33333,8.66667,12.66667,9.33333],"rotation":270,"texture":"#2"}}},{"from":[6.9,11.95,5.5],"to":[9.1,12.95,6.7],"rotation":{"angle":0,"axis":"y","origin":[9,11.95,5.6]},"faces":{"north":{"uv":[6,11.33333,7.33333,12],"texture":"#2"},"east":{"uv":[9.33333,12.66667,10,13.33333],"texture":"#2"},"south":{"uv":[11.33333,2,12.66667,2.66667],"texture":"#2"},"west":{"uv":[12.66667,9.33333,13.33333,10],"texture":"#2"},"down":{"uv":[8,11.33333,7.33333,12.66667],"rotation":270,"texture":"#2"}}},{"from":[7,12.25,5.4],"to":[9,14.25,6.8],"rotation":{"angle":-45,"axis":"z","origin":[8,13.25,6.1]},"faces":{"north":{"uv":[8.66667,1.33333,10,2.66667],"texture":"#2"},"east":{"uv":[10,1.33333,11,2.66667],"texture":"#2"},"south":{"uv":[8.66667,0,10,1.33333],"texture":"#2"},"west":{"uv":[10.66667,2.66667,11.66667,4],"texture":"#2"},"up":{"uv":[11.66667,5.33333,10.66667,4],"rotation":90,"texture":"#2"},"down":{"uv":[11.66667,5.33333,10.66667,6.66667],"rotation":270,"texture":"#2"}}},{"from":[7.3,12.55,5.1],"to":[8.7,13.95,7.1],"rotation":{"angle":-45,"axis":"z","origin":[8,13.25,6.1]},"faces":{"north":{"uv":[2,11.33333,3,12.33333],"texture":"#2"},"east":{"uv":[10.66667,6.66667,12,7.66667],"texture":"#2"},"south":{"uv":[11.33333,0.66667,12.33333,1.66667],"texture":"#2"},"west":{"uv":[10.66667,8,12,9],"texture":"#2"},"up":{"uv":[10.66667,11.66667,9.33333,10.66667],"rotation":90,"texture":"#2"},"down":{"uv":[12,9.33333,10.66667,10.33333],"rotation":270,"texture":"#2"}}},{"from":[8.57591,12.31836,5.6],"to":[10.57591,14.31836,6.6],"rotation":{"angle":22.5,"axis":"z","origin":[9.57591,13.31836,6.1]},"faces":{"north":{"uv":[9.33333,8,10.66667,9.33333],"texture":"#2"},"east":{"uv":[10.66667,11.33333,11.33333,12.66667],"texture":"#2"},"south":{"uv":[9.33333,6.66667,10.66667,8],"texture":"#2"},"west":{"uv":[11.33333,11.33333,12,12.66667],"texture":"#2"},"up":{"uv":[0.66667,13.33333,0,12],"rotation":90,"texture":"#2"},"down":{"uv":[1.33333,12,0.66667,13.33333],"rotation":270,"texture":"#2"}}},{"from":[5.5,12.9,5.6],"to":[7.5,14.9,6.6],"rotation":{"angle":-22.5,"axis":"z","origin":[5,13.8,6.1]},"faces":{"north":{"uv":[10,0,11.33333,1.33333],"texture":"#2"},"east":{"uv":[1.33333,12,2,13.33333],"texture":"#2"},"south":{"uv":[9.33333,9.33333,10.66667,10.66667],"texture":"#2"},"west":{"uv":[12,2.66667,12.66667,4],"texture":"#2"},"up":{"uv":[12.66667,5.33333,12,4],"rotation":90,"texture":"#2"},"down":{"uv":[12.66667,5.33333,12,6.66667],"rotation":270,"texture":"#2"}}},{"from":[7,-0.05,5.85],"to":[9,11.95,6.35],"rotation":{"angle":0,"axis":"y","origin":[9,-2.05,5.85]},"faces":{"north":{"uv":[6.66667,3.33333,8,11.33333],"texture":"#2"},"east":{"uv":[8,6.66667,8.33333,14.66667],"texture":"#2"},"south":{"uv":[5.33333,3.33333,6.66667,11.33333],"texture":"#2"},"west":{"uv":[8.66667,6.66667,9,14.66667],"texture":"#2"}}},{"from":[6.005,-1.29226,5.8475],"to":[7.425,0.12774,6.3525],"rotation":{"angle":-45,"axis":"z","origin":[8,-1.86726,5.8475]},"faces":{"north":{"uv":[4.66667,11.33333,5.66667,12.33333],"texture":"#2"},"east":{"uv":[10,12.66667,10.33333,13.66667],"texture":"#2"},"south":{"uv":[3.33333,11.33333,4.33333,12.33333],"texture":"#2"},"west":{"uv":[12.66667,10,13,11],"texture":"#2"},"up":{"uv":[11,13.66667,10.66667,12.66667],"rotation":90,"texture":"#2"},"down":{"uv":[11.66667,12.66667,11.33333,13.66667],"rotation":270,"texture":"#2"}}},{"from":[7.6,8.65228,6.31],"to":[8.4,9.45228,9.31],"rotation":{"angle":-45,"axis":"z","origin":[8,9.05228,8.31]},"faces":{"east":{"uv":[8.66667,2.66667,10.66667,3.33333],"texture":"#2"},"west":{"uv":[10.66667,10.66667,12.66667,11.33333],"texture":"#2"},"up":{"uv":[2,12,0,11.33333],"rotation":90,"texture":"#2"},"down":{"uv":[13.33333,0,11.33333,0.66667],"rotation":270,"texture":"#2"}}},{"from":[7.6,3.65228,6.31],"to":[8.4,4.45228,9.31],"rotation":{"angle":-45,"axis":"z","origin":[8,4.05228,8.31]},"faces":{"east":{"uv":[8.66667,2.66667,10.66667,3.33333],"texture":"#2"},"west":{"uv":[10.66667,10.66667,12.66667,11.33333],"texture":"#2"},"up":{"uv":[2,12,0,11.33333],"rotation":90,"texture":"#2"},"down":{"uv":[13.33333,0,11.33333,0.66667],"rotation":270,"texture":"#2"}}},{"from":[4,-3.45,6.1],"to":[12,13.55,6.15],"rotation":{"angle":0,"axis":"y","origin":[9,-1.45,6.1]},"faces":{"north":{"uv":[0,0,5.33333,11.33333],"texture":"#2"},"south":{"uv":[5.33333,0,0,11.33333],"texture":"#2"}}},{"from":[5.5,13.55,6.075],"to":[10.5,18.55,6.125],"rotation":{"angle":0,"axis":"y","origin":[9,4.55,6.075]},"faces":{"north":{"uv":[5.33333,0,8.66667,3.33333],"texture":"#2"},"south":{"uv":[8.66667,0,5.33333,3.33333],"texture":"#2"}}}],"gui_light":"front","display":{"thirdperson_righthand":{"rotation":[0,-90,0],"translation":[2,-0.5,1]},"thirdperson_lefthand":{"rotation":[0,-90,0],"translation":[2,-0.5,1]},"firstperson_righthand":{"rotation":[0,0,16],"translation":[-1,2.75,4]},"firstperson_lefthand":{"rotation":[0,0,16],"translation":[-1,2.75,4]},"ground":{"rotation":[40,0,0],"translation":[0,12.25,0]},"gui":{"rotation":[0,180,-45],"translation":[-0.25,0.25,0],"scale":[0.98047,0.98047,0.98047]},"head":{"scale":[1.5,1.5,1.5]},"fixed":{"translation":[0,3,-1.5],"scale":[2,2,2]}}}