{
  "skaga": {
    "sounds": [
      "music/skaga"
    ]
  },
  "step1redrover": {
    "sounds": [
      "music/step1redrover"
    ]
  },
  "step2redrover": {
    "sounds": [
      "music/step2redrover"
    ]
  },
  "step3redrover": {
    "sounds": [
      "music/step3redrover"
    ]
  },
  "step4redrover": {
    "sounds": [
      "music/step4redrover"
    ]
  },
  "step5redrover": {
    "sounds": [
      "music/step5redrover"
    ]
  },
  "gored1": {
    "sounds": [
      "music/gored1"
    ]
  },
  "goblue2": {
    "sounds": [
      "music/goblue2"
    ]
  },
  "gored3": {
    "sounds": [
      "music/gored3"
    ]
  },
  "goblue4": {
    "sounds": [
      "music/goblue4"
    ]
  }
}