{"credit": "Made by PolygonMC", "texture_size": [32, 32], "textures": {"2": "littlepenguinset:bow_1", "particle": "littlepenguinset:bow_1"}, "elements": [{"from": [7.25, 2.5, 6.25], "to": [8.75, 4, 7.75], "rotation": {"angle": -45, "axis": "x", "origin": [8, 3.25, 7]}, "faces": {"north": {"uv": [5.5, 11, 6.25, 11.75], "texture": "#2"}, "east": {"uv": [11, 8, 11.75, 8.75], "texture": "#2"}, "south": {"uv": [10.5, 11, 11.25, 11.75], "texture": "#2"}, "west": {"uv": [0, 11.5, 0.75, 12.25], "texture": "#2"}, "up": {"uv": [1.75, 12.25, 1, 11.5], "texture": "#2"}, "down": {"uv": [12.25, 1, 11.5, 1.75], "texture": "#2"}}}, {"from": [7.5, 3.75, 6.5], "to": [8.5, 4.75, 7.5], "rotation": {"angle": 0, "axis": "y", "origin": [6.5, 3.75, 5.5]}, "faces": {"north": {"uv": [8, 1.5, 8.5, 2], "texture": "#2"}, "east": {"uv": [8.5, 1.5, 9, 2], "texture": "#2"}, "south": {"uv": [10, 1, 10.5, 1.5], "texture": "#2"}, "west": {"uv": [10, 9, 10.5, 9.5], "texture": "#2"}, "up": {"uv": [12, 12, 11.5, 11.5], "texture": "#2"}}}, {"from": [7.5, 7.75, 6.5], "to": [8.5, 8.75, 7.5], "rotation": {"angle": 0, "axis": "y", "origin": [6.5, 7.75, 5.5]}, "faces": {"north": {"uv": [12, 0, 12.5, 0.5], "texture": "#2"}, "east": {"uv": [12, 0.5, 12.5, 1], "texture": "#2"}, "south": {"uv": [12, 3, 12.5, 3.5], "texture": "#2"}, "west": {"uv": [12, 3.5, 12.5, 4], "texture": "#2"}, "up": {"uv": [5, 12.5, 4.5, 12], "texture": "#2"}}}, {"from": [7.6, 5.25, 6.6], "to": [8.4, 7.25, 7.4], "rotation": {"angle": 0, "axis": "y", "origin": [6.5, 5.25, 5.5]}, "faces": {"north": {"uv": [6, 10, 6.5, 11], "texture": "#2"}, "east": {"uv": [3, 10.5, 3.5, 11.5], "texture": "#2"}, "south": {"uv": [4, 11.5, 4.5, 12.5], "texture": "#2"}, "west": {"uv": [6.5, 11.5, 7, 12.5], "texture": "#2"}, "up": {"uv": [5.5, 12.5, 5, 12], "texture": "#2"}}}, {"from": [7.4, 4.75, 6.4], "to": [8.6, 5.25, 7.6], "rotation": {"angle": 0, "axis": "y", "origin": [7, -0.75, 6]}, "faces": {"north": {"uv": [12.5, 0.5, 13, 0.75], "texture": "#2"}, "east": {"uv": [1, 12.5, 1.5, 12.75], "texture": "#2"}, "south": {"uv": [12.5, 1, 13, 1.25], "texture": "#2"}, "west": {"uv": [1.5, 12.5, 2, 12.75], "texture": "#2"}, "up": {"uv": [6, 12.5, 5.5, 12], "texture": "#2"}, "down": {"uv": [6.5, 12, 6, 12.5], "texture": "#2"}}}, {"from": [7.4, 7.25, 6.4], "to": [8.6, 7.75, 7.6], "rotation": {"angle": 0, "axis": "y", "origin": [7, 1.75, 6]}, "faces": {"north": {"uv": [12.5, 1.5, 13, 1.75], "texture": "#2"}, "east": {"uv": [2, 12.5, 2.5, 12.75], "texture": "#2"}, "south": {"uv": [12.5, 2, 13, 2.25], "texture": "#2"}, "west": {"uv": [2.5, 12.5, 3, 12.75], "texture": "#2"}, "up": {"uv": [12.5, 7.5, 12, 7], "texture": "#2"}, "down": {"uv": [12.5, 7.5, 12, 8], "texture": "#2"}}}, {"from": [7.6, 13.75, 7.85], "to": [8.4, 15.75, 8.65], "rotation": {"angle": 22.5, "axis": "x", "origin": [8, 15.75, 8.625]}, "faces": {"north": {"uv": [7, 11.5, 7.5, 12.5], "texture": "#2"}, "east": {"uv": [11.5, 7, 12, 8], "texture": "#2"}, "south": {"uv": [7.5, 11.5, 8, 12.5], "texture": "#2"}, "west": {"uv": [8, 11.5, 8.5, 12.5], "texture": "#2"}, "up": {"uv": [12.5, 8.5, 12, 8], "texture": "#2"}}}, {"from": [7.4, 13.25, 7.65], "to": [8.6, 13.75, 8.85], "rotation": {"angle": 22.5, "axis": "x", "origin": [8, 15.75, 8.625]}, "faces": {"north": {"uv": [12.5, 2.5, 13, 2.75], "texture": "#2"}, "east": {"uv": [3, 12.5, 3.5, 12.75], "texture": "#2"}, "south": {"uv": [12.5, 3, 13, 3.25], "texture": "#2"}, "west": {"uv": [3.5, 12.5, 4, 12.75], "texture": "#2"}, "up": {"uv": [12.5, 9, 12, 8.5], "texture": "#2"}, "down": {"uv": [12.5, 9, 12, 9.5], "texture": "#2"}}}, {"from": [7.5, 12.25, 7.75], "to": [8.5, 13.25, 8.75], "rotation": {"angle": 22.5, "axis": "x", "origin": [8, 15.75, 8.625]}, "faces": {"north": {"uv": [12, 9.5, 12.5, 10], "texture": "#2"}, "east": {"uv": [12, 10, 12.5, 10.5], "texture": "#2"}, "south": {"uv": [10.5, 12, 11, 12.5], "texture": "#2"}, "west": {"uv": [12, 10.5, 12.5, 11], "texture": "#2"}, "up": {"uv": [11.5, 12.5, 11, 12], "texture": "#2"}}}, {"from": [7.25, 8.5, 6], "to": [8.75, 10.5, 8], "rotation": {"angle": -45, "axis": "x", "origin": [8, 9.5, 7]}, "faces": {"north": {"uv": [10, 8, 10.75, 9], "texture": "#2"}, "east": {"uv": [8.5, 9.5, 9.5, 10.5], "texture": "#2"}, "south": {"uv": [0, 10.5, 0.75, 11.5], "texture": "#2"}, "west": {"uv": [9.5, 9.5, 10.5, 10.5], "texture": "#2"}, "up": {"uv": [1.75, 11.5, 1, 10.5], "texture": "#2"}, "down": {"uv": [11.25, 1, 10.5, 2], "texture": "#2"}}}, {"from": [7, 8.75, 6.25], "to": [9, 10.25, 7.75], "rotation": {"angle": -45, "axis": "x", "origin": [8, 9.5, 7]}, "faces": {"north": {"uv": [2, 10.5, 3, 11.25], "texture": "#2"}, "east": {"uv": [2, 11.5, 2.75, 12.25], "texture": "#2"}, "south": {"uv": [10.5, 2, 11.5, 2.75], "texture": "#2"}, "west": {"uv": [11.5, 2, 12.25, 2.75], "texture": "#2"}, "up": {"uv": [11.5, 5.75, 10.5, 5], "texture": "#2"}, "down": {"uv": [11.5, 6, 10.5, 6.75], "texture": "#2"}}}, {"from": [7.025, 18.25, 10.8], "to": [8.975, 19.75, 12.3], "rotation": {"angle": 0, "axis": "x", "origin": [8, 19, 11.55]}, "faces": {"north": {"uv": [10.5, 10, 11.5, 10.75], "texture": "#2"}, "east": {"uv": [11.5, 5, 12.25, 5.75], "texture": "#2"}, "south": {"uv": [11, 0, 12, 0.75], "texture": "#2"}, "west": {"uv": [11.5, 6, 12.25, 6.75], "texture": "#2"}, "up": {"uv": [12, 3.75, 11, 3], "texture": "#2"}, "down": {"uv": [5.5, 11, 4.5, 11.75], "texture": "#2"}}}, {"from": [7.275, 18, 10.55], "to": [8.725, 20, 12.55], "rotation": {"angle": 0, "axis": "x", "origin": [8, 19, 11.55]}, "faces": {"north": {"uv": [10.5, 7, 11.25, 8], "texture": "#2"}, "east": {"uv": [10, 0, 11, 1], "texture": "#2"}, "south": {"uv": [8.5, 10.5, 9.25, 11.5], "texture": "#2"}, "west": {"uv": [10, 3, 11, 4], "texture": "#2"}, "up": {"uv": [11.25, 10, 10.5, 9], "texture": "#2"}, "down": {"uv": [10.25, 10.5, 9.5, 11.5], "texture": "#2"}}}, {"from": [6.13, 10.22278, 4.6506], "to": [9.87, 13.28278, 9.4106], "rotation": {"angle": 0, "axis": "x", "origin": [6.75793, 12.75795, 6.4782]}, "faces": {"north": {"uv": [6.5, 5, 8.25, 6.5], "texture": "#2"}, "east": {"uv": [6.5, 2, 9, 3.5], "texture": "#2"}, "south": {"uv": [6.5, 6.5, 8.25, 8], "texture": "#2"}, "west": {"uv": [6.5, 3.5, 9, 5], "texture": "#2"}, "up": {"uv": [6.25, 4.5, 4.5, 2], "texture": "#2"}, "down": {"uv": [6.25, 4.5, 4.5, 7], "texture": "#2"}}}, {"from": [6.81, 11.05486, 8.92283], "to": [9.19, 11.05486, 10.28283], "rotation": {"angle": -45, "axis": "x", "origin": [6.75793, 12.75795, 6.4782]}, "faces": {"north": {"uv": [0, 0, 1.25, 0], "texture": "#2"}, "east": {"uv": [0, 0, 0.75, 0], "texture": "#2"}, "south": {"uv": [0, 0, 1.25, 0], "texture": "#2"}, "west": {"uv": [0, 0, 0.75, 0], "texture": "#2"}, "up": {"uv": [11.25, 4.75, 10, 4], "texture": "#2"}, "down": {"uv": [5.75, 10, 4.5, 10.75], "texture": "#2"}}}, {"from": [5.44384, 10.56278, 5.30287], "to": [5.81784, 12.94278, 8.70287], "rotation": {"angle": -22.5, "axis": "y", "origin": [5.63084, 11.75278, 7.00287]}, "faces": {"north": {"uv": [10, 11.5, 10.25, 12.75], "texture": "#2"}, "east": {"uv": [6.5, 8, 8.25, 9.25], "texture": "#2"}, "south": {"uv": [11.5, 10, 11.75, 11.25], "texture": "#2"}, "west": {"uv": [4.5, 8.5, 6.25, 9.75], "texture": "#2"}, "up": {"uv": [8.75, 13.25, 8.5, 11.5], "texture": "#2"}, "down": {"uv": [9.25, 11.5, 9, 13.25], "texture": "#2"}}}, {"from": [10.18216, 10.56278, 5.30287], "to": [10.55616, 12.94278, 8.70287], "rotation": {"angle": 22.5, "axis": "y", "origin": [10.36916, 11.75278, 7.00287]}, "faces": {"north": {"uv": [10.25, 11.5, 10, 12.75], "texture": "#2"}, "east": {"uv": [6.25, 8.5, 4.5, 9.75], "texture": "#2"}, "south": {"uv": [11.75, 10, 11.5, 11.25], "texture": "#2"}, "west": {"uv": [8.25, 8, 6.5, 9.25], "texture": "#2"}, "up": {"uv": [8.5, 13.25, 8.75, 11.5], "texture": "#2"}, "down": {"uv": [9, 11.5, 9.25, 13.25], "texture": "#2"}}}, {"from": [6.3, 11.79528, 2.5681], "to": [9.7, 14.51528, 5.7981], "rotation": {"angle": 0, "axis": "x", "origin": [6.75793, 12.75795, 6.4782]}, "faces": {"north": {"uv": [8.5, 5, 10.25, 6.25], "texture": "#2"}, "east": {"uv": [8.5, 8, 10, 9.25], "texture": "#2"}, "south": {"uv": [8.5, 6.5, 10.25, 7.75], "texture": "#2"}, "west": {"uv": [9, 1.5, 10.5, 2.75], "texture": "#2"}, "up": {"uv": [6.25, 8.5, 4.5, 7], "texture": "#2"}, "down": {"uv": [9.75, 0, 8, 1.5], "texture": "#2"}}}, {"from": [7.388, 12.15228, 1.5481], "to": [8.612, 13.04828, 2.5681], "rotation": {"angle": 0, "axis": "x", "origin": [6.75793, 12.75795, 6.4782]}, "faces": {"north": {"uv": [12, 11, 12.5, 11.5], "texture": "#2"}, "east": {"uv": [11.5, 12, 12, 12.5], "texture": "#2"}, "west": {"uv": [12, 11.5, 12.5, 12], "texture": "#2"}, "up": {"uv": [12.5, 12.5, 12, 12], "texture": "#2"}, "down": {"uv": [0.5, 12.5, 0, 13], "texture": "#2"}}}, {"from": [6.64, 10.87991, 8.85413], "to": [7.41, 10.87991, 9.96413], "rotation": {"angle": -22.5, "axis": "x", "origin": [6.75793, 12.75795, 6.4782]}, "faces": {"north": {"uv": [0, 0, 0.5, 0], "texture": "#2"}, "east": {"uv": [0, 0, 0.5, 0], "texture": "#2"}, "south": {"uv": [0, 0, 0.5, 0], "texture": "#2"}, "west": {"uv": [0, 0, 0.5, 0], "texture": "#2"}, "up": {"uv": [13, 0.5, 12.5, 0], "texture": "#2"}, "down": {"uv": [1, 12.5, 0.5, 13], "texture": "#2"}}}, {"from": [6.64, 9.68887, 8.98007], "to": [7.41, 9.68887, 10.34007], "rotation": {"angle": -45, "axis": "x", "origin": [6.75793, 12.75795, 6.4782]}, "faces": {"north": {"uv": [0, 0, 0.5, 0], "texture": "#2"}, "east": {"uv": [0, 0, 0.75, 0], "texture": "#2"}, "south": {"uv": [0, 0, 0.5, 0], "texture": "#2"}, "west": {"uv": [0, 0, 0.75, 0], "texture": "#2"}, "up": {"uv": [12, 9.75, 11.5, 9], "texture": "#2"}, "down": {"uv": [10, 11.5, 9.5, 12.25], "texture": "#2"}}}, {"from": [8.59, 10.87991, 8.85413], "to": [9.36, 10.87991, 9.96413], "rotation": {"angle": -22.5, "axis": "x", "origin": [9.24207, 12.75795, 6.4782]}, "faces": {"north": {"uv": [0.5, 0, 0, 0], "texture": "#2"}, "east": {"uv": [0.5, 0, 0, 0], "texture": "#2"}, "south": {"uv": [0.5, 0, 0, 0], "texture": "#2"}, "west": {"uv": [0.5, 0, 0, 0], "texture": "#2"}, "up": {"uv": [12.5, 0.5, 13, 0], "texture": "#2"}, "down": {"uv": [0.5, 12.5, 1, 13], "texture": "#2"}}}, {"from": [8.59, 9.68887, 8.98007], "to": [9.36, 9.68887, 10.34007], "rotation": {"angle": -45, "axis": "x", "origin": [9.24207, 12.75795, 6.4782]}, "faces": {"north": {"uv": [0.5, 0, 0, 0], "texture": "#2"}, "east": {"uv": [0.75, 0, 0, 0], "texture": "#2"}, "south": {"uv": [0.5, 0, 0, 0], "texture": "#2"}, "west": {"uv": [0.75, 0, 0, 0], "texture": "#2"}, "up": {"uv": [11.5, 9.75, 12, 9], "texture": "#2"}, "down": {"uv": [9.5, 11.5, 10, 12.25], "texture": "#2"}}}, {"from": [7.25, 15.36514, 6.5734], "to": [8.75, 19.36514, 8.0734], "rotation": {"angle": 45, "axis": "x", "origin": [8, 14.45, 8.125]}, "faces": {"north": {"uv": [9, 3, 9.75, 5], "texture": "#2"}, "east": {"uv": [3.5, 9.5, 4.25, 11.5], "texture": "#2"}, "south": {"uv": [6.5, 9.5, 7.25, 11.5], "texture": "#2"}, "west": {"uv": [7.5, 9.5, 8.25, 11.5], "texture": "#2"}, "up": {"uv": [3.75, 12.25, 3, 11.5], "texture": "#2"}, "down": {"uv": [12.25, 4, 11.5, 4.75], "texture": "#2"}}}, {"from": [8, -2.5, 12], "to": [8, 18.5, 19], "rotation": {"angle": 0, "axis": "x", "origin": [8, 6, 15.5]}, "faces": {"north": {"uv": [0, 0, 0, 10.5], "texture": "#2"}, "east": {"uv": [3.5, 0, 0, 10.5], "texture": "#2"}, "south": {"uv": [0, 0, 0, 10.5], "texture": "#2"}, "west": {"uv": [0, 0, 3.5, 10.5], "texture": "#2"}, "up": {"uv": [0, 3.5, 0, 0], "texture": "#2"}, "down": {"uv": [0, 0, 0, 3.5], "texture": "#2"}}}, {"from": [8, 15.25, 7], "to": [8, 18.75, 16], "rotation": {"angle": -45, "axis": "x", "origin": [8, 15.25, 8]}, "faces": {"north": {"uv": [0, 0, 0, 1.75], "texture": "#2"}, "east": {"uv": [8, 0, 3.5, 1.75], "texture": "#2"}, "south": {"uv": [0, 0, 0, 1.75], "texture": "#2"}, "west": {"uv": [3.5, 0, 8, 1.75], "texture": "#2"}, "up": {"uv": [0, 4.5, 0, 0], "texture": "#2"}, "down": {"uv": [0, 0, 0, 4.5], "texture": "#2"}}}, {"from": [7.6, 0.25, 7.85], "to": [8.4, 2.25, 8.65], "rotation": {"angle": -22.5, "axis": "x", "origin": [8, 0.25, 8.625]}, "faces": {"north": {"uv": [7, 12.5, 7.5, 11.5], "texture": "#2"}, "east": {"uv": [11.5, 8, 12, 7], "texture": "#2"}, "south": {"uv": [7.5, 12.5, 8, 11.5], "texture": "#2"}, "west": {"uv": [8, 12.5, 8.5, 11.5], "texture": "#2"}, "down": {"uv": [12.5, 8, 12, 8.5], "texture": "#2"}}}, {"from": [7.25, -3.36514, 6.5734], "to": [8.75, 0.63486, 8.0734], "rotation": {"angle": -45, "axis": "x", "origin": [8, 1.55, 8.125]}, "faces": {"north": {"uv": [9, 5, 9.75, 3], "texture": "#2"}, "east": {"uv": [3.5, 11.5, 4.25, 9.5], "texture": "#2"}, "south": {"uv": [6.5, 11.5, 7.25, 9.5], "texture": "#2"}, "west": {"uv": [7.5, 11.5, 8.25, 9.5], "texture": "#2"}, "up": {"uv": [12.25, 4.75, 11.5, 4], "texture": "#2"}, "down": {"uv": [3.75, 11.5, 3, 12.25], "texture": "#2"}}}, {"from": [7.275, -4, 10.55], "to": [8.725, -2, 12.55], "rotation": {"angle": 0, "axis": "x", "origin": [8, -3, 11.55]}, "faces": {"north": {"uv": [10.5, 8, 11.25, 7], "texture": "#2"}, "east": {"uv": [10, 1, 11, 0], "texture": "#2"}, "south": {"uv": [8.5, 11.5, 9.25, 10.5], "texture": "#2"}, "west": {"uv": [10, 4, 11, 3], "texture": "#2"}, "up": {"uv": [10.25, 11.5, 9.5, 10.5], "texture": "#2"}, "down": {"uv": [11.25, 9, 10.5, 10], "texture": "#2"}}}, {"from": [7.025, -3.75, 10.8], "to": [8.975, -2.25, 12.3], "rotation": {"angle": 0, "axis": "x", "origin": [8, -3, 11.55]}, "faces": {"north": {"uv": [10.5, 10.75, 11.5, 10], "texture": "#2"}, "east": {"uv": [11.5, 5.75, 12.25, 5], "texture": "#2"}, "south": {"uv": [11, 0.75, 12, 0], "texture": "#2"}, "west": {"uv": [11.5, 6.75, 12.25, 6], "texture": "#2"}, "up": {"uv": [5.5, 11.75, 4.5, 11], "texture": "#2"}, "down": {"uv": [12, 3, 11, 3.75], "texture": "#2"}}}, {"from": [8, -2.75, 7], "to": [8, 0.75, 16], "rotation": {"angle": 45, "axis": "x", "origin": [8, 0.75, 8]}, "faces": {"north": {"uv": [0, 1.75, 0, 0], "texture": "#2"}, "east": {"uv": [8, 1.75, 3.5, 0], "texture": "#2"}, "south": {"uv": [0, 1.75, 0, 0], "texture": "#2"}, "west": {"uv": [3.5, 1.75, 8, 0], "texture": "#2"}, "up": {"uv": [0, 4.5, 0, 0], "texture": "#2"}, "down": {"uv": [0, 0, 0, 4.5], "texture": "#2"}}}, {"from": [7.4, 2.25, 7.65], "to": [8.6, 2.75, 8.85], "rotation": {"angle": -22.5, "axis": "x", "origin": [8, 0.25, 8.625]}, "faces": {"north": {"uv": [12.5, 2.75, 13, 2.5], "texture": "#2"}, "east": {"uv": [3, 12.75, 3.5, 12.5], "texture": "#2"}, "south": {"uv": [12.5, 3.25, 13, 3], "texture": "#2"}, "west": {"uv": [3.5, 12.75, 4, 12.5], "texture": "#2"}, "up": {"uv": [12.5, 9.5, 12, 9], "texture": "#2"}, "down": {"uv": [12.5, 8.5, 12, 9], "texture": "#2"}}}, {"from": [7.5, 2.75, 7.75], "to": [8.5, 3.75, 8.75], "rotation": {"angle": -22.5, "axis": "x", "origin": [8, 0.25, 8.625]}, "faces": {"north": {"uv": [12, 10, 12.5, 9.5], "texture": "#2"}, "east": {"uv": [12, 10.5, 12.5, 10], "texture": "#2"}, "south": {"uv": [10.5, 12.5, 11, 12], "texture": "#2"}, "west": {"uv": [12, 11, 12.5, 10.5], "texture": "#2"}, "down": {"uv": [11.5, 12, 11, 12.5], "texture": "#2"}}}, {"from": [8, 7, 0.75], "to": [8, 9, 15.75], "rotation": {"angle": 45, "axis": "z", "origin": [8, 8, 8.25]}, "faces": {"north": {"uv": [0, 0, 1, 0], "rotation": 90, "texture": "#2"}, "east": {"uv": [3.5, 9.5, 4.5, 2], "rotation": 90, "texture": "#2"}, "south": {"uv": [0, 0, 1, 0], "rotation": 270, "texture": "#2"}, "west": {"uv": [4.5, 9.5, 3.5, 2], "rotation": 270, "texture": "#2"}, "up": {"uv": [0, 0, 7.5, 0], "rotation": 270, "texture": "#2"}, "down": {"uv": [0, 0, 7.5, 0], "rotation": 270, "texture": "#2"}}}, {"from": [8, 7, 0.75], "to": [8, 9, 15.75], "rotation": {"angle": -45, "axis": "z", "origin": [8, 8, 8.25]}, "faces": {"north": {"uv": [0, 0, 1, 0], "rotation": 90, "texture": "#2"}, "east": {"uv": [3.5, 9.5, 4.5, 2], "rotation": 90, "texture": "#2"}, "south": {"uv": [0, 0, 1, 0], "rotation": 270, "texture": "#2"}, "west": {"uv": [4.5, 9.5, 3.5, 2], "rotation": 270, "texture": "#2"}, "up": {"uv": [0, 0, 7.5, 0], "rotation": 270, "texture": "#2"}, "down": {"uv": [0, 0, 7.5, 0], "rotation": 270, "texture": "#2"}}}], "gui_light": "front", "display": {"thirdperson_righthand": {"translation": [0, -0.25, 1.5], "scale": [0.86719, 0.86719, 0.86719]}, "thirdperson_lefthand": {"translation": [0, -0.25, 1.5], "scale": [0.86719, 0.86719, 0.86719]}, "firstperson_righthand": {"rotation": [20, 19, 0], "translation": [0.5, 2.5, -1.75]}, "firstperson_lefthand": {"rotation": [21, -22, 0], "translation": [1.75, 2.75, -0.5]}, "ground": {"rotation": [40, 0, 0], "translation": [0, 12, 1.25]}, "gui": {"rotation": [90, -45, 90], "translation": [1.75, 1.75, 0], "scale": [0.78125, 0.78125, 0.78125]}, "head": {"scale": [1.5, 1.5, 1.5], "rotation": [90, 45, 90]}, "fixed": {"rotation": [-90, 135, 90], "translation": [-1.75, 1.75, -1], "scale": [0.9082, 0.9082, 0.9082]}}, "groups": [0, 1, 2, 3, 4, 5, 6, 7, 8, 9, 10, 11, 12, {"name": "group", "origin": [10.48415, 10.20454, 11.47302], "color": 0, "children": [13, 14, 15, 16, 17, 18, 19, 20, 21, 22]}, 23, 24, 25, 26, 27, 28, 29, 30, 31, 32, 33, 34]}