{"credit":"MadebyPolygonMC","texture_size":[24,24],"textures":{"2":"littlepenguinset:key"},"elements":[{"from":[7.5,6.67468,4.36336],"to":[8.5,7.67468,7.36336],"rotation":{"angle":0,"axis":"y","origin":[7.5,6.67468,5.36336]},"faces":{"east":{"uv":[8,8.66667,10,9.33333],"texture":"#2"},"west":{"uv":[0,9.33333,2,10],"texture":"#2"},"up":{"uv":[2.66667,11.33333,2,9.33333],"texture":"#2"},"down":{"uv":[10,2,9.33333,4],"texture":"#2"}}},{"from":[7.75,5.62468,3.28836],"to":[8.25,6.57468,4.13836],"rotation":{"angle":0,"axis":"y","origin":[7.5,5.57468,4.33836]},"faces":{"north":{"uv":[10,3.33333,10.33333,4],"texture":"#2"},"east":{"uv":[7.33333,4,8,4.66667],"texture":"#2"},"south":{"uv":[4,10,4.33333,10.66667],"texture":"#2"},"west":{"uv":[7.33333,4.66667,8,5.33333],"texture":"#2"},"down":{"uv":[10.33333,4,10,4.66667],"texture":"#2"}}},{"from":[7.75,5.62468,2.08836],"to":[8.25,6.57468,2.93836],"rotation":{"angle":0,"axis":"y","origin":[7.5,5.57468,3.13836]},"faces":{"north":{"uv":[4.66667,10,5,10.66667],"texture":"#2"},"east":{"uv":[10,0,10.66667,0.66667],"texture":"#2"},"south":{"uv":[10,4.66667,10.33333,5.33333],"texture":"#2"},"west":{"uv":[0.66667,10,1.33333,10.66667],"texture":"#2"},"down":{"uv":[5.66667,10,5.33333,10.66667],"texture":"#2"}}},{"from":[7.4,6.57468,1.86336],"to":[8.6,7.77468,4.36336],"rotation":{"angle":0,"axis":"y","origin":[7.5,6.67468,2.36336]},"faces":{"north":{"uv":[6.66667,4,7.33333,4.66667],"texture":"#2"},"east":{"uv":[2.66667,9.33333,4.33333,10],"texture":"#2"},"south":{"uv":[6.66667,4.66667,7.33333,5.33333],"texture":"#2"},"west":{"uv":[4.66667,9.33333,6.33333,10],"texture":"#2"},"up":{"uv":[7.33333,11,6.66667,9.33333],"texture":"#2"},"down":{"uv":[8,9.33333,7.33333,11],"texture":"#2"}}},{"from":[6.13,6.35996,7.23896],"to":[9.87,9.41996,11.99896],"rotation":{"angle":0,"axis":"y","origin":[6.75793,8.89513,9.06656]},"faces":{"north":{"uv":[0,5.33333,2.33333,7.33333],"texture":"#2"},"east":{"uv":[0,3.33333,3.33333,5.33333],"texture":"#2"},"south":{"uv":[5.33333,0,7.66667,2],"texture":"#2"},"west":{"uv":[3.33333,3.33333,6.66667,5.33333],"texture":"#2"},"up":{"uv":[2.33333,3.33333,0,0],"texture":"#2"},"down":{"uv":[5,0,2.66667,3.33333],"texture":"#2"}}},{"from":[6.81,7.19204,11.51119],"to":[9.19,7.19204,12.87119],"rotation":{"angle":-45,"axis":"x","origin":[6.75793,8.89513,9.06656]},"faces":{"north":{"uv":[0,0,1.66667,0],"texture":"#2"},"east":{"uv":[0,0,1,0],"texture":"#2"},"south":{"uv":[0,0,1.66667,0],"texture":"#2"},"west":{"uv":[0,0,1,0],"texture":"#2"},"up":{"uv":[9.66667,7,8,6],"texture":"#2"},"down":{"uv":[9.66667,7.33333,8,8.33333],"texture":"#2"}}},{"from":[5.44384,6.69996,7.89123],"to":[5.81784,9.07996,11.29123],"rotation":{"angle":-22.5,"axis":"y","origin":[5.63084,7.88996,9.59123]},"faces":{"north":{"uv":[9.33333,9.33333,9.66667,11],"texture":"#2"},"east":{"uv":[6.66667,2,9,3.66667],"texture":"#2"},"south":{"uv":[0,10,0.33333,11.66667],"texture":"#2"},"west":{"uv":[0,7.33333,2.33333,9],"texture":"#2"},"up":{"uv":[8.33333,11.66667,8,9.33333],"texture":"#2"},"down":{"uv":[9,9.33333,8.66667,11.66667],"texture":"#2"}}},{"from":[6.3,7.93246,5.15646],"to":[9.7,10.65246,8.38646],"rotation":{"angle":0,"axis":"y","origin":[6.75793,8.89513,9.06656]},"faces":{"north":{"uv":[2.66667,7.33333,5,9],"texture":"#2"},"east":{"uv":[8,0,10,1.66667],"texture":"#2"},"south":{"uv":[5.33333,7.33333,7.66667,9],"texture":"#2"},"west":{"uv":[8,4,10,5.66667],"texture":"#2"},"up":{"uv":[5,7.33333,2.66667,5.33333],"texture":"#2"},"down":{"uv":[7.66667,5.33333,5.33333,7.33333],"texture":"#2"}}},{"from":[7.388,8.28946,4.13646],"to":[8.612,9.18546,5.15646],"rotation":{"angle":0,"axis":"y","origin":[6.75793,8.89513,9.06656]},"faces":{"north":{"uv":[10,0.66667,10.66667,1.33333],"texture":"#2"},"east":{"uv":[1.33333,10,2,10.66667],"texture":"#2"},"west":{"uv":[10,1.33333,10.66667,2],"texture":"#2"},"up":{"uv":[10.66667,2.66667,10,2],"texture":"#2"},"down":{"uv":[3.33333,10,2.66667,10.66667],"texture":"#2"}}},{"from":[6.64,7.01709,11.44249],"to":[7.41,7.01709,12.55249],"rotation":{"angle":-22.5,"axis":"x","origin":[6.75793,8.89513,9.06656]},"faces":{"north":{"uv":[0,0,0.66667,0],"texture":"#2"},"east":{"uv":[0,0,0.66667,0],"texture":"#2"},"south":{"uv":[0,0,0.66667,0],"texture":"#2"},"west":{"uv":[0,0,0.66667,0],"texture":"#2"},"up":{"uv":[10.66667,3.33333,10,2.66667],"texture":"#2"},"down":{"uv":[4,10,3.33333,10.66667],"texture":"#2"}}},{"from":[6.64,5.82605,11.56843],"to":[7.41,5.82605,12.92843],"rotation":{"angle":-45,"axis":"x","origin":[6.75793,8.89513,9.06656]},"faces":{"north":{"uv":[0,0,0.66667,0],"texture":"#2"},"east":{"uv":[0,0,1,0],"texture":"#2"},"south":{"uv":[0,0,0.66667,0],"texture":"#2"},"west":{"uv":[0,0,1,0],"texture":"#2"},"up":{"uv":[6,3,5.33333,2],"texture":"#2"},"down":{"uv":[6.66667,2,6,3],"texture":"#2"}}},{"from":[10.18216,6.69996,7.89123],"to":[10.55616,9.07996,11.29123],"rotation":{"angle":22.5,"axis":"y","origin":[10.36916,7.88996,9.59123]},"faces":{"north":{"uv":[9.66667,9.33333,9.33333,11],"texture":"#2"},"east":{"uv":[2.33333,7.33333,0,9],"texture":"#2"},"south":{"uv":[0.33333,10,0,11.66667],"texture":"#2"},"west":{"uv":[9,2,6.66667,3.66667],"texture":"#2"},"up":{"uv":[8,11.66667,8.33333,9.33333],"texture":"#2"},"down":{"uv":[8.66667,9.33333,9,11.66667],"texture":"#2"}}},{"from":[8.59,7.01709,11.44249],"to":[9.36,7.01709,12.55249],"rotation":{"angle":-22.5,"axis":"x","origin":[9.24207,8.89513,9.06656]},"faces":{"north":{"uv":[0.66667,0,0,0],"texture":"#2"},"east":{"uv":[0.66667,0,0,0],"texture":"#2"},"south":{"uv":[0.66667,0,0,0],"texture":"#2"},"west":{"uv":[0.66667,0,0,0],"texture":"#2"},"up":{"uv":[10,3.33333,10.66667,2.66667],"texture":"#2"},"down":{"uv":[3.33333,10,4,10.66667],"texture":"#2"}}},{"from":[8.59,5.82605,11.56843],"to":[9.36,5.82605,12.92843],"rotation":{"angle":-45,"axis":"x","origin":[9.24207,8.89513,9.06656]},"faces":{"north":{"uv":[0.66667,0,0,0],"texture":"#2"},"east":{"uv":[1,0,0,0],"texture":"#2"},"south":{"uv":[0.66667,0,0,0],"texture":"#2"},"west":{"uv":[1,0,0,0],"texture":"#2"},"up":{"uv":[5.33333,3,6,2],"texture":"#2"},"down":{"uv":[6,2,6.66667,3],"texture":"#2"}}}],"gui_light":"front","display":{"thirdperson_righthand":{"rotation":[74,0,0],"translation":[0,2.25,0.5],"scale":[0.86719,0.86719,0.86719]},"thirdperson_lefthand":{"rotation":[74,0,0],"translation":[0,2.25,0.5],"scale":[0.86719,0.86719,0.86719]},"firstperson_righthand":{"rotation":[41,0,-32],"translation":[-3,5.5,2.75]},"firstperson_lefthand":{"rotation":[41,0,-32],"translation":[-3,5.5,2.75]},"ground":{"rotation":[40,0,0],"translation":[0,6.25,1.25],"scale":[1.34961,1.34961,1.34961]},"gui":{"rotation":[-90,135,90],"translation":[2,-0.5,0],"scale":[1.68555,1.68555,1.68555]},"head":{"scale":[1.5,1.5,1.5]},"fixed":{"rotation":[90,-45,90],"translation":[-1.25,-0.75,-2.25],"scale":[1.86914,1.86914,1.86914]}}}