{"credit":"MadebyPolygonMC","texture_size":[24,24],"textures":{"0":"littlepenguinset:penguin","particle":"littlepenguinset:penguin"},"elements":[{"from":[5.25,2,5.75],"to":[10.75,9,10.25],"rotation":{"angle":0,"axis":"y","origin":[6,2,6.75]},"faces":{"north":{"uv":[0,0,3.66667,4.66667],"texture":"#0"},"east":{"uv":[0,4.66667,3,9.33333],"texture":"#0"},"south":{"uv":[4,0,7.66667,4.66667],"texture":"#0"},"west":{"uv":[3.33333,4.66667,6.33333,9.33333],"texture":"#0"},"up":{"uv":[10.33333,11,6.66667,8],"texture":"#0"},"down":{"uv":[3.66667,9.33333,0,12.33333],"texture":"#0"}}},{"from":[6.25,0.93863,9.80995],"to":[9.75,0.93863,11.80995],"rotation":{"angle":45,"axis":"x","origin":[8,0.93863,11.30995]},"faces":{"north":{"uv":[0,0,2.33333,0],"texture":"#0"},"east":{"uv":[0,0,1.33333,0],"texture":"#0"},"south":{"uv":[0,0,2.33333,0],"texture":"#0"},"west":{"uv":[0,0,1.33333,0],"texture":"#0"},"up":{"uv":[11.66667,12.66667,9.33333,11.33333],"texture":"#0"},"down":{"uv":[11.66667,11.33333,9.33333,12.66667],"texture":"#0"}}},{"from":[4.07184,3.73381,6.25],"to":[4.62184,8.73381,9.75],"rotation":{"angle":-22.5,"axis":"z","origin":[4.34684,6.23381,8]},"faces":{"north":{"uv":[2.66667,12.66667,3,16],"texture":"#0"},"east":{"uv":[4,9.33333,6.33333,12.66667],"texture":"#0"},"south":{"uv":[3.33333,12.66667,3.66667,16],"texture":"#0"},"west":{"uv":[6.66667,11.33333,9,14.66667],"texture":"#0"},"up":{"uv":[4.33333,15,4,12.66667],"texture":"#0"},"down":{"uv":[5,12.66667,4.66667,15],"texture":"#0"}}},{"from":[11.37816,3.73381,6.25],"to":[11.92816,8.73381,9.75],"rotation":{"angle":22.5,"axis":"z","origin":[11.65316,6.23381,8]},"faces":{"north":{"uv":[3,12.66667,2.66667,16],"texture":"#0"},"east":{"uv":[9,11.33333,6.66667,14.66667],"texture":"#0"},"south":{"uv":[3.66667,12.66667,3.33333,16],"texture":"#0"},"west":{"uv":[6.33333,9.33333,4,12.66667],"texture":"#0"},"up":{"uv":[4,15,4.33333,12.66667],"texture":"#0"},"down":{"uv":[4.66667,12.66667,5,15],"texture":"#0"}}},{"from":[5.5,9,5.5],"to":[10.5,13,10.25],"rotation":{"angle":0,"axis":"y","origin":[6,2,6.75]},"faces":{"north":{"uv":[10,3.33333,13.33333,6],"texture":"#0"},"east":{"uv":[10.66667,6,14,8.66667],"texture":"#0"},"south":{"uv":[10.66667,8.66667,14,11.33333],"texture":"#0"},"west":{"uv":[11.33333,0,14.66667,2.66667],"texture":"#0"},"up":{"uv":[10,8,6.66667,4.66667],"texture":"#0"},"down":{"uv":[11.33333,0,8,3.33333],"texture":"#0"}}},{"from":[7.1,9.525,4],"to":[8.9,10.475,5.5],"rotation":{"angle":0,"axis":"y","origin":[7,-0.075,0]},"faces":{"north":{"uv":[11.33333,2.66667,12.66667,3.33333],"texture":"#0"},"east":{"uv":[12.66667,2.66667,13.66667,3.33333],"texture":"#0"},"west":{"uv":[5.33333,12.66667,6.33333,13.33333],"texture":"#0"},"up":{"uv":[9.33333,4.33333,8,3.33333],"texture":"#0"},"down":{"uv":[13.33333,11.33333,12,12.33333],"texture":"#0"}}},{"from":[6,1.999,3.75],"to":[7.5,1.999,5.75],"rotation":{"angle":0,"axis":"x","origin":[8,2.499,4.25]},"faces":{"north":{"uv":[1,0,0,0],"rotation":180,"texture":"#0"},"east":{"uv":[0,0,0,1.33333],"rotation":270,"texture":"#0"},"south":{"uv":[1,0,0,0],"texture":"#0"},"west":{"uv":[0,0,0,1.33333],"rotation":90,"texture":"#0"},"up":{"uv":[0,12.66667,1,14],"rotation":180,"texture":"#0"},"down":{"uv":[0,12.66667,1,14],"texture":"#0"}}},{"from":[6,1.999,3.75],"to":[7.5,3.999,3.75],"rotation":{"angle":0,"axis":"x","origin":[8,2.499,4.25]},"faces":{"north":{"uv":[1.33333,12.66667,2.33333,14],"rotation":180,"texture":"#0"},"east":{"uv":[0,0,1.33333,0],"rotation":270,"texture":"#0"},"south":{"uv":[2.33333,14,1.33333,12.66667],"texture":"#0"},"west":{"uv":[0,0,1.33333,0],"rotation":90,"texture":"#0"},"up":{"uv":[0,0,1,0],"rotation":180,"texture":"#0"},"down":{"uv":[0,0,1,0],"texture":"#0"}}},{"from":[8.5,1.999,3.75],"to":[10,1.999,5.75],"rotation":{"angle":0,"axis":"x","origin":[8,2.499,4.25]},"faces":{"north":{"uv":[0,0,1,0],"rotation":180,"texture":"#0"},"east":{"uv":[0,0,0,1.33333],"rotation":270,"texture":"#0"},"south":{"uv":[0,0,1,0],"texture":"#0"},"west":{"uv":[0,0,0,1.33333],"rotation":90,"texture":"#0"},"up":{"uv":[1,12.66667,0,14],"rotation":180,"texture":"#0"},"down":{"uv":[1,12.66667,0,14],"texture":"#0"}}},{"from":[8.5,1.999,3.75],"to":[10,3.999,3.75],"rotation":{"angle":0,"axis":"x","origin":[8,2.499,4.25]},"faces":{"north":{"uv":[2.33333,12.66667,1.33333,14],"rotation":180,"texture":"#0"},"east":{"uv":[1.33333,0,0,0],"rotation":270,"texture":"#0"},"south":{"uv":[1.33333,14,2.33333,12.66667],"texture":"#0"},"west":{"uv":[1.33333,0,0,0],"rotation":90,"texture":"#0"},"up":{"uv":[1,0,0,0],"rotation":180,"texture":"#0"},"down":{"uv":[1,0,0,0],"texture":"#0"}}}],"gui_light":"front","display":{"thirdperson_righthand":{"rotation":[62.75,0,0],"translation":[0,3.25,3.75],"scale":[0.86719,0.86719,0.86719]},"thirdperson_lefthand":{"rotation":[67.75,0,0],"translation":[1.25,0,16],"scale":[0.86719,0.86719,0.86719]},"firstperson_righthand":{"rotation":[166.5,0,-180],"translation":[-0.25,4.5,0]},"firstperson_lefthand":{"scale":[0,0,0]},"ground":{"translation":[0,4.75,0]},"gui":{"rotation":[0,144,0],"translation":[0,1.5,0],"scale":[1.29688,1.29688,1.29688]},"head":{"translation":[0,16.75,0],"scale":[1.68359,1.68359,1.68359]},"fixed":{"rotation":[-90,0,0],"translation":[0,3,-17.5],"scale":[2.90625,2.90625,2.90625]}}}