{"credit":"Made by PolygonMC","texture_size":[24,24],"textures":{"2":"discordnitroset:animations/nitro_gems","3":"discordnitroset:animations/animations_1","5":"discordnitroset:scythe","particle":"discordnitroset:animations/nitro_gems"},"elements":[{"from":[7.5,0,7.5],"to":[8.5,1,8.5],"rotation":{"angle":0,"axis":"y","origin":[7.5,0,7.5]},"faces":{"north":{"uv":[10.66667,10,11.33333,10.66667],"texture":"#5"},"east":{"uv":[3.33333,11.33333,4,12],"texture":"#5"},"south":{"uv":[12,9.33333,12.66667,10],"texture":"#5"},"west":{"uv":[0.66667,12.66667,1.33333,13.33333],"texture":"#5"},"up":{"uv":[2,13.33333,1.33333,12.66667],"texture":"#5"},"down":{"uv":[13.33333,1.33333,12.66667,2],"texture":"#5"}}},{"from":[7.5,1.75,7.5],"to":[8.5,2.75,8.5],"rotation":{"angle":0,"axis":"y","origin":[7.5,0,7.5]},"faces":{"north":{"uv":[2,12.66667,2.66667,13.33333],"texture":"#5"},"east":{"uv":[12.66667,2,13.33333,2.66667],"texture":"#5"},"south":{"uv":[2.66667,12.66667,3.33333,13.33333],"texture":"#5"},"west":{"uv":[4.66667,12.66667,5.33333,13.33333],"texture":"#5"},"up":{"uv":[13.33333,5.33333,12.66667,4.66667],"texture":"#5"},"down":{"uv":[6,12.66667,5.33333,13.33333],"texture":"#5"}}},{"from":[7.5,18.5,7.5],"to":[8.5,19.5,8.5],"rotation":{"angle":0,"axis":"y","origin":[7.5,5.75,7.5]},"faces":{"north":{"uv":[12.66667,5.33333,13.33333,6],"texture":"#5"},"east":{"uv":[12.66667,6,13.33333,6.66667],"texture":"#5"},"south":{"uv":[12.66667,6.66667,13.33333,7.33333],"texture":"#5"},"west":{"uv":[12.66667,7.33333,13.33333,8],"texture":"#5"},"up":{"uv":[13.33333,8.66667,12.66667,8],"texture":"#5"},"down":{"uv":[9.33333,12.66667,8.66667,13.33333],"texture":"#5"}}},{"from":[7.5,3.5,7.5],"to":[8.5,4.5,8.5],"rotation":{"angle":0,"axis":"y","origin":[7.5,1.75,7.5]},"faces":{"north":{"uv":[12.66667,8.66667,13.33333,9.33333],"texture":"#5"},"east":{"uv":[9.33333,12.66667,10,13.33333],"texture":"#5"},"south":{"uv":[12.66667,9.33333,13.33333,10],"texture":"#5"},"west":{"uv":[10,12.66667,10.66667,13.33333],"texture":"#5"},"up":{"uv":[13.33333,10.66667,12.66667,10],"texture":"#5"},"down":{"uv":[11.33333,12.66667,10.66667,13.33333],"texture":"#5"}}},{"from":[7.6,1,7.6],"to":[8.4,1.75,8.4],"rotation":{"angle":0,"axis":"y","origin":[7.5,0,7.5]},"faces":{"north":{"uv":[14,0,14.5,0.5],"texture":"#5"},"east":{"uv":[0.66667,14,1.16667,14.5],"texture":"#5"},"south":{"uv":[14,0.66667,14.5,1.16667],"texture":"#5"},"west":{"uv":[1.33333,14,1.83333,14.5],"texture":"#5"}}},{"from":[7.6,2.75,7.6],"to":[8.4,3.5,8.4],"rotation":{"angle":0,"axis":"y","origin":[7.5,0,7.5]},"faces":{"north":{"uv":[14,1.33333,14.5,1.83333],"texture":"#5"},"east":{"uv":[2,14,2.5,14.5],"texture":"#5"},"south":{"uv":[14,2,14.5,2.5],"texture":"#5"},"west":{"uv":[2.66667,14,3.16667,14.5],"texture":"#5"}}},{"from":[7.5,8,7.5],"to":[8.5,9,8.5],"rotation":{"angle":0,"axis":"y","origin":[7.5,-0.5,7.5]},"faces":{"north":{"uv":[12.66667,10.66667,13.33333,11.33333],"texture":"#5"},"east":{"uv":[11.33333,12.66667,12,13.33333],"texture":"#5"},"south":{"uv":[12.66667,11.33333,13.33333,12],"texture":"#5"},"west":{"uv":[12,12.66667,12.66667,13.33333],"texture":"#5"},"up":{"uv":[13.33333,12.66667,12.66667,12],"texture":"#5"},"down":{"uv":[13.33333,12.66667,12.66667,13.33333],"texture":"#5"}}},{"from":[7.5,9.75,7.5],"to":[8.5,10.75,8.5],"rotation":{"angle":0,"axis":"y","origin":[7.5,-0.5,7.5]},"faces":{"north":{"uv":[13.33333,0,14,0.66667],"texture":"#5"},"east":{"uv":[0.66667,13.33333,1.33333,14],"texture":"#5"},"south":{"uv":[13.33333,0.66667,14,1.33333],"texture":"#5"},"west":{"uv":[1.33333,13.33333,2,14],"texture":"#5"},"up":{"uv":[14,2,13.33333,1.33333],"texture":"#5"},"down":{"uv":[2.66667,13.33333,2,14],"texture":"#5"}}},{"from":[7.5,11.5,7.5],"to":[8.5,12.5,8.5],"rotation":{"angle":0,"axis":"y","origin":[7.5,1.25,7.5]},"faces":{"north":{"uv":[13.33333,2,14,2.66667],"texture":"#5"},"east":{"uv":[2.66667,13.33333,3.33333,14],"texture":"#5"},"south":{"uv":[13.33333,2.66667,14,3.33333],"texture":"#5"},"west":{"uv":[3.33333,13.33333,4,14],"texture":"#5"},"up":{"uv":[14,4,13.33333,3.33333],"texture":"#5"},"down":{"uv":[4.66667,13.33333,4,14],"texture":"#5"}}},{"from":[7.6,9,7.6],"to":[8.4,9.75,8.4],"rotation":{"angle":0,"axis":"y","origin":[7.5,-0.5,7.5]},"faces":{"north":{"uv":[14,2.66667,14.5,3.16667],"texture":"#5"},"east":{"uv":[3.33333,14,3.83333,14.5],"texture":"#5"},"south":{"uv":[14,3.33333,14.5,3.83333],"texture":"#5"},"west":{"uv":[4,14,4.5,14.5],"texture":"#5"}}},{"from":[7.6,10.75,7.6],"to":[8.4,11.5,8.4],"rotation":{"angle":0,"axis":"y","origin":[7.5,-0.5,7.5]},"faces":{"north":{"uv":[14,4,14.5,4.5],"texture":"#5"},"east":{"uv":[4.66667,14,5.16667,14.5],"texture":"#5"},"south":{"uv":[5.33333,14,5.83333,14.5],"texture":"#5"},"west":{"uv":[14,5.33333,14.5,5.83333],"texture":"#5"}}},{"from":[7.375,-0.625,7.375],"to":[8.625,0.625,8.625],"rotation":{"angle":-45,"axis":"x","origin":[8,0,8]},"faces":{"north":{"uv":[0.66667,11.33333,1.5,12.16667],"texture":"#5"},"east":{"uv":[11.33333,1.33333,12.16667,2.16667],"texture":"#5"},"south":{"uv":[2,11.33333,2.83333,12.16667],"texture":"#5"},"west":{"uv":[8.66667,11.33333,9.5,12.16667],"texture":"#5"},"up":{"uv":[10.83333,12.16667,10,11.33333],"texture":"#5"},"down":{"uv":[12.16667,10,11.33333,10.83333],"texture":"#5"}}},{"from":[7.5,-1.10978,6.42926],"to":[8.5,0.89022,7.42926],"rotation":{"angle":-22.5,"axis":"x","origin":[8,-0.13478,6.17926]},"faces":{"north":{"uv":[10,8,10.66667,9.33333],"texture":"#5"},"east":{"uv":[8.66667,10,9.33333,11.33333],"texture":"#5"},"south":{"uv":[9.33333,10,10,11.33333],"texture":"#5"},"west":{"uv":[10,9.33333,10.66667,10.66667],"texture":"#5"},"up":{"uv":[14,4.66667,13.33333,4],"texture":"#5"},"down":{"uv":[5.33333,13.33333,4.66667,14],"texture":"#5"}}},{"from":[7.5,-1.10978,8.57074],"to":[8.5,0.89022,9.57074],"rotation":{"angle":22.5,"axis":"x","origin":[8,-0.13478,9.82074]},"faces":{"north":{"uv":[10,10,9.33333,11.33333],"texture":"#5"},"east":{"uv":[9.33333,10,8.66667,11.33333],"texture":"#5"},"south":{"uv":[10.66667,8,10,9.33333],"texture":"#5"},"west":{"uv":[10.66667,9.33333,10,10.66667],"texture":"#5"},"up":{"uv":[14,4,13.33333,4.66667],"texture":"#5"},"down":{"uv":[5.33333,14,4.66667,13.33333],"texture":"#5"}}},{"from":[7.25,20.07855,6.7625],"to":[8.75,22.57855,7.2625],"rotation":{"angle":0,"axis":"y","origin":[7,18.57855,6.7625]},"faces":{"north":{"uv":[8.66667,2.66667,9.66667,4.33333],"texture":"#5"},"east":{"uv":[6.66667,12,7,13.66667],"texture":"#5"},"south":{"uv":[4,8.66667,5,10.33333],"texture":"#5"},"west":{"uv":[7.33333,12,7.66667,13.66667],"texture":"#5"}}},{"from":[7.25,22.18211,7.21961],"to":[8.75,23.43211,7.71961],"rotation":{"angle":45,"axis":"x","origin":[8,22.93211,7.46961]},"faces":{"north":{"uv":[10.66667,2.66667,11.66667,3.5],"texture":"#5"},"east":{"uv":[10,13.33333,10.33333,14.16667],"texture":"#5"},"south":{"uv":[4,10.66667,5,11.5],"texture":"#5"},"west":{"uv":[13.33333,10,13.66667,10.83333],"texture":"#5"}}},{"from":[7.25,23.43211,7.21961],"to":[8.75,23.93211,7.71961],"rotation":{"angle":45,"axis":"x","origin":[8,22.93211,7.46961]},"faces":{"north":{"uv":[13.33333,8,14.33333,8.33333],"texture":"#5"},"east":{"uv":[6.66667,14,7,14.33333],"texture":"#5"},"west":{"uv":[14,6.66667,14.33333,7],"texture":"#5"},"up":{"uv":[9.66667,13.66667,8.66667,13.33333],"texture":"#5"}}},{"from":[7.25,19.16434,7.21973],"to":[8.75,19.66434,7.71973],"rotation":{"angle":45,"axis":"x","origin":[8,18.66434,7.46973]},"faces":{"east":{"uv":[7.33333,14,7.66667,14.33333],"texture":"#5"},"south":{"uv":[13.33333,8.66667,14.33333,9],"texture":"#5"},"west":{"uv":[14,7.33333,14.33333,7.66667],"texture":"#5"},"down":{"uv":[14.33333,9.33333,13.33333,9.66667],"texture":"#5"}}},{"from":[7.25,22.18211,8.28039],"to":[8.75,23.43211,8.78039],"rotation":{"angle":-45,"axis":"x","origin":[8,22.93211,8.53039]},"faces":{"north":{"uv":[10.66667,4,11.66667,4.83333],"texture":"#5"},"east":{"uv":[10.66667,13.33333,11,14.16667],"texture":"#5"},"south":{"uv":[5.33333,10.66667,6.33333,11.5],"texture":"#5"},"west":{"uv":[11.33333,13.33333,11.66667,14.16667],"texture":"#5"}}},{"from":[7.25,19.225,8.28039],"to":[8.75,20.475,8.78039],"rotation":{"angle":45,"axis":"x","origin":[8,19.725,8.53039]},"faces":{"north":{"uv":[10.66667,5.33333,11.66667,6.16667],"texture":"#5"},"east":{"uv":[13.33333,11.33333,13.66667,12.16667],"texture":"#5"},"south":{"uv":[6.66667,10.66667,7.66667,11.5],"texture":"#5"},"west":{"uv":[12,13.33333,12.33333,14.16667],"texture":"#5"}}},{"from":[7.25,19.225,7.21961],"to":[8.75,20.475,7.71961],"rotation":{"angle":-45,"axis":"x","origin":[8,19.725,7.46961]},"faces":{"north":{"uv":[10.66667,6.66667,11.66667,7.5],"texture":"#5"},"east":{"uv":[12.66667,13.33333,13,14.16667],"texture":"#5"},"south":{"uv":[10.66667,8,11.66667,8.83333],"texture":"#5"},"west":{"uv":[13.33333,12.66667,13.66667,13.5],"texture":"#5"}}},{"from":[7.25,20.07855,8.7375],"to":[8.75,22.57855,9.2375],"rotation":{"angle":0,"axis":"y","origin":[7,18.57855,9.2375]},"faces":{"north":{"uv":[5.33333,8.66667,6.33333,10.33333],"texture":"#5"},"east":{"uv":[12,7.33333,12.33333,9],"texture":"#5"},"south":{"uv":[6.66667,8.66667,7.66667,10.33333],"texture":"#5"},"west":{"uv":[0,12.66667,0.33333,14.33333],"texture":"#5"}}},{"from":[7.35,4.5,7.35],"to":[8.65,8,8.65],"rotation":{"angle":0,"axis":"y","origin":[7.5,4,6.5]},"faces":{"north":{"uv":[0,8.66667,0.83333,11],"texture":"#5"},"east":{"uv":[8.66667,0,9.5,2.33333],"texture":"#5"},"south":{"uv":[1.33333,8.66667,2.16667,11],"texture":"#5"},"west":{"uv":[2.66667,8.66667,3.5,11],"texture":"#5"},"up":{"uv":[12.16667,12.16667,11.33333,11.33333],"texture":"#5"},"down":{"uv":[12.83333,0,12,0.83333],"texture":"#5"}}},{"from":[7.35,12.5,7.35],"to":[8.65,18.5,8.65],"rotation":{"angle":0,"axis":"y","origin":[7.5,4,6.5]},"faces":{"north":{"uv":[0,4.66667,0.83333,8.66667],"texture":"#5"},"east":{"uv":[1.33333,4.66667,2.16667,8.66667],"texture":"#5"},"south":{"uv":[2.66667,4.66667,3.5,8.66667],"texture":"#5"},"west":{"uv":[4,4.66667,4.83333,8.66667],"texture":"#5"},"up":{"uv":[12.83333,3.5,12,2.66667],"texture":"#5"},"down":{"uv":[4.16667,12,3.33333,12.83333],"texture":"#5"}}},{"from":[7.3,19.51351,4.35971],"to":[8.7,22.51351,5.35971],"rotation":{"angle":-45,"axis":"x","origin":[8,21.31351,4.75971]},"faces":{"north":{"uv":[8,6,9,8],"texture":"#5"},"east":{"uv":[10,0,10.66667,2],"texture":"#5"},"south":{"uv":[8,8,9,10],"texture":"#5"},"west":{"uv":[10,2,10.66667,4],"texture":"#5"},"up":{"uv":[13,4.66667,12,4],"texture":"#5"},"down":{"uv":[5.66667,12,4.66667,12.66667],"texture":"#5"}}},{"from":[7.55,19.92931,3.79784],"to":[8.45,23.42931,5.29784],"rotation":{"angle":-22.5,"axis":"x","origin":[8,20.72931,4.69784]},"faces":{"north":{"uv":[9.33333,4.66667,10,7],"texture":"#5"},"east":{"uv":[5.33333,6,6.33333,8.33333],"texture":"#5"},"south":{"uv":[9.33333,7.33333,10,9.66667],"texture":"#5"},"west":{"uv":[6.66667,6,7.66667,8.33333],"texture":"#5"},"up":{"uv":[12.66667,5.66667,12,4.66667],"texture":"#5"},"down":{"uv":[6.66667,12,6,13],"texture":"#5"}}},{"from":[7.5,20.02545,5.06836],"to":[8.5,21.02545,6.81836],"rotation":{"angle":-22.5,"axis":"x","origin":[8,21.77545,4.56836]},"faces":{"east":{"uv":[10.66667,9.33333,11.83333,10],"texture":"#5"},"west":{"uv":[10,10.66667,11.16667,11.33333],"texture":"#5"},"up":{"uv":[0.66667,12.5,0,11.33333],"texture":"#5"},"down":{"uv":[12,0,11.33333,1.16667],"texture":"#5"}}},{"from":[7.3,19.51351,10.64029],"to":[8.7,22.51351,11.64029],"rotation":{"angle":45,"axis":"x","origin":[8,21.31351,11.24029]},"faces":{"north":{"uv":[9,8,8,10],"texture":"#5"},"east":{"uv":[10.66667,0,10,2],"texture":"#5"},"south":{"uv":[9,6,8,8],"texture":"#5"},"west":{"uv":[10.66667,2,10,4],"texture":"#5"},"up":{"uv":[13,4,12,4.66667],"texture":"#5"},"down":{"uv":[5.66667,12.66667,4.66667,12],"texture":"#5"}}},{"from":[7.55,19.92931,10.70216],"to":[8.45,23.42931,12.20216],"rotation":{"angle":22.5,"axis":"x","origin":[8,20.72931,11.30216]},"faces":{"north":{"uv":[10,7.33333,9.33333,9.66667],"texture":"#5"},"east":{"uv":[6.33333,6,5.33333,8.33333],"texture":"#5"},"south":{"uv":[10,4.66667,9.33333,7],"texture":"#5"},"west":{"uv":[7.66667,6,6.66667,8.33333],"texture":"#5"},"up":{"uv":[12.66667,4.66667,12,5.66667],"texture":"#5"},"down":{"uv":[6.66667,13,6,12],"texture":"#5"}}},{"from":[7.5,20.02545,9.18164],"to":[8.5,21.02545,10.93164],"rotation":{"angle":22.5,"axis":"x","origin":[8,21.77545,11.43164]},"faces":{"east":{"uv":[11.83333,9.33333,10.66667,10],"texture":"#5"},"west":{"uv":[11.16667,10.66667,10,11.33333],"texture":"#5"},"up":{"uv":[0.66667,11.33333,0,12.5],"texture":"#5"},"down":{"uv":[12,1.16667,11.33333,0],"texture":"#5"}}},{"from":[7.65,21.35,5.7],"to":[8.35,21.85,7.7],"rotation":{"angle":-22.5,"axis":"x","origin":[7.5,20.35,5.7]},"faces":{"east":{"uv":[13.33333,4.66667,14.66667,5],"texture":"#5"},"west":{"uv":[5.33333,13.33333,6.66667,13.66667],"texture":"#5"},"up":{"uv":[12.5,7.33333,12,6],"texture":"#5"}}},{"from":[7.65,21.35,8.3],"to":[8.35,21.85,10.3],"rotation":{"angle":22.5,"axis":"x","origin":[7.5,20.35,10.3]},"faces":{"east":{"uv":[14.66667,4.66667,13.33333,5],"texture":"#5"},"west":{"uv":[6.66667,13.33333,5.33333,13.66667],"texture":"#5"},"up":{"uv":[12.5,6,12,7.33333],"texture":"#5"}}},{"from":[7,18,4.5],"to":[7,25,11.5],"rotation":{"angle":0,"axis":"y","origin":[7,27,4.5]},"faces":{"west":{"uv":[0,0,14,14.5],"texture":"#3"}}},{"from":[7.4,19.52322,7.25],"to":[7.4,23.14822,8.75],"rotation":{"angle":0,"axis":"y","origin":[7.5,28.64822,6.5]},"faces":{"west":{"uv":[0,0,6,15],"texture":"#2"}}},{"from":[9,18,4.5],"to":[9,25,11.5],"rotation":{"angle":0,"axis":"y","origin":[9,27,4.5]},"faces":{"east":{"uv":[0,0,14,14.5],"texture":"#3"}}},{"from":[8.6,19.52322,7.25],"to":[8.6,23.14822,8.75],"rotation":{"angle":0,"axis":"y","origin":[8.5,28.64822,6.5]},"faces":{"east":{"uv":[0,0,6,15],"texture":"#2"}}},{"from":[7.75,20.44829,-1.49455],"to":[8.25,21.44829,4.00545],"rotation":{"angle":-22.5,"axis":"x","origin":[8,20.19829,4.68045]},"faces":{"north":{"uv":[6,14,6.33333,14.66667],"texture":"#5"},"east":{"uv":[5.33333,4.66667,9,5.33333],"texture":"#5"},"west":{"uv":[5.33333,5.33333,9,6],"texture":"#5"},"up":{"uv":[10.33333,7.66667,10,4],"texture":"#5"},"down":{"uv":[8.33333,10,8,13.66667],"texture":"#5"}}},{"from":[7.975,15.87329,-5.99455],"to":[8.025,22.87329,7.00545],"rotation":{"angle":-22.5,"axis":"x","origin":[7.725,20.19829,4.68045]},"faces":{"east":{"uv":[8.66667,0,0,4.66667],"texture":"#5"},"west":{"uv":[0,0,8.66667,4.66667],"texture":"#5"}}},{"from":[7.755,16.9129,-2.11495],"to":[8.245,18.9129,-1.11495],"rotation":{"angle":22.5,"axis":"x","origin":[8.005,17.4129,-1.61495]},"faces":{"north":{"uv":[13.33333,5.33333,13.66667,6.66667],"texture":"#5"},"east":{"uv":[10.66667,0,11.33333,1.33333],"texture":"#5"},"south":{"uv":[13.33333,6.66667,13.66667,8],"texture":"#5"},"west":{"uv":[10.66667,1.33333,11.33333,2.66667],"texture":"#5"},"down":{"uv":[14.33333,6,14,6.66667],"texture":"#5"}}}],"gui_light":"front","display":{"thirdperson_righthand":{"translation":[0,-4.25,1]},"thirdperson_lefthand":{"translation":[0,-4.25,1]},"firstperson_righthand":{"rotation":[-10,0,0],"translation":[0,-0.5,1]},"firstperson_lefthand":{"rotation":[-10,0,0],"translation":[0,-0.5,1]},"ground":{"rotation":[-45,0,0],"translation":[0,12.25,3]},"gui":{"rotation":[-90,45,90],"translation":[3,-2.5,0],"scale":[0.73828,0.73828,0.73828]},"head":{"rotation":[0,90,0],"translation":[0,-2,0],"scale":[1.5,1.5,1.5]},"fixed":{"rotation":[0,-90,0],"translation":[0,-3.75,-1.25],"scale":[1.5,1.5,1.5]}}}