{"credit":"Made by PolygonMC","texture_size":[20,20],"textures":{"2":"discordnitroset:animations/nitro_gems","3":"discordnitroset:animations/animations_1","5":"discordnitroset:shovel","particle":"discordnitroset:animations/nitro_gems"},"elements":[{"from":[7.5,0,7.5],"to":[8.5,1,8.5],"rotation":{"angle":0,"axis":"y","origin":[7.5,0,7.5]},"faces":{"north":{"uv":[12.8,4,13.6,4.8],"texture":"#5"},"east":{"uv":[12.8,4.8,13.6,5.6],"texture":"#5"},"south":{"uv":[12.8,5.6,13.6,6.4],"texture":"#5"},"west":{"uv":[6.4,12.8,7.2,13.6],"texture":"#5"},"up":{"uv":[13.6,7.2,12.8,6.4],"texture":"#5"},"down":{"uv":[8,12.8,7.2,13.6],"texture":"#5"}}},{"from":[7.5,1.75,7.5],"to":[8.5,2.75,8.5],"rotation":{"angle":0,"axis":"y","origin":[7.5,0,7.5]},"faces":{"north":{"uv":[12.8,7.2,13.6,8],"texture":"#5"},"east":{"uv":[8,12.8,8.8,13.6],"texture":"#5"},"south":{"uv":[12.8,8,13.6,8.8],"texture":"#5"},"west":{"uv":[8.8,12.8,9.6,13.6],"texture":"#5"},"up":{"uv":[13.6,9.6,12.8,8.8],"texture":"#5"},"down":{"uv":[10.4,12.8,9.6,13.6],"texture":"#5"}}},{"from":[7.5,7.5,7.5],"to":[8.5,8.5,8.5],"rotation":{"angle":0,"axis":"y","origin":[7.5,5.75,7.5]},"faces":{"north":{"uv":[12.8,9.6,13.6,10.4],"texture":"#5"},"east":{"uv":[10.4,12.8,11.2,13.6],"texture":"#5"},"south":{"uv":[12.8,10.4,13.6,11.2],"texture":"#5"},"west":{"uv":[11.2,12.8,12,13.6],"texture":"#5"},"up":{"uv":[13.6,12,12.8,11.2],"texture":"#5"},"down":{"uv":[12.8,12.8,12,13.6],"texture":"#5"}}},{"from":[7.5,3.5,7.5],"to":[8.5,4.5,8.5],"rotation":{"angle":0,"axis":"y","origin":[7.5,1.75,7.5]},"faces":{"north":{"uv":[12.8,12,13.6,12.8],"texture":"#5"},"east":{"uv":[12.8,12.8,13.6,13.6],"texture":"#5"},"south":{"uv":[13.6,0,14.4,0.8],"texture":"#5"},"west":{"uv":[0.8,13.6,1.6,14.4],"texture":"#5"},"up":{"uv":[14.4,1.6,13.6,0.8],"texture":"#5"},"down":{"uv":[2.4,13.6,1.6,14.4],"texture":"#5"}}},{"from":[7.6,1,7.6],"to":[8.4,1.75,8.4],"rotation":{"angle":0,"axis":"y","origin":[7.5,0,7.5]},"faces":{"north":{"uv":[0.8,14.4,1.4,15],"texture":"#5"},"east":{"uv":[1.6,14.4,2.2,15],"texture":"#5"},"south":{"uv":[14.4,1.6,15,2.2],"texture":"#5"},"west":{"uv":[14.4,2.4,15,3],"texture":"#5"}}},{"from":[7.6,2.75,7.6],"to":[8.4,3.5,8.4],"rotation":{"angle":0,"axis":"y","origin":[7.5,0,7.5]},"faces":{"north":{"uv":[14.4,3.2,15,3.8],"texture":"#5"},"east":{"uv":[14.4,4,15,4.6],"texture":"#5"},"south":{"uv":[4.8,14.4,5.4,15],"texture":"#5"},"west":{"uv":[5.6,14.4,6.2,15],"texture":"#5"}}},{"from":[7.375,-0.625,7.375],"to":[8.625,0.625,8.625],"rotation":{"angle":-45,"axis":"x","origin":[8,0,8]},"faces":{"north":{"uv":[7.2,11.2,8.2,12.2],"texture":"#5"},"east":{"uv":[11.2,8,12.2,9],"texture":"#5"},"south":{"uv":[9.6,11.2,10.6,12.2],"texture":"#5"},"west":{"uv":[11.2,9.6,12.2,10.6],"texture":"#5"},"up":{"uv":[12.2,12.2,11.2,11.2],"texture":"#5"},"down":{"uv":[13,0,12,1],"texture":"#5"}}},{"from":[7.6,-1.25,7.1],"to":[8.4,-0.25,8.1],"rotation":{"angle":-22.5,"axis":"x","origin":[7.75,-1.25,6.1]},"faces":{"east":{"uv":[13.6,1.6,14.4,2.4],"texture":"#5"},"west":{"uv":[13.6,2.4,14.4,3.2],"texture":"#5"},"up":{"uv":[7.8,14.4,7.2,13.6],"texture":"#5"},"down":{"uv":[14.2,7.2,13.6,8],"texture":"#5"}}},{"from":[7.5,-1.20978,5.67926],"to":[8.5,0.79022,6.67926],"rotation":{"angle":-22.5,"axis":"x","origin":[8,-0.13478,6.17926]},"faces":{"north":{"uv":[3.2,6.4,4,8],"texture":"#5"},"east":{"uv":[0.8,9.6,1.6,11.2],"texture":"#5"},"south":{"uv":[9.6,4.8,10.4,6.4],"texture":"#5"},"west":{"uv":[9.6,6.4,10.4,8],"texture":"#5"},"up":{"uv":[14.4,4,13.6,3.2],"texture":"#5"},"down":{"uv":[14.4,4,13.6,4.8],"texture":"#5"}}},{"from":[7.6,-1.25,7.9],"to":[8.4,-0.25,8.9],"rotation":{"angle":22.5,"axis":"x","origin":[7.75,-1.25,9.9]},"faces":{"east":{"uv":[14.4,1.6,13.6,2.4],"texture":"#5"},"west":{"uv":[14.4,2.4,13.6,3.2],"texture":"#5"},"up":{"uv":[7.8,13.6,7.2,14.4],"texture":"#5"},"down":{"uv":[14.2,8,13.6,7.2],"texture":"#5"}}},{"from":[7.5,-1.20978,9.32074],"to":[8.5,0.79022,10.32074],"rotation":{"angle":22.5,"axis":"x","origin":[8,-0.13478,9.82074]},"faces":{"north":{"uv":[10.4,4.8,9.6,6.4],"texture":"#5"},"east":{"uv":[1.6,9.6,0.8,11.2],"texture":"#5"},"south":{"uv":[4,6.4,3.2,8],"texture":"#5"},"west":{"uv":[10.4,6.4,9.6,8],"texture":"#5"},"up":{"uv":[14.4,3.2,13.6,4],"texture":"#5"},"down":{"uv":[14.4,4.8,13.6,4],"texture":"#5"}}},{"from":[7.3,8.51351,4.35971],"to":[8.7,11.51351,5.35971],"rotation":{"angle":-45,"axis":"x","origin":[8,10.31351,4.75971]},"faces":{"north":{"uv":[1.6,6.4,2.8,8.8],"texture":"#5"},"east":{"uv":[5.6,8.8,6.4,11.2],"texture":"#5"},"south":{"uv":[5.6,6.4,6.8,8.8],"texture":"#5"},"west":{"uv":[6.4,8.8,7.2,11.2],"texture":"#5"},"up":{"uv":[4.4,12.8,3.2,12],"texture":"#5"},"down":{"uv":[13.2,3.2,12,4],"texture":"#5"}}},{"from":[7.55,8.92931,3.79784],"to":[8.45,12.42931,5.29784],"rotation":{"angle":-22.5,"axis":"x","origin":[8,9.72931,4.69784]},"faces":{"north":{"uv":[4.8,8,5.6,10.8],"texture":"#5"},"east":{"uv":[5.6,3.2,6.8,6],"texture":"#5"},"south":{"uv":[8.8,4.8,9.6,7.6],"texture":"#5"},"west":{"uv":[0,6.4,1.2,9.2],"texture":"#5"},"up":{"uv":[12.8,5.2,12,4],"texture":"#5"},"down":{"uv":[5.6,12,4.8,13.2],"texture":"#5"}}},{"from":[7.5,9.02545,5.06836],"to":[8.5,10.02545,6.81836],"rotation":{"angle":-22.5,"axis":"x","origin":[8,10.77545,4.56836]},"faces":{"east":{"uv":[0.8,11.2,2.2,12],"texture":"#5"},"west":{"uv":[4.8,11.2,6.2,12],"texture":"#5"},"up":{"uv":[3.2,12.6,2.4,11.2],"texture":"#5"},"down":{"uv":[7.2,11.2,6.4,12.6],"texture":"#5"}}},{"from":[7.65,10.35,5.7],"to":[8.35,10.85,7.7],"rotation":{"angle":-22.5,"axis":"x","origin":[7.5,9.35,5.7]},"faces":{"east":{"uv":[4.8,13.6,6.4,14],"texture":"#5"},"west":{"uv":[13.6,4.8,15.2,5.2],"texture":"#5"},"up":{"uv":[6.2,13.6,5.6,12],"texture":"#5"}}},{"from":[7.65,10.35,8.3],"to":[8.35,10.85,10.3],"rotation":{"angle":22.5,"axis":"x","origin":[7.5,9.35,10.3]},"faces":{"east":{"uv":[6.4,13.6,4.8,14],"texture":"#5"},"west":{"uv":[15.2,4.8,13.6,5.2],"texture":"#5"},"up":{"uv":[6.2,12,5.6,13.6],"texture":"#5"}}},{"from":[7.5,9.02545,9.18164],"to":[8.5,10.02545,10.93164],"rotation":{"angle":22.5,"axis":"x","origin":[8,10.77545,11.43164]},"faces":{"east":{"uv":[2.2,11.2,0.8,12],"texture":"#5"},"west":{"uv":[6.2,11.2,4.8,12],"texture":"#5"},"up":{"uv":[3.2,11.2,2.4,12.6],"texture":"#5"},"down":{"uv":[7.2,12.6,6.4,11.2],"texture":"#5"}}},{"from":[7.3,8.51351,10.64029],"to":[8.7,11.51351,11.64029],"rotation":{"angle":45,"axis":"x","origin":[8,10.31351,11.24029]},"faces":{"north":{"uv":[6.8,6.4,5.6,8.8],"texture":"#5"},"east":{"uv":[6.4,8.8,5.6,11.2],"texture":"#5"},"south":{"uv":[2.8,6.4,1.6,8.8],"texture":"#5"},"west":{"uv":[7.2,8.8,6.4,11.2],"texture":"#5"},"up":{"uv":[4.4,12,3.2,12.8],"texture":"#5"},"down":{"uv":[13.2,4,12,3.2],"texture":"#5"}}},{"from":[7.55,8.92931,10.70216],"to":[8.45,12.42931,12.20216],"rotation":{"angle":22.5,"axis":"x","origin":[8,9.72931,11.30216]},"faces":{"north":{"uv":[9.6,4.8,8.8,7.6],"texture":"#5"},"east":{"uv":[6.8,3.2,5.6,6],"texture":"#5"},"south":{"uv":[5.6,8,4.8,10.8],"texture":"#5"},"west":{"uv":[1.2,6.4,0,9.2],"texture":"#5"},"up":{"uv":[12.8,4,12,5.2],"texture":"#5"},"down":{"uv":[5.6,13.2,4.8,12],"texture":"#5"}}},{"from":[7.25,9.07855,6.7625],"to":[8.75,11.57855,7.2625],"rotation":{"angle":0,"axis":"y","origin":[7,7.57855,6.7625]},"faces":{"north":{"uv":[7.2,0,8.4,2],"texture":"#5"},"east":{"uv":[12,5.6,12.4,7.6],"texture":"#5"},"south":{"uv":[7.2,2.4,8.4,4.4],"texture":"#5"},"west":{"uv":[2.4,12.8,2.8,14.8],"texture":"#5"}}},{"from":[7.25,11.18211,7.21961],"to":[8.75,12.43211,7.71961],"rotation":{"angle":45,"axis":"x","origin":[8,11.93211,7.46961]},"faces":{"north":{"uv":[9.6,8,10.8,9],"texture":"#5"},"east":{"uv":[13.6,9.6,14,10.6],"texture":"#5"},"south":{"uv":[9.6,9.6,10.8,10.6],"texture":"#5"},"west":{"uv":[11.2,13.6,11.6,14.6],"texture":"#5"}}},{"from":[7.25,12.43211,7.21961],"to":[8.75,12.93211,7.71961],"rotation":{"angle":45,"axis":"x","origin":[8,11.93211,7.46961]},"faces":{"north":{"uv":[8,13.6,9.2,14],"texture":"#5"},"east":{"uv":[14.4,6.4,14.8,6.8],"texture":"#5"},"west":{"uv":[7.2,14.4,7.6,14.8],"texture":"#5"},"up":{"uv":[14.8,8.4,13.6,8],"texture":"#5"}}},{"from":[7.25,8.16434,7.21973],"to":[8.75,8.66434,7.71973],"rotation":{"angle":45,"axis":"x","origin":[8,7.66434,7.46973]},"faces":{"east":{"uv":[14.4,7.2,14.8,7.6],"texture":"#5"},"south":{"uv":[13.6,8.8,14.8,9.2],"texture":"#5"},"west":{"uv":[8,14.4,8.4,14.8],"texture":"#5"},"down":{"uv":[10.8,13.6,9.6,14],"texture":"#5"}}},{"from":[7.25,11.18211,8.28039],"to":[8.75,12.43211,8.78039],"rotation":{"angle":-45,"axis":"x","origin":[8,11.93211,8.53039]},"faces":{"north":{"uv":[10.4,0,11.6,1],"texture":"#5"},"east":{"uv":[13.6,11.2,14,12.2],"texture":"#5"},"south":{"uv":[10.4,1.6,11.6,2.6],"texture":"#5"},"west":{"uv":[12,13.6,12.4,14.6],"texture":"#5"}}},{"from":[7.25,8.225,8.28039],"to":[8.75,9.475,8.78039],"rotation":{"angle":45,"axis":"x","origin":[8,8.725,8.53039]},"faces":{"north":{"uv":[3.2,10.4,4.4,11.4],"texture":"#5"},"east":{"uv":[12.8,13.6,13.2,14.6],"texture":"#5"},"south":{"uv":[10.4,3.2,11.6,4.2],"texture":"#5"},"west":{"uv":[13.6,12.8,14,13.8],"texture":"#5"}}},{"from":[7.25,8.225,7.21961],"to":[8.75,9.475,7.71961],"rotation":{"angle":-45,"axis":"x","origin":[8,8.725,7.46961]},"faces":{"north":{"uv":[10.4,4.8,11.6,5.8],"texture":"#5"},"east":{"uv":[0,14.4,0.4,15.4],"texture":"#5"},"south":{"uv":[10.4,6.4,11.6,7.4],"texture":"#5"},"west":{"uv":[14.4,0,14.8,1],"texture":"#5"}}},{"from":[7.25,9.07855,8.7375],"to":[8.75,11.57855,9.2375],"rotation":{"angle":0,"axis":"y","origin":[7,7.57855,9.2375]},"faces":{"north":{"uv":[7.2,4.8,8.4,6.8],"texture":"#5"},"east":{"uv":[3.2,12.8,3.6,14.8],"texture":"#5"},"south":{"uv":[7.2,7.2,8.4,9.2],"texture":"#5"},"west":{"uv":[4,12.8,4.4,14.8],"texture":"#5"}}},{"from":[7.4,8.52322,7.25],"to":[7.4,12.14822,8.75],"rotation":{"angle":0,"axis":"y","origin":[7.5,17.64822,6.5]},"faces":{"west":{"uv":[0,0,6,15],"texture":"#2"}}},{"from":[7,7,4.5],"to":[7,14,11.5],"rotation":{"angle":0,"axis":"y","origin":[7,16,4.5]},"faces":{"west":{"uv":[0,0,14,14],"texture":"#3"}}},{"from":[8.6,8.52322,7.25],"to":[8.6,12.14822,8.75],"rotation":{"angle":0,"axis":"y","origin":[8.5,17.64822,6.5]},"faces":{"east":{"uv":[0,0,6,15],"texture":"#2"}}},{"from":[9,7,4.5],"to":[9,14,11.5],"rotation":{"angle":0,"axis":"y","origin":[9,16,4.5]},"faces":{"east":{"uv":[0,0,14,14],"texture":"#3"}}},{"from":[7.35,4.5,7.35],"to":[8.65,7.5,8.65],"rotation":{"angle":0,"axis":"y","origin":[7.5,4.5,6.5]},"faces":{"north":{"uv":[9.8,0,8.8,2.4],"texture":"#5"},"east":{"uv":[8.8,0,9.8,2.4],"texture":"#5"},"south":{"uv":[9.8,0,8.8,2.4],"texture":"#5"},"west":{"uv":[8.8,0,9.8,2.4],"texture":"#5"},"up":{"uv":[1.8,13,0.8,12],"texture":"#5"},"down":{"uv":[13,1.6,12,2.6],"texture":"#5"}}},{"from":[7.75,10.75,5],"to":[8.25,16.75,6],"rotation":{"angle":0,"axis":"y","origin":[7.75,0,0]},"faces":{"north":{"uv":[8.8,8,9.2,12.8],"texture":"#5"},"east":{"uv":[4,3.2,4.8,8],"texture":"#5"},"south":{"uv":[0,9.6,0.4,14.4],"texture":"#5"},"west":{"uv":[4.8,3.2,5.6,8],"texture":"#5"}}},{"from":[7.75,16.10355,5.56066],"to":[8.25,18.10355,6.56066],"rotation":{"angle":45,"axis":"x","origin":[8,17.10355,6.06066]},"faces":{"north":{"uv":[13.6,5.6,14,7.2],"texture":"#5"},"east":{"uv":[7.2,9.6,8,11.2],"texture":"#5"},"south":{"uv":[6.4,13.6,6.8,15.2],"texture":"#5"},"west":{"uv":[8,9.6,8.8,11.2],"texture":"#5"},"up":{"uv":[14.8,6.4,14.4,5.6],"texture":"#5"}}},{"from":[7.75,16.10355,9.43934],"to":[8.25,18.10355,10.43934],"rotation":{"angle":-45,"axis":"x","origin":[8,17.10355,9.93934]},"faces":{"north":{"uv":[6.8,13.6,6.4,15.2],"texture":"#5"},"east":{"uv":[8,9.6,7.2,11.2],"texture":"#5"},"south":{"uv":[14,5.6,13.6,7.2],"texture":"#5"},"west":{"uv":[8.8,9.6,8,11.2],"texture":"#5"},"up":{"uv":[14.8,5.6,14.4,6.4],"texture":"#5"}}},{"from":[7.75,10.75,10],"to":[8.25,16.75,11],"rotation":{"angle":0,"axis":"y","origin":[7.75,0,16]},"faces":{"north":{"uv":[0.4,9.6,0,14.4],"texture":"#5"},"east":{"uv":[4.8,3.2,4,8],"texture":"#5"},"south":{"uv":[9.2,8,8.8,12.8],"texture":"#5"},"west":{"uv":[5.6,3.2,4.8,8],"texture":"#5"}}},{"from":[7.975,-4,6],"to":[8.025,0,10],"rotation":{"angle":0,"axis":"y","origin":[7.975,0,6]},"faces":{"east":{"uv":[4,0,7.2,3.2],"texture":"#5"},"west":{"uv":[4,0,7.2,3.2],"texture":"#5"}}},{"from":[7.975,11,5.5],"to":[8.025,18.15,10.5],"rotation":{"angle":0,"axis":"y","origin":[7.975,0,5.5]},"faces":{"east":{"uv":[4,0,0,5.8],"texture":"#5"},"west":{"uv":[0,0,4,5.8],"texture":"#5"}}}],"gui_light":"front","display":{"thirdperson_righthand":{"translation":[0,3.5,1]},"thirdperson_lefthand":{"translation":[0,3.5,1]},"firstperson_righthand":{"rotation":[-10,0,0],"translation":[0,5,0]},"firstperson_lefthand":{"rotation":[-10,0,0],"translation":[0,5,0]},"ground":{"rotation":[45,0,0],"translation":[0,12.25,0]},"gui":{"rotation":[90,-45,90],"translation":[-0.25,0.25,0],"scale":[0.73828,0.73828,0.73828]},"head":{"rotation":[0,90,0],"translation":[0,-2,0],"scale":[1.5,1.5,1.5]},"fixed":{"rotation":[-90,90,90],"translation":[0,0.75,-1.25],"scale":[1.5,1.5,1.5]}}}