{"credit":"Made by PolygonMC","texture_size":[20,20],"textures":{"2":"discordnitroset:animations/nitro_gems","3":"discordnitroset:animations/animations_1","4":"discordnitroset:staff","particle":"discordnitroset:animations/nitro_gems"},"elements":[{"from":[7.5,0,7.5],"to":[8.5,1,8.5],"rotation":{"angle":0,"axis":"y","origin":[7.5,0,7.5]},"faces":{"north":{"uv":[11.2,0,12,0.8],"texture":"#4"},"east":{"uv":[11.2,0.8,12,1.6],"texture":"#4"},"south":{"uv":[4.8,11.2,5.6,12],"texture":"#4"},"west":{"uv":[11.2,8,12,8.8],"texture":"#4"},"up":{"uv":[9.6,12,8.8,11.2],"texture":"#4"},"down":{"uv":[12,8.8,11.2,9.6],"texture":"#4"}}},{"from":[7.5,1.75,7.5],"to":[8.5,2.75,8.5],"rotation":{"angle":0,"axis":"y","origin":[7.5,0,7.5]},"faces":{"north":{"uv":[9.6,11.2,10.4,12],"texture":"#4"},"east":{"uv":[11.2,9.6,12,10.4],"texture":"#4"},"south":{"uv":[11.2,10.4,12,11.2],"texture":"#4"},"west":{"uv":[11.2,11.2,12,12],"texture":"#4"},"up":{"uv":[0.8,12.8,0,12],"texture":"#4"},"down":{"uv":[12.8,0,12,0.8],"texture":"#4"}}},{"from":[7.5,18.5,7.5],"to":[8.5,19.5,8.5],"rotation":{"angle":0,"axis":"y","origin":[7.5,5.75,7.5]},"faces":{"north":{"uv":[0.8,12,1.6,12.8],"texture":"#4"},"east":{"uv":[12,0.8,12.8,1.6],"texture":"#4"},"south":{"uv":[1.6,12,2.4,12.8],"texture":"#4"},"west":{"uv":[12,1.6,12.8,2.4],"texture":"#4"},"up":{"uv":[3.2,12.8,2.4,12],"texture":"#4"},"down":{"uv":[12.8,2.4,12,3.2],"texture":"#4"}}},{"from":[7.5,3.5,7.5],"to":[8.5,4.5,8.5],"rotation":{"angle":0,"axis":"y","origin":[7.5,1.75,7.5]},"faces":{"north":{"uv":[12,3.2,12.8,4],"texture":"#4"},"east":{"uv":[12,4,12.8,4.8],"texture":"#4"},"south":{"uv":[4.8,12,5.6,12.8],"texture":"#4"},"west":{"uv":[12,4.8,12.8,5.6],"texture":"#4"},"up":{"uv":[6.4,12.8,5.6,12],"texture":"#4"},"down":{"uv":[12.8,5.6,12,6.4],"texture":"#4"}}},{"from":[7.6,1,7.6],"to":[8.4,1.75,8.4],"rotation":{"angle":0,"axis":"y","origin":[7.5,0,7.5]},"faces":{"north":{"uv":[12,12.8,12.6,13.4],"texture":"#4"},"east":{"uv":[12.8,12,13.4,12.6],"texture":"#4"},"south":{"uv":[12.8,12.8,13.4,13.4],"texture":"#4"},"west":{"uv":[0,13.6,0.6,14.2],"texture":"#4"}}},{"from":[7.6,2.75,7.6],"to":[8.4,3.5,8.4],"rotation":{"angle":0,"axis":"y","origin":[7.5,0,7.5]},"faces":{"north":{"uv":[13.6,0,14.2,0.6],"texture":"#4"},"east":{"uv":[0.8,13.6,1.4,14.2],"texture":"#4"},"south":{"uv":[13.6,0.8,14.2,1.4],"texture":"#4"},"west":{"uv":[1.6,13.6,2.2,14.2],"texture":"#4"}}},{"from":[7.5,8,7.5],"to":[8.5,9,8.5],"rotation":{"angle":0,"axis":"y","origin":[7.5,-0.5,7.5]},"faces":{"north":{"uv":[6.4,12,7.2,12.8],"texture":"#4"},"east":{"uv":[12,6.4,12.8,7.2],"texture":"#4"},"south":{"uv":[7.2,12,8,12.8],"texture":"#4"},"west":{"uv":[12,7.2,12.8,8],"texture":"#4"},"up":{"uv":[8.8,12.8,8,12],"texture":"#4"},"down":{"uv":[12.8,8,12,8.8],"texture":"#4"}}},{"from":[7.5,9.75,7.5],"to":[8.5,10.75,8.5],"rotation":{"angle":0,"axis":"y","origin":[7.5,-0.5,7.5]},"faces":{"north":{"uv":[8.8,12,9.6,12.8],"texture":"#4"},"east":{"uv":[12,8.8,12.8,9.6],"texture":"#4"},"south":{"uv":[9.6,12,10.4,12.8],"texture":"#4"},"west":{"uv":[12,9.6,12.8,10.4],"texture":"#4"},"up":{"uv":[12.8,11.2,12,10.4],"texture":"#4"},"down":{"uv":[12,12,11.2,12.8],"texture":"#4"}}},{"from":[7.5,11.5,7.5],"to":[8.5,12.5,8.5],"rotation":{"angle":0,"axis":"y","origin":[7.5,1.25,7.5]},"faces":{"north":{"uv":[12,11.2,12.8,12],"texture":"#4"},"east":{"uv":[12,12,12.8,12.8],"texture":"#4"},"south":{"uv":[0,12.8,0.8,13.6],"texture":"#4"},"west":{"uv":[12.8,0,13.6,0.8],"texture":"#4"},"up":{"uv":[1.6,13.6,0.8,12.8],"texture":"#4"},"down":{"uv":[13.6,0.8,12.8,1.6],"texture":"#4"}}},{"from":[7.6,9,7.6],"to":[8.4,9.75,8.4],"rotation":{"angle":0,"axis":"y","origin":[7.5,-0.5,7.5]},"faces":{"north":{"uv":[13.6,1.6,14.2,2.2],"texture":"#4"},"east":{"uv":[13.6,2.4,14.2,3],"texture":"#4"},"south":{"uv":[3.2,13.6,3.8,14.2],"texture":"#4"},"west":{"uv":[13.6,3.2,14.2,3.8],"texture":"#4"}}},{"from":[7.6,10.75,7.6],"to":[8.4,11.5,8.4],"rotation":{"angle":0,"axis":"y","origin":[7.5,-0.5,7.5]},"faces":{"north":{"uv":[4,13.6,4.6,14.2],"texture":"#4"},"east":{"uv":[13.6,4,14.2,4.6],"texture":"#4"},"south":{"uv":[4.8,13.6,5.4,14.2],"texture":"#4"},"west":{"uv":[5.6,13.6,6.2,14.2],"texture":"#4"}}},{"from":[7.375,-0.625,7.375],"to":[8.625,0.625,8.625],"rotation":{"angle":-45,"axis":"x","origin":[8,0,8]},"faces":{"north":{"uv":[4,9.6,5,10.6],"texture":"#4"},"east":{"uv":[8.8,9.6,9.8,10.6],"texture":"#4"},"south":{"uv":[0,10.4,1,11.4],"texture":"#4"},"west":{"uv":[1.6,10.4,2.6,11.4],"texture":"#4"},"up":{"uv":[11.4,2.6,10.4,1.6],"texture":"#4"},"down":{"uv":[11.4,3.2,10.4,4.2],"texture":"#4"}}},{"from":[7.5,-1.10978,6.42926],"to":[8.5,0.89022,7.42926],"rotation":{"angle":-22.5,"axis":"x","origin":[8,-0.13478,6.17926]},"faces":{"north":{"uv":[8,2.4,8.8,4],"texture":"#4"},"east":{"uv":[4,8,4.8,9.6],"texture":"#4"},"south":{"uv":[8,4,8.8,5.6],"texture":"#4"},"west":{"uv":[4.8,8,5.6,9.6],"texture":"#4"},"up":{"uv":[2.4,13.6,1.6,12.8],"texture":"#4"},"down":{"uv":[13.6,1.6,12.8,2.4],"texture":"#4"}}},{"from":[7.5,-1.10978,8.57074],"to":[8.5,0.89022,9.57074],"rotation":{"angle":22.5,"axis":"x","origin":[8,-0.13478,9.82074]},"faces":{"north":{"uv":[8.8,4,8,5.6],"texture":"#4"},"east":{"uv":[4.8,8,4,9.6],"texture":"#4"},"south":{"uv":[8.8,2.4,8,4],"texture":"#4"},"west":{"uv":[5.6,8,4.8,9.6],"texture":"#4"},"up":{"uv":[2.4,12.8,1.6,13.6],"texture":"#4"},"down":{"uv":[13.6,2.4,12.8,1.6],"texture":"#4"}}},{"from":[7.25,20.07855,6.7625],"to":[8.75,22.57855,7.2625],"rotation":{"angle":0,"axis":"y","origin":[7,18.57855,6.7625]},"faces":{"north":{"uv":[5.6,0,6.8,2],"texture":"#4"},"east":{"uv":[3.2,10.4,3.6,12.4],"texture":"#4"},"south":{"uv":[5.6,2.4,6.8,4.4],"texture":"#4"},"west":{"uv":[10.4,8,10.8,10],"texture":"#4"}}},{"from":[7.25,22.18211,7.21961],"to":[8.75,23.43211,7.71961],"rotation":{"angle":45,"axis":"x","origin":[8,22.93211,7.46961]},"faces":{"north":{"uv":[8.8,1.6,10,2.6],"texture":"#4"},"east":{"uv":[12.8,7.2,13.2,8.2],"texture":"#4"},"south":{"uv":[0,14.6,1.2,15.6],"texture":"#4"},"west":{"uv":[8,12.8,8.4,13.8],"texture":"#4"}}},{"from":[7.25,23.43211,7.21961],"to":[8.75,23.93211,7.71961],"rotation":{"angle":45,"axis":"x","origin":[8,22.93211,7.46961]},"faces":{"north":{"uv":[4.8,12.8,6,13.2],"texture":"#4"},"east":{"uv":[6.4,13.6,6.8,14],"texture":"#4"},"west":{"uv":[13.6,6.4,14,6.8],"texture":"#4"},"up":{"uv":[14,5.2,12.8,4.8],"texture":"#4"}}},{"from":[7.25,19.16434,7.21973],"to":[8.75,19.66434,7.71973],"rotation":{"angle":45,"axis":"x","origin":[8,18.66434,7.46973]},"faces":{"east":{"uv":[7.2,13.6,7.6,14],"texture":"#4"},"south":{"uv":[12.8,5.6,14,6],"texture":"#4"},"west":{"uv":[13.6,7.2,14,7.6],"texture":"#4"},"down":{"uv":[7.6,12.8,6.4,13.2],"texture":"#4"}}},{"from":[7.25,22.18211,8.28039],"to":[8.75,23.43211,8.78039],"rotation":{"angle":-45,"axis":"x","origin":[8,22.93211,8.53039]},"faces":{"north":{"uv":[8.8,3.2,10,4.2],"texture":"#4"},"east":{"uv":[8.8,12.8,9.2,13.8],"texture":"#4"},"south":{"uv":[8.8,4.8,10,5.8],"texture":"#4"},"west":{"uv":[12.8,8.8,13.2,9.8],"texture":"#4"}}},{"from":[7.25,19.225,8.28039],"to":[8.75,20.475,8.78039],"rotation":{"angle":45,"axis":"x","origin":[8,19.725,8.53039]},"faces":{"north":{"uv":[8.8,6.4,10,7.4],"texture":"#4"},"east":{"uv":[9.6,12.8,10,13.8],"texture":"#4"},"south":{"uv":[7.2,8.8,8.4,9.8],"texture":"#4"},"west":{"uv":[10.4,12.8,10.8,13.8],"texture":"#4"}}},{"from":[7.25,19.225,7.21961],"to":[8.75,20.475,7.71961],"rotation":{"angle":-45,"axis":"x","origin":[8,19.725,7.46961]},"faces":{"north":{"uv":[8.8,8,10,9],"texture":"#4"},"east":{"uv":[12.8,10.4,13.2,11.4],"texture":"#4"},"south":{"uv":[9.6,0,10.8,1],"texture":"#4"},"west":{"uv":[11.2,12.8,11.6,13.8],"texture":"#4"}}},{"from":[7.25,20.07855,8.7375],"to":[8.75,22.57855,9.2375],"rotation":{"angle":0,"axis":"y","origin":[7,18.57855,9.2375]},"faces":{"north":{"uv":[5.6,4.8,6.8,6.8],"texture":"#4"},"east":{"uv":[10.4,10.4,10.8,12.4],"texture":"#4"},"south":{"uv":[7.2,0,8.4,2],"texture":"#4"},"west":{"uv":[4,11.2,4.4,13.2],"texture":"#4"}}},{"from":[7.35,4.5,7.35],"to":[8.65,8,8.65],"rotation":{"angle":0,"axis":"y","origin":[7.5,4,6.5]},"faces":{"north":{"uv":[5,4.8,4,7.6],"texture":"#4"},"east":{"uv":[4,4.8,5,7.6],"texture":"#4"},"south":{"uv":[5,4.8,4,7.6],"texture":"#4"},"west":{"uv":[4,4.8,5,7.6],"texture":"#4"},"up":{"uv":[11.4,5.8,10.4,4.8],"texture":"#4"},"down":{"uv":[6.6,10.4,5.6,11.4],"texture":"#4"}}},{"from":[7.35,12.5,7.35],"to":[8.65,18.5,8.65],"rotation":{"angle":0,"axis":"y","origin":[7.5,4,6.5]},"faces":{"north":{"uv":[5,0,4,4.8],"texture":"#4"},"east":{"uv":[4,0,5,4.8],"texture":"#4"},"south":{"uv":[5,0,4,4.8],"texture":"#4"},"west":{"uv":[4,0,5,4.8],"texture":"#4"},"up":{"uv":[11.4,7.4,10.4,6.4],"texture":"#4"},"down":{"uv":[8.2,10.4,7.2,11.4],"texture":"#4"}}},{"from":[7,18,4.5],"to":[7,25,11.5],"rotation":{"angle":0,"axis":"y","origin":[7,27,4.5]},"faces":{"west":{"uv":[0,0,14,14.5],"texture":"#3"}}},{"from":[7.4,19.52322,7.25],"to":[7.4,23.14822,8.75],"rotation":{"angle":0,"axis":"y","origin":[7.5,28.64822,6.5]},"faces":{"west":{"uv":[0,0,6,15],"texture":"#2"}}},{"from":[8.6,19.52322,7.25],"to":[8.6,23.14822,8.75],"rotation":{"angle":0,"axis":"y","origin":[8.5,28.64822,6.5]},"faces":{"east":{"uv":[0,0,6,15],"texture":"#2"}}},{"from":[9,18,4.5],"to":[9,25,11.5],"rotation":{"angle":0,"axis":"y","origin":[9,27,4.5]},"faces":{"east":{"uv":[0,0,14,14.5],"texture":"#3"}}},{"from":[7.75,14,9.5],"to":[8.25,16,10.5],"rotation":{"angle":-45,"axis":"x","origin":[7.75,14,0.5]},"faces":{"north":{"uv":[2.4,12.8,2.8,14.4],"texture":"#4"},"east":{"uv":[8,5.6,8.8,7.2],"texture":"#4"},"south":{"uv":[12.8,2.4,13.2,4],"texture":"#4"},"west":{"uv":[8,7.2,8.8,8.8],"texture":"#4"}}},{"from":[7.565,20.90817,5.25725],"to":[8.435,24.64817,6.19225],"rotation":{"angle":0,"axis":"y","origin":[7.565,20.90817,5.25725]},"faces":{"north":{"uv":[7.2,5.6,7.8,8.6],"texture":"#4"},"east":{"uv":[7.2,2.4,8,5.4],"texture":"#4"},"south":{"uv":[6.4,7.2,7,10.2],"texture":"#4"},"west":{"uv":[5.6,7.2,6.4,10.2],"texture":"#4"},"down":{"uv":[13.4,6.4,12.8,7.2],"texture":"#4"}}},{"from":[7.5041,23.91833,5.12484],"to":[8.4959,25.90193,6.19074],"rotation":{"angle":45,"axis":"x","origin":[7.5041,24.86833,5.12484]},"faces":{"north":{"uv":[1.4,14.4,2.2,16],"texture":"#4"},"east":{"uv":[8.8,0,9.6,1.6],"texture":"#4"},"south":{"uv":[2.2,14.4,3,16],"texture":"#4"},"west":{"uv":[3,14.4,3.8,16],"texture":"#4"},"up":{"uv":[4,13.6,3.2,12.8],"texture":"#4"},"down":{"uv":[13.6,4,12.8,4.8],"texture":"#4"}}},{"from":[7.975,18.5,2.5],"to":[8.025,29.5,7],"rotation":{"angle":0,"axis":"y","origin":[7.975,0,0]},"faces":{"east":{"uv":[3.6,0,0,8.8],"texture":"#4"},"west":{"uv":[0,0,3.6,8.8],"texture":"#4"}}},{"from":[7.75,14,5.5],"to":[8.25,16,6.5],"rotation":{"angle":45,"axis":"x","origin":[7.75,14,15.5]},"faces":{"north":{"uv":[13.2,2.4,12.8,4],"texture":"#4"},"east":{"uv":[8.8,5.6,8,7.2],"texture":"#4"},"south":{"uv":[2.8,12.8,2.4,14.4],"texture":"#4"},"west":{"uv":[8.8,7.2,8,8.8],"texture":"#4"}}},{"from":[7.565,20.90817,9.80775],"to":[8.435,24.64817,10.74275],"rotation":{"angle":0,"axis":"y","origin":[7.565,20.90817,10.74275]},"faces":{"north":{"uv":[7,7.2,6.4,10.2],"texture":"#4"},"east":{"uv":[8,2.4,7.2,5.4],"texture":"#4"},"south":{"uv":[7.8,5.6,7.2,8.6],"texture":"#4"},"west":{"uv":[6.4,7.2,5.6,10.2],"texture":"#4"},"down":{"uv":[13.4,7.2,12.8,6.4],"texture":"#4"}}},{"from":[7.5041,23.91833,9.80926],"to":[8.4959,25.90193,10.87516],"rotation":{"angle":-45,"axis":"x","origin":[7.5041,24.86833,10.87516]},"faces":{"north":{"uv":[3,14.4,2.2,16],"texture":"#4"},"east":{"uv":[9.6,0,8.8,1.6],"texture":"#4"},"south":{"uv":[2.2,14.4,1.4,16],"texture":"#4"},"west":{"uv":[3.8,14.4,3,16],"texture":"#4"},"up":{"uv":[4,12.8,3.2,13.6],"texture":"#4"},"down":{"uv":[13.6,4.8,12.8,4],"texture":"#4"}}},{"from":[7.975,18.5,9],"to":[8.025,29.5,13.5],"rotation":{"angle":0,"axis":"y","origin":[7.975,0,16]},"faces":{"east":{"uv":[0,0,3.6,8.8],"texture":"#4"},"west":{"uv":[3.6,0,0,8.8],"texture":"#4"}}}],"gui_light":"front","display":{"thirdperson_righthand":{"translation":[0,-4.25,1]},"thirdperson_lefthand":{"translation":[0,-4.25,1]},"firstperson_righthand":{"rotation":[-10,20,0],"translation":[0,-4.75,1]},"firstperson_lefthand":{"rotation":[-10,20,0],"translation":[0,-4.75,1]},"ground":{"rotation":[45,0,0],"translation":[0,12.25,-4.25]},"gui":{"rotation":[90,-45,90],"translation":[3.5,-3.5,0],"scale":[0.73828,0.73828,0.73828]},"head":{"rotation":[0,90,0],"translation":[0,-2,0],"scale":[1.5,1.5,1.5]},"fixed":{"rotation":[-90,90,90],"translation":[0,-8.75,-1.25],"scale":[1.5,1.5,1.5]}}}