{"credit":"Made by PolygonMC","texture_size":[20,20],"textures":{"2":"discordnitroset:animations/nitro_gems","3":"discordnitroset:animations/animations_1","4":"discordnitroset:trident","particle":"discordnitroset:animations/nitro_gems"},"elements":[{"from":[7.5,0,7.5],"to":[8.5,1,8.5],"rotation":{"angle":0,"axis":"y","origin":[7.5,0,7.5]},"faces":{"north":{"uv":[10.4,12.8,11.2,13.6],"texture":"#4"},"east":{"uv":[12.8,10.4,13.6,11.2],"texture":"#4"},"south":{"uv":[11.2,12.8,12,13.6],"texture":"#4"},"west":{"uv":[12,12.8,12.8,13.6],"texture":"#4"},"up":{"uv":[13.6,13.6,12.8,12.8],"texture":"#4"},"down":{"uv":[14.4,0,13.6,0.8],"texture":"#4"}}},{"from":[7.5,1.75,7.5],"to":[8.5,2.75,8.5],"rotation":{"angle":0,"axis":"y","origin":[7.5,0,7.5]},"faces":{"north":{"uv":[13.6,0.8,14.4,1.6],"texture":"#4"},"east":{"uv":[3.2,13.6,4,14.4],"texture":"#4"},"south":{"uv":[4,13.6,4.8,14.4],"texture":"#4"},"west":{"uv":[13.6,4,14.4,4.8],"texture":"#4"},"up":{"uv":[14.4,5.6,13.6,4.8],"texture":"#4"},"down":{"uv":[14.4,5.6,13.6,6.4],"texture":"#4"}}},{"from":[7.5,21,7.5],"to":[8.5,22,8.5],"rotation":{"angle":0,"axis":"y","origin":[7.5,8.25,7.5]},"faces":{"north":{"uv":[6.4,13.6,7.2,14.4],"texture":"#4"},"east":{"uv":[13.6,6.4,14.4,7.2],"texture":"#4"},"south":{"uv":[7.2,13.6,8,14.4],"texture":"#4"},"west":{"uv":[13.6,7.2,14.4,8],"texture":"#4"},"up":{"uv":[8.8,14.4,8,13.6],"texture":"#4"},"down":{"uv":[14.4,8,13.6,8.8],"texture":"#4"}}},{"from":[7.5,3.5,7.5],"to":[8.5,4.5,8.5],"rotation":{"angle":0,"axis":"y","origin":[7.5,1.75,7.5]},"faces":{"north":{"uv":[8.8,13.6,9.6,14.4],"texture":"#4"},"east":{"uv":[13.6,8.8,14.4,9.6],"texture":"#4"},"south":{"uv":[13.6,9.6,14.4,10.4],"texture":"#4"},"west":{"uv":[10.4,13.6,11.2,14.4],"texture":"#4"},"up":{"uv":[14.4,11.2,13.6,10.4],"texture":"#4"},"down":{"uv":[12,13.6,11.2,14.4],"texture":"#4"}}},{"from":[7.6,1,7.6],"to":[8.4,1.75,8.4],"rotation":{"angle":0,"axis":"y","origin":[7.5,0,7.5]},"faces":{"north":{"uv":[12.8,14.4,13.4,15],"texture":"#4"},"east":{"uv":[14.4,12.8,15,13.4],"texture":"#4"},"south":{"uv":[13.6,14.4,14.2,15],"texture":"#4"},"west":{"uv":[14.4,13.6,15,14.2],"texture":"#4"}}},{"from":[7.6,2.75,7.6],"to":[8.4,3.5,8.4],"rotation":{"angle":0,"axis":"y","origin":[7.5,0,7.5]},"faces":{"north":{"uv":[14.4,14.4,15,15],"texture":"#4"},"east":{"uv":[0,15.2,0.6,15.8],"texture":"#4"},"south":{"uv":[15.2,0,15.8,0.6],"texture":"#4"},"west":{"uv":[0.8,15.2,1.4,15.8],"texture":"#4"}}},{"from":[7.5,10.5,7.5],"to":[8.5,11.5,8.5],"rotation":{"angle":0,"axis":"y","origin":[7.5,-0.5,7.5]},"faces":{"north":{"uv":[13.6,11.2,14.4,12],"texture":"#4"},"east":{"uv":[12,13.6,12.8,14.4],"texture":"#4"},"south":{"uv":[13.6,12,14.4,12.8],"texture":"#4"},"west":{"uv":[12.8,13.6,13.6,14.4],"texture":"#4"},"up":{"uv":[14.4,13.6,13.6,12.8],"texture":"#4"},"down":{"uv":[14.4,13.6,13.6,14.4],"texture":"#4"}}},{"from":[7.5,12.25,7.5],"to":[8.5,13.25,8.5],"rotation":{"angle":0,"axis":"y","origin":[7.5,-0.5,7.5]},"faces":{"north":{"uv":[0,14.4,0.8,15.2],"texture":"#4"},"east":{"uv":[14.4,0,15.2,0.8],"texture":"#4"},"south":{"uv":[0.8,14.4,1.6,15.2],"texture":"#4"},"west":{"uv":[14.4,0.8,15.2,1.6],"texture":"#4"},"up":{"uv":[2.4,15.2,1.6,14.4],"texture":"#4"},"down":{"uv":[15.2,1.6,14.4,2.4],"texture":"#4"}}},{"from":[7.5,14,7.5],"to":[8.5,15,8.5],"rotation":{"angle":0,"axis":"y","origin":[7.5,1.25,7.5]},"faces":{"north":{"uv":[2.4,14.4,3.2,15.2],"texture":"#4"},"east":{"uv":[14.4,2.4,15.2,3.2],"texture":"#4"},"south":{"uv":[3.2,14.4,4,15.2],"texture":"#4"},"west":{"uv":[14.4,3.2,15.2,4],"texture":"#4"},"up":{"uv":[4.8,15.2,4,14.4],"texture":"#4"},"down":{"uv":[15.2,4,14.4,4.8],"texture":"#4"}}},{"from":[7.6,11.5,7.6],"to":[8.4,12.25,8.4],"rotation":{"angle":0,"axis":"y","origin":[7.5,-0.5,7.5]},"faces":{"north":{"uv":[15.2,0.8,15.8,1.4],"texture":"#4"},"east":{"uv":[1.6,15.2,2.2,15.8],"texture":"#4"},"south":{"uv":[15.2,1.6,15.8,2.2],"texture":"#4"},"west":{"uv":[2.4,15.2,3,15.8],"texture":"#4"}}},{"from":[7.6,13.25,7.6],"to":[8.4,14,8.4],"rotation":{"angle":0,"axis":"y","origin":[7.5,-0.5,7.5]},"faces":{"north":{"uv":[15.2,2.4,15.8,3],"texture":"#4"},"east":{"uv":[3.2,15.2,3.8,15.8],"texture":"#4"},"south":{"uv":[15.2,3.2,15.8,3.8],"texture":"#4"},"west":{"uv":[4,15.2,4.6,15.8],"texture":"#4"}}},{"from":[7.375,-0.625,7.375],"to":[8.625,0.625,8.625],"rotation":{"angle":-45,"axis":"x","origin":[8,0,8]},"faces":{"north":{"uv":[10.4,11.2,11.4,12.2],"texture":"#4"},"east":{"uv":[12,0,13,1],"texture":"#4"},"south":{"uv":[6.4,12,7.4,13],"texture":"#4"},"west":{"uv":[8,12,9,13],"texture":"#4"},"up":{"uv":[13,12.2,12,11.2],"texture":"#4"},"down":{"uv":[1,12.8,0,13.8],"texture":"#4"}}},{"from":[7.5,-1.10978,6.42926],"to":[8.5,0.89022,7.42926],"rotation":{"angle":-22.5,"axis":"x","origin":[8,-0.13478,6.17926]},"faces":{"north":{"uv":[6.4,8,7.2,9.6],"texture":"#4"},"east":{"uv":[10.4,8,11.2,9.6],"texture":"#4"},"south":{"uv":[10.4,9.6,11.2,11.2],"texture":"#4"},"west":{"uv":[11.2,0,12,1.6],"texture":"#4"},"up":{"uv":[5.6,15.2,4.8,14.4],"texture":"#4"},"down":{"uv":[15.2,4.8,14.4,5.6],"texture":"#4"}}},{"from":[7.5,-1.10978,8.57074],"to":[8.5,0.89022,9.57074],"rotation":{"angle":22.5,"axis":"x","origin":[8,-0.13478,9.82074]},"faces":{"north":{"uv":[11.2,9.6,10.4,11.2],"texture":"#4"},"east":{"uv":[11.2,8,10.4,9.6],"texture":"#4"},"south":{"uv":[7.2,8,6.4,9.6],"texture":"#4"},"west":{"uv":[12,0,11.2,1.6],"texture":"#4"},"up":{"uv":[5.6,14.4,4.8,15.2],"texture":"#4"},"down":{"uv":[15.2,5.6,14.4,4.8],"texture":"#4"}}},{"from":[7.3,22.11351,5.00971],"to":[8.7,25.11351,6.00971],"rotation":{"angle":-45,"axis":"x","origin":[8,23.91351,5.40971]},"faces":{"north":{"uv":[8.8,0,10,2.4],"texture":"#4"},"east":{"uv":[10.4,3.2,11.2,5.6],"texture":"#4"},"south":{"uv":[8.8,2.4,10,4.8],"texture":"#4"},"west":{"uv":[10.4,5.6,11.2,8],"texture":"#4"},"up":{"uv":[4.4,13.6,3.2,12.8],"texture":"#4"},"down":{"uv":[14,3.2,12.8,4],"texture":"#4"}}},{"from":[7.55,22.52931,4.44784],"to":[8.45,26.02931,5.94784],"rotation":{"angle":-22.5,"axis":"x","origin":[8,23.32931,5.34784]},"faces":{"north":{"uv":[9.6,9.6,10.4,12.4],"texture":"#4"},"east":{"uv":[3.2,8,4.4,10.8],"texture":"#4"},"south":{"uv":[10.4,0,11.2,2.8],"texture":"#4"},"west":{"uv":[4.8,8,6,10.8],"texture":"#4"},"up":{"uv":[13.6,5.2,12.8,4],"texture":"#4"},"down":{"uv":[5.6,12.8,4.8,14],"texture":"#4"}}},{"from":[7.3,22.11351,9.99029],"to":[8.7,25.11351,10.99029],"rotation":{"angle":45,"axis":"x","origin":[8,23.91351,10.59029]},"faces":{"north":{"uv":[10,2.4,8.8,4.8],"texture":"#4"},"east":{"uv":[11.2,3.2,10.4,5.6],"texture":"#4"},"south":{"uv":[10,0,8.8,2.4],"texture":"#4"},"west":{"uv":[11.2,5.6,10.4,8],"texture":"#4"},"up":{"uv":[4.4,12.8,3.2,13.6],"texture":"#4"},"down":{"uv":[14,4,12.8,3.2],"texture":"#4"}}},{"from":[7.55,22.52931,10.05216],"to":[8.45,26.02931,11.55216],"rotation":{"angle":22.5,"axis":"x","origin":[8,23.32931,10.65216]},"faces":{"north":{"uv":[11.2,0,10.4,2.8],"texture":"#4"},"east":{"uv":[4.4,8,3.2,10.8],"texture":"#4"},"south":{"uv":[10.4,9.6,9.6,12.4],"texture":"#4"},"west":{"uv":[6,8,4.8,10.8],"texture":"#4"},"up":{"uv":[13.6,4,12.8,5.2],"texture":"#4"},"down":{"uv":[5.6,14,4.8,12.8],"texture":"#4"}}},{"from":[7.25,22.57855,6.7625],"to":[8.75,25.07855,7.2625],"rotation":{"angle":0,"axis":"y","origin":[7,21.07855,6.7625]},"faces":{"north":{"uv":[8.8,4.8,10,6.8],"texture":"#4"},"east":{"uv":[5.6,12.8,6,14.8],"texture":"#4"},"south":{"uv":[8.8,7.2,10,9.2],"texture":"#4"},"west":{"uv":[12.8,5.6,13.2,7.6],"texture":"#4"}}},{"from":[7.25,24.68211,7.21961],"to":[8.75,25.93211,7.71961],"rotation":{"angle":45,"axis":"x","origin":[8,25.43211,7.46961]},"faces":{"north":{"uv":[11.2,1.6,12.4,2.6],"texture":"#4"},"east":{"uv":[8,14.4,8.4,15.4],"texture":"#4"},"south":{"uv":[3.2,11.2,4.4,12.2],"texture":"#4"},"west":{"uv":[14.4,8,14.8,9],"texture":"#4"}}},{"from":[7.25,25.93211,7.21961],"to":[8.75,26.43211,7.71961],"rotation":{"angle":45,"axis":"x","origin":[8,25.43211,7.46961]},"faces":{"north":{"uv":[14.4,5.6,15.6,6],"texture":"#4"},"east":{"uv":[15.2,4,15.6,4.4],"texture":"#4"},"west":{"uv":[4.8,15.2,5.2,15.6],"texture":"#4"},"up":{"uv":[7.6,14.8,6.4,14.4],"texture":"#4"}}},{"from":[7.25,21.66434,7.21973],"to":[8.75,22.16434,7.71973],"rotation":{"angle":45,"axis":"x","origin":[8,21.16434,7.46973]},"faces":{"east":{"uv":[15.2,4.8,15.6,5.2],"texture":"#4"},"south":{"uv":[14.4,6.4,15.6,6.8],"texture":"#4"},"west":{"uv":[5.6,15.2,6,15.6],"texture":"#4"},"down":{"uv":[15.6,7.2,14.4,7.6],"texture":"#4"}}},{"from":[7.25,24.68211,8.28039],"to":[8.75,25.93211,8.78039],"rotation":{"angle":-45,"axis":"x","origin":[8,25.43211,8.53039]},"faces":{"north":{"uv":[11.2,3.2,12.4,4.2],"texture":"#4"},"east":{"uv":[8.8,14.4,9.2,15.4],"texture":"#4"},"south":{"uv":[4.8,11.2,6,12.2],"texture":"#4"},"west":{"uv":[14.4,9.6,14.8,10.6],"texture":"#4"}}},{"from":[7.25,21.725,8.28039],"to":[8.75,22.975,8.78039],"rotation":{"angle":45,"axis":"x","origin":[8,22.225,8.53039]},"faces":{"north":{"uv":[11.2,4.8,12.4,5.8],"texture":"#4"},"east":{"uv":[10.4,14.4,10.8,15.4],"texture":"#4"},"south":{"uv":[11.2,6.4,12.4,7.4],"texture":"#4"},"west":{"uv":[11.2,14.4,11.6,15.4],"texture":"#4"}}},{"from":[7.25,21.725,7.21961],"to":[8.75,22.975,7.71961],"rotation":{"angle":-45,"axis":"x","origin":[8,22.225,7.46961]},"faces":{"north":{"uv":[11.2,8,12.4,9],"texture":"#4"},"east":{"uv":[14.4,11.2,14.8,12.2],"texture":"#4"},"south":{"uv":[11.2,9.6,12.4,10.6],"texture":"#4"},"west":{"uv":[12,14.4,12.4,15.4],"texture":"#4"}}},{"from":[7.25,22.57855,8.7375],"to":[8.75,25.07855,9.2375],"rotation":{"angle":0,"axis":"y","origin":[7,21.07855,9.2375]},"faces":{"north":{"uv":[6.4,9.6,7.6,11.6],"texture":"#4"},"east":{"uv":[12.8,8,13.2,10],"texture":"#4"},"south":{"uv":[8,9.6,9.2,11.6],"texture":"#4"},"west":{"uv":[9.6,12.8,10,14.8],"texture":"#4"}}},{"from":[7.975,22.4,3.625],"to":[8.025,32,12.375],"rotation":{"angle":0,"axis":"y","origin":[7.975,0,5.375]},"faces":{"east":{"uv":[7,0,0,7.6],"texture":"#4"},"west":{"uv":[0,0,7,7.6],"texture":"#4"}}},{"from":[7.35,15,7.35],"to":[8.65,21,8.65],"rotation":{"angle":0,"axis":"y","origin":[7.5,4,6.5]},"faces":{"north":{"uv":[7.2,0,8.2,4.8],"texture":"#4"},"east":{"uv":[7.2,4.8,8.2,9.6],"texture":"#4"},"south":{"uv":[0,8,1,12.8],"texture":"#4"},"west":{"uv":[1.6,8,2.6,12.8],"texture":"#4"},"up":{"uv":[2.6,13.8,1.6,12.8],"texture":"#4"},"down":{"uv":[13.8,1.6,12.8,2.6],"texture":"#4"}}},{"from":[7.35,4.5,7.35],"to":[8.65,10.5,8.65],"rotation":{"angle":0,"axis":"y","origin":[7.5,4,6.5]},"faces":{"north":{"uv":[7.2,0,8.2,4.8],"texture":"#4"},"east":{"uv":[7.2,4.8,8.2,9.6],"texture":"#4"},"south":{"uv":[0,8,1,12.8],"texture":"#4"},"west":{"uv":[1.6,8,2.6,12.8],"texture":"#4"},"up":{"uv":[2.6,13.8,1.6,12.8],"texture":"#4"},"down":{"uv":[13.8,1.6,12.8,2.6],"texture":"#4"}}},{"from":[7,20.5,4.5],"to":[7,27.5,11.5],"rotation":{"angle":0,"axis":"y","origin":[7,29.5,4.5]},"faces":{"west":{"uv":[0,0,14,14.5],"texture":"#3"}}},{"from":[7.4,22.02322,7.25],"to":[7.4,25.64822,8.75],"rotation":{"angle":0,"axis":"y","origin":[7.5,31.14822,6.5]},"faces":{"west":{"uv":[0,0,6,15],"texture":"#2"}}},{"from":[8.6,22.02322,7.25],"to":[8.6,25.64822,8.75],"rotation":{"angle":0,"axis":"y","origin":[8.5,31.14822,6.5]},"faces":{"east":{"uv":[0,0,6,15],"texture":"#2"}}},{"from":[9,20.5,4.5],"to":[9,27.5,11.5],"rotation":{"angle":0,"axis":"y","origin":[9,29.5,4.5]},"faces":{"east":{"uv":[0,0,14,14.5],"texture":"#3"}}}],"gui_light":"front","display":{"thirdperson_righthand":{"translation":[0,-6.75,1]},"thirdperson_lefthand":{"translation":[0,-6.75,1]},"firstperson_righthand":{"rotation":[-10,0,0],"translation":[0,-4.75,1]},"firstperson_lefthand":{"rotation":[-10,0,0],"translation":[0,-4.75,1]},"ground":{"rotation":[45,0,0],"translation":[0,12.25,-4.25]},"gui":{"rotation":[90,-45,90],"translation":[3.75,-3.75,0],"scale":[0.73828,0.73828,0.73828]},"head":{"rotation":[0,90,0],"translation":[0,-2,0],"scale":[1.5,1.5,1.5]},"fixed":{"rotation":[-90,90,90],"translation":[0,-9.75,-1.25],"scale":[1.5,1.5,1.5]}}}