{"credit":"MadewithBlockbench","texture_size":[96,96],"textures":{"0":"pandaset:backpack","particle":"pandaset:backpack"},"elements":[{"from":[0.56,-3.13,8.75],"to":[15.44,9.75,15.63],"rotation":{"angle":0,"axis":"y","origin":[8,8,8]},"faces":{"north":{"uv":[4.5,6,7,8.16667],"texture":"#0"},"east":{"uv":[0,9.83333,1.16667,12],"texture":"#0"},"south":{"uv":[7,6,9.5,8.16667],"texture":"#0"},"west":{"uv":[3.33333,9.83333,4.5,12],"texture":"#0"},"up":{"uv":[12,8.16667,9.5,7],"texture":"#0"},"down":{"uv":[10.16667,9.66667,7.66667,10.83333],"texture":"#0"}}},{"from":[1.56,9.75,8.75],"to":[14.44,18.63,14.63],"rotation":{"angle":0,"axis":"y","origin":[8,8,8]},"faces":{"north":{"uv":[7.66667,8.16667,9.83333,9.66667],"texture":"#0"},"east":{"uv":[10.66667,1.5,11.66667,3],"texture":"#0"},"south":{"uv":[9.5,5.5,11.66667,7],"texture":"#0"},"west":{"uv":[10.66667,10.66667,11.66667,12.16667],"texture":"#0"},"up":{"uv":[6.66667,10.83333,4.5,9.83333],"texture":"#0"},"down":{"uv":[12,8.16667,9.83333,9.16667],"texture":"#0"}}},{"from":[-0.44,-3.205,-1.13],"to":[16.44,6.75,11.75],"rotation":{"angle":0,"axis":"y","origin":[8,8,8]},"faces":{"north":{"uv":[7.83333,0,10.66667,1.66667],"texture":"#0"},"east":{"uv":[3.33333,8.16667,5.5,9.83333],"texture":"#0"},"south":{"uv":[7.83333,1.66667,10.66667,3.33333],"texture":"#0"},"west":{"uv":[5.5,8.16667,7.66667,9.83333],"texture":"#0"},"up":{"uv":[7.83333,2.16667,5,0],"texture":"#0"},"down":{"uv":[4.5,6,1.66667,8.16667],"texture":"#0"}}},{"from":[-4.32,-2.13,-0.13],"to":[-0.44,6.75,7.75],"rotation":{"angle":0,"axis":"y","origin":[14.62,8.31,7.81]},"faces":{"north":{"uv":[4.5,10.83333,5.16667,12.33333],"texture":"#0"},"east":{"uv":[10.16667,3.33333,11.5,4.83333],"texture":"#0"},"south":{"uv":[5.16667,10.83333,5.83333,12.33333],"texture":"#0"},"west":{"uv":[10.16667,9.16667,11.5,10.66667],"texture":"#0"},"up":{"uv":[9,12.16667,8.33333,10.83333],"texture":"#0"},"down":{"uv":[9.66667,10.83333,9,12.16667],"texture":"#0"}}},{"from":[16.44,-2.13,-0.13],"to":[20.32,6.75,7.75],"rotation":{"angle":0,"axis":"y","origin":[1.38,8.31,7.81]},"faces":{"north":{"uv":[5.83333,10.83333,6.5,12.33333],"texture":"#0"},"east":{"uv":[1.16667,10.33333,2.5,11.83333],"texture":"#0"},"south":{"uv":[7.66667,10.83333,8.33333,12.33333],"texture":"#0"},"west":{"uv":[10.66667,0,12,1.5],"texture":"#0"},"up":{"uv":[12.16667,4.33333,11.5,3],"texture":"#0"},"down":{"uv":[12.16667,9.16667,11.5,10.5],"texture":"#0"}}},{"from":[-0.44,6.75,-1.13],"to":[16.44,19.63,8.75],"rotation":{"angle":0,"axis":"y","origin":[8,8,8]},"faces":{"north":{"uv":[1.66667,3.83333,4.5,6],"texture":"#0"},"east":{"uv":[0,7.66667,1.66667,9.83333],"texture":"#0"},"south":{"uv":[4.5,3.83333,7.33333,6],"texture":"#0"},"west":{"uv":[1.66667,8.16667,3.33333,10.33333],"texture":"#0"},"up":{"uv":[7.83333,3.83333,5,2.16667],"texture":"#0"},"down":{"uv":[10.16667,3.83333,7.33333,5.5],"texture":"#0"}}},{"from":[12.56,-3.15,-8.96],"to":[15.44,-3.15,0.92],"rotation":{"angle":0,"axis":"y","origin":[8,8,12.12]},"faces":{"north":{"uv":[2.5,10.33333,3,14.16667],"texture":"#0"},"east":{"uv":[3.33333,0,5,3.83333],"texture":"#0"},"south":{"uv":[3,10.33333,2.5,14.16667],"texture":"#0"},"west":{"uv":[0,3.83333,1.66667,7.66667],"texture":"#0"},"up":{"uv":[12.16667,12.16667,11.66667,10.5],"texture":"#0"},"down":{"uv":[12.16667,10.5,11.66667,12.16667],"texture":"#0"}}},{"from":[12.56,19.63,-8.96],"to":[15.44,19.63,0.92],"rotation":{"angle":0,"axis":"y","origin":[8,8,12.12]},"faces":{"north":{"uv":[2.5,10.33333,3,14.16667],"texture":"#0"},"east":{"uv":[3.33333,0,5,3.83333],"texture":"#0"},"south":{"uv":[3,10.33333,2.5,14.16667],"texture":"#0"},"west":{"uv":[0,3.83333,1.66667,7.66667],"texture":"#0"},"up":{"uv":[12.16667,12.16667,11.66667,10.5],"texture":"#0"},"down":{"uv":[12.16667,10.5,11.66667,12.16667],"texture":"#0"}}},{"from":[12.56,-3.15,-8.96],"to":[15.44,19.63,-8.96],"rotation":{"angle":0,"axis":"y","origin":[8,8,12.12]},"faces":{"north":{"uv":[2.5,10.33333,3,14.16667],"texture":"#0"},"east":{"uv":[3.33333,0,5,3.83333],"texture":"#0"},"south":{"uv":[3,10.33333,2.5,14.16667],"texture":"#0"},"west":{"uv":[0,3.83333,1.66667,7.66667],"texture":"#0"},"up":{"uv":[12.16667,12.16667,11.66667,10.5],"texture":"#0"},"down":{"uv":[12.16667,10.5,11.66667,12.16667],"texture":"#0"}}},{"from":[12.56,-3.15,-1.18],"to":[15.44,19.63,-1.18],"rotation":{"angle":0,"axis":"y","origin":[8,8,12.12]},"faces":{"north":{"uv":[2.5,10.33333,3,14.16667],"texture":"#0"},"east":{"uv":[3.33333,0,5,3.83333],"texture":"#0"},"south":{"uv":[3,10.33333,2.5,14.16667],"texture":"#0"},"west":{"uv":[0,3.83333,1.66667,7.66667],"texture":"#0"},"up":{"uv":[12.16667,12.16667,11.66667,10.5],"texture":"#0"},"down":{"uv":[12.16667,10.5,11.66667,12.16667],"texture":"#0"}}},{"from":[0.56,-3.15,-1.18],"to":[3.44,19.63,-1.18],"rotation":{"angle":0,"axis":"y","origin":[8,8,12.12]},"faces":{"north":{"uv":[3,10.33333,2.5,14.16667],"texture":"#0"},"east":{"uv":[1.66667,3.83333,0,7.66667],"texture":"#0"},"south":{"uv":[2.5,10.33333,3,14.16667],"texture":"#0"},"west":{"uv":[5,0,3.33333,3.83333],"texture":"#0"},"up":{"uv":[11.66667,12.16667,12.16667,10.5],"texture":"#0"},"down":{"uv":[11.66667,10.5,12.16667,12.16667],"texture":"#0"}}},{"from":[0.56,19.63,-8.96],"to":[3.44,19.63,0.92],"rotation":{"angle":0,"axis":"y","origin":[8,8,12.12]},"faces":{"north":{"uv":[3,10.33333,2.5,14.16667],"texture":"#0"},"east":{"uv":[1.66667,3.83333,0,7.66667],"texture":"#0"},"south":{"uv":[2.5,10.33333,3,14.16667],"texture":"#0"},"west":{"uv":[5,0,3.33333,3.83333],"texture":"#0"},"up":{"uv":[11.66667,12.16667,12.16667,10.5],"texture":"#0"},"down":{"uv":[11.66667,10.5,12.16667,12.16667],"texture":"#0"}}},{"from":[0.56,-3.15,-8.96],"to":[3.44,19.63,-8.96],"rotation":{"angle":0,"axis":"y","origin":[8,8,12.12]},"faces":{"north":{"uv":[3,10.33333,2.5,14.16667],"texture":"#0"},"east":{"uv":[1.66667,3.83333,0,7.66667],"texture":"#0"},"south":{"uv":[2.5,10.33333,3,14.16667],"texture":"#0"},"west":{"uv":[5,0,3.33333,3.83333],"texture":"#0"},"up":{"uv":[11.66667,12.16667,12.16667,10.5],"texture":"#0"},"down":{"uv":[11.66667,10.5,12.16667,12.16667],"texture":"#0"}}},{"from":[0.56,-3.15,-8.96],"to":[3.44,-3.15,0.92],"rotation":{"angle":0,"axis":"y","origin":[8,8,12.12]},"faces":{"north":{"uv":[3,10.33333,2.5,14.16667],"texture":"#0"},"east":{"uv":[1.66667,3.83333,0,7.66667],"texture":"#0"},"south":{"uv":[2.5,10.33333,3,14.16667],"texture":"#0"},"west":{"uv":[5,0,3.33333,3.83333],"texture":"#0"},"up":{"uv":[11.66667,12.16667,12.16667,10.5],"texture":"#0"},"down":{"uv":[11.66667,10.5,12.16667,12.16667],"texture":"#0"}}}],"gui_light":"front","display":{"thirdperson_righthand":{"rotation":[25,180,0],"translation":[0,0.5,-1],"scale":[0.25,0.25,0.25]},"thirdperson_lefthand":{"rotation":[68.91,0.78,-0.01],"translation":[-6.25,-9.75,9],"scale":[0.56,0.56,0.56]},"firstperson_righthand":{"translation":[11.25,0,0.5],"scale":[0.43,0.43,0.43]},"firstperson_lefthand":{"scale":[0,0,0]},"ground":{"scale":[0.25,0.25,0.25]},"gui":{"rotation":[25,40,0],"translation":[1.5,-0.75,0],"scale":[0.47,0.47,0.47]},"head":{"scale":[0,0,0]},"fixed":{"rotation":[164.25,0,-180],"translation":[0,-1.25,-7.75],"scale":[0.63,0.63,0.63]}}}