{"credit":"MadewithBlockbench","texture_size":[80,80],"textures":{"1":"pandaset:bow","particle":"pandaset:bow"},"elements":[{"from":[6.04678,5.89059,-3.90076],"to":[9.84678,7.79059,-0.10076],"rotation":{"angle":0,"axis":"y","origin":[8,17,-2]},"faces":{"north":{"uv":[12,2.6,12.8,3],"texture":"#1"},"east":{"uv":[12.2,0.6,13,1],"texture":"#1"},"south":{"uv":[11.4,12.6,12.2,13],"texture":"#1"},"west":{"uv":[12.8,1,13.6,1.4],"texture":"#1"},"up":{"uv":[12.2,6.2,11.4,5.4],"texture":"#1"},"down":{"uv":[12.2,8.6,11.4,9.4],"texture":"#1"}}},{"from":[6.42678,3.55059,-3.52076],"to":[9.46678,9.63059,-0.48076],"rotation":{"angle":0,"axis":"y","origin":[8,17,-2]},"faces":{"north":{"uv":[11.4,4.2,12,5.4],"texture":"#1"},"east":{"uv":[11.4,7.4,12,8.6],"texture":"#1"},"south":{"uv":[9.6,11.4,10.2,12.6],"texture":"#1"},"west":{"uv":[10.2,11.4,10.8,12.6],"texture":"#1"},"up":{"uv":[3.8,13.2,3.2,12.6],"texture":"#1"},"down":{"uv":[5,12.6,4.4,13.2],"texture":"#1"}}},{"from":[6.04678,1.03059,-3.90076],"to":[9.84678,4.07059,-0.10076],"rotation":{"angle":0,"axis":"y","origin":[8,16,-2]},"faces":{"north":{"uv":[4.4,12,5.2,12.6],"texture":"#1"},"east":{"uv":[5.2,12,6,12.6],"texture":"#1"},"south":{"uv":[6,12,6.8,12.6],"texture":"#1"},"west":{"uv":[6.8,12,7.6,12.6],"texture":"#1"},"up":{"uv":[11.6,12.2,10.8,11.4],"texture":"#1"},"down":{"uv":[12.4,9.4,11.6,10.2],"texture":"#1"}}},{"from":[6.19878,2.9916,-15.00948],"to":[9.69478,6.7916,-11.20948],"rotation":{"angle":-45,"axis":"x","origin":[8,16,-2]},"faces":{"north":{"uv":[3.2,11.8,3.8,12.6],"texture":"#1"},"east":{"uv":[11.6,10.2,12.4,11],"texture":"#1"},"south":{"uv":[12,7.4,12.6,8.2],"texture":"#1"},"west":{"uv":[11.6,11,12.4,11.8],"texture":"#1"},"up":{"uv":[8.2,12.8,7.6,12],"texture":"#1"},"down":{"uv":[8.8,12,8.2,12.8],"texture":"#1"}}},{"from":[6.19878,6.4084,-15.00948],"to":[9.69478,10.2084,-11.20948],"rotation":{"angle":45,"axis":"x","origin":[8,-2.8,-2]},"faces":{"north":{"uv":[12.2,8.2,12.8,9],"texture":"#1"},"east":{"uv":[1.6,11.8,2.4,12.6],"texture":"#1"},"south":{"uv":[10.8,12.2,11.4,13],"texture":"#1"},"west":{"uv":[2.4,11.8,3.2,12.6],"texture":"#1"},"up":{"uv":[13,9.8,12.4,9],"texture":"#1"},"down":{"uv":[13,9.8,12.4,10.6],"texture":"#1"}}},{"from":[6.04678,9.12941,-3.90076],"to":[9.84678,12.16941,-0.10076],"rotation":{"angle":0,"axis":"y","origin":[8,-2.8,-2]},"faces":{"north":{"uv":[8.8,12,9.6,12.6],"texture":"#1"},"east":{"uv":[12.2,0,13,0.6],"texture":"#1"},"south":{"uv":[12.2,5,13,5.6],"texture":"#1"},"west":{"uv":[12.2,5.6,13,6.2],"texture":"#1"},"up":{"uv":[0.8,12.6,0,11.8],"texture":"#1"},"down":{"uv":[1.6,11.8,0.8,12.6],"texture":"#1"}}},{"from":[5.0816,17.55832,-3.45262],"to":[10.9184,23.03032,3.23538],"rotation":{"angle":22.5,"axis":"x","origin":[8,19.54952,-4.73262]},"faces":{"north":{"uv":[10.8,2,12,3],"texture":"#1"},"east":{"uv":[0,10.8,1.4,11.8],"texture":"#1"},"south":{"uv":[2.6,10.8,3.8,11.8],"texture":"#1"},"west":{"uv":[10.8,0,12.2,1],"texture":"#1"},"up":{"uv":[3.6,10.8,2.4,9.4],"texture":"#1"},"down":{"uv":[4.8,9.4,3.6,10.8],"texture":"#1"}}},{"from":[6.2216,17.55832,-4.06062],"to":[9.7784,19.99032,-3.45262],"rotation":{"angle":22.5,"axis":"x","origin":[8,19.54952,-4.73262]},"faces":{"north":{"uv":[12.8,2.2,13.6,2.6],"texture":"#1"},"east":{"uv":[12.8,8.4,13,8.8],"texture":"#1"},"south":{"uv":[12.8,2.6,13.6,3],"texture":"#1"},"west":{"uv":[13,0,13.2,0.4],"texture":"#1"},"up":{"uv":[13.6,5,12.8,4.8],"texture":"#1"},"down":{"uv":[13.6,6.2,12.8,6.4],"texture":"#1"}}},{"from":[5.0816,23.03032,-3.45262],"to":[7.2704,25.21912,-1.99342],"rotation":{"angle":22.5,"axis":"x","origin":[8,19.54952,-4.73262]},"faces":{"north":{"uv":[12.8,3.6,13.2,4],"texture":"#1"},"east":{"uv":[12.2,12.6,12.4,13],"texture":"#1"},"south":{"uv":[3.8,12.8,4.2,13.2],"texture":"#1"},"west":{"uv":[4.2,12.8,4.4,13.2],"texture":"#1"},"up":{"uv":[13.2,7.4,12.8,7.2],"texture":"#1"},"down":{"uv":[8,12.8,7.6,13],"texture":"#1"}}},{"from":[8.7296,23.03032,-3.45262],"to":[10.9184,25.21912,-1.99342],"rotation":{"angle":22.5,"axis":"x","origin":[8,19.54952,-4.73262]},"faces":{"north":{"uv":[12.8,4,13.2,4.4],"texture":"#1"},"east":{"uv":[8,12.8,8.2,13.2],"texture":"#1"},"south":{"uv":[12.8,4.4,13.2,4.8],"texture":"#1"},"west":{"uv":[8.2,12.8,8.4,13.2],"texture":"#1"},"up":{"uv":[13.2,8.4,12.8,8.2],"texture":"#1"},"down":{"uv":[8.8,12.8,8.4,13],"texture":"#1"}}},{"from":[5.0816,-8.79146,-4.18325],"to":[10.9184,-3.31946,2.50475],"rotation":{"angle":-22.5,"axis":"x","origin":[8,-3.41857,-1.33181]},"faces":{"north":{"uv":[10.8,1,12,2],"texture":"#1"},"east":{"uv":[9.6,9.4,11,10.4],"texture":"#1"},"south":{"uv":[1.4,10.8,2.6,11.8],"texture":"#1"},"west":{"uv":[9.6,10.4,11,11.4],"texture":"#1"},"up":{"uv":[1.2,10.8,0,9.4],"texture":"#1"},"down":{"uv":[2.4,9.4,1.2,10.8],"texture":"#1"}}},{"from":[6.2216,-8.79146,-4.79125],"to":[9.7784,-6.35946,-4.18325],"rotation":{"angle":-22.5,"axis":"x","origin":[8,-3.41857,-1.33181]},"faces":{"north":{"uv":[12.8,1.4,13.6,1.8],"texture":"#1"},"east":{"uv":[7.4,12.6,7.6,13],"texture":"#1"},"south":{"uv":[12.8,1.8,13.6,2.2],"texture":"#1"},"west":{"uv":[10.6,12.6,10.8,13],"texture":"#1"},"up":{"uv":[13.4,8.2,12.6,8],"texture":"#1"},"down":{"uv":[13.6,3.4,12.8,3.6],"texture":"#1"}}},{"from":[8.7296,-3.31946,-4.18325],"to":[10.9184,-1.13066,-2.72405],"rotation":{"angle":-22.5,"axis":"x","origin":[8,-3.41857,-1.33181]},"faces":{"north":{"uv":[4.4,11.6,4.8,12],"texture":"#1"},"east":{"uv":[12.2,9,12.4,9.4],"texture":"#1"},"south":{"uv":[12.8,3,13.2,3.4],"texture":"#1"},"west":{"uv":[11.4,12.2,11.6,12.6],"texture":"#1"},"up":{"uv":[13.2,7,12.8,6.8],"texture":"#1"},"down":{"uv":[13.2,7,12.8,7.2],"texture":"#1"}}},{"from":[5.0816,-3.31946,-4.18325],"to":[7.2704,-1.13066,-2.72405],"rotation":{"angle":-22.5,"axis":"x","origin":[8,-3.41857,-1.33181]},"faces":{"north":{"uv":[4.4,10.8,4.8,11.2],"texture":"#1"},"east":{"uv":[12,5,12.2,5.4],"texture":"#1"},"south":{"uv":[4.4,11.2,4.8,11.6],"texture":"#1"},"west":{"uv":[12,8.2,12.2,8.6],"texture":"#1"},"up":{"uv":[13.2,6.6,12.8,6.4],"texture":"#1"},"down":{"uv":[13.2,6.6,12.8,6.8],"texture":"#1"}}},{"from":[6.70618,-5.41779,1.44164],"to":[9.29382,7.36349,4.0986],"rotation":{"angle":-22.5,"axis":"x","origin":[7.97339,-9.06953,17.53468]},"faces":{"north":{"uv":[4.8,9.4,5.4,12],"texture":"#1"},"east":{"uv":[5.4,9.4,6,12],"texture":"#1"},"south":{"uv":[6,9.4,6.6,12],"texture":"#1"},"west":{"uv":[6.6,9.4,7.2,12],"texture":"#1"},"up":{"uv":[5.6,13.2,5,12.6],"texture":"#1"},"down":{"uv":[6.2,12.6,5.6,13.2],"texture":"#1"}}},{"from":[6.04678,-6.76941,0.99924],"to":[9.84678,-3.45441,4.79924],"rotation":{"angle":-22.5,"axis":"x","origin":[7.97339,-9.06953,17.53468]},"faces":{"north":{"uv":[12.4,10.6,13.2,11.2],"texture":"#1"},"east":{"uv":[12.4,11.2,13.2,11.8],"texture":"#1"},"south":{"uv":[12.4,11.8,13.2,12.4],"texture":"#1"},"west":{"uv":[12.4,12.4,13.2,13],"texture":"#1"},"up":{"uv":[12.4,12.6,11.6,11.8],"texture":"#1"},"down":{"uv":[12.8,1,12,1.8],"texture":"#1"}}},{"from":[6.04678,16.35441,0.99924],"to":[9.84678,19.66941,4.79924],"rotation":{"angle":22.5,"axis":"x","origin":[7.97339,21.96953,17.53468]},"faces":{"north":{"uv":[0,12.6,0.8,13.2],"texture":"#1"},"east":{"uv":[0.8,12.6,1.6,13.2],"texture":"#1"},"south":{"uv":[1.6,12.6,2.4,13.2],"texture":"#1"},"west":{"uv":[2.4,12.6,3.2,13.2],"texture":"#1"},"up":{"uv":[12.8,2.6,12,1.8],"texture":"#1"},"down":{"uv":[12.8,4.2,12,5],"texture":"#1"}}},{"from":[6.70618,5.53651,1.44164],"to":[9.29382,18.31779,4.0986],"rotation":{"angle":22.5,"axis":"x","origin":[7.97339,21.96953,17.53468]},"faces":{"north":{"uv":[7.2,9.4,7.8,12],"texture":"#1"},"east":{"uv":[7.8,9.4,8.4,12],"texture":"#1"},"south":{"uv":[8.4,9.4,9,12],"texture":"#1"},"west":{"uv":[9,9.4,9.6,12],"texture":"#1"},"up":{"uv":[13.2,8,12.6,7.4],"texture":"#1"},"down":{"uv":[9.4,12.6,8.8,13.2],"texture":"#1"}}},{"from":[6.70618,24.84674,1.57235],"to":[9.29382,27.5037,11.55364],"rotation":{"angle":-22.5,"axis":"x","origin":[8,26.17522,6.563]},"faces":{"north":{"uv":[6.2,12.6,6.8,13.2],"texture":"#1"},"east":{"uv":[10.8,3,12.8,3.6],"texture":"#1"},"south":{"uv":[6.8,12.6,7.4,13.2],"texture":"#1"},"west":{"uv":[10.8,3.6,12.8,4.2],"texture":"#1"},"up":{"uv":[4.4,12.8,3.8,10.8],"texture":"#1"},"down":{"uv":[11.4,4.2,10.8,6.2],"texture":"#1"}}},{"from":[6.70618,-14.6037,1.57235],"to":[9.29382,-11.94674,11.55364],"rotation":{"angle":22.5,"axis":"x","origin":[8,-13.27522,6.563]},"faces":{"north":{"uv":[9.4,12.6,10,13.2],"texture":"#1"},"east":{"uv":[10.8,6.2,12.8,6.8],"texture":"#1"},"south":{"uv":[10,12.6,10.6,13.2],"texture":"#1"},"west":{"uv":[10.8,6.8,12.8,7.4],"texture":"#1"},"up":{"uv":[11.4,9.4,10.8,7.4],"texture":"#1"},"down":{"uv":[11.6,9.4,11,11.4],"texture":"#1"}}},{"from":[8,-15.58293,4.61726],"to":[8,31.58293,31.38274],"rotation":{"angle":0,"axis":"y","origin":[8,8,8]},"faces":{"north":{"uv":[0,0,0,9.4],"texture":"#1"},"east":{"uv":[0,0,5.4,9.4],"texture":"#1"},"south":{"uv":[0,0,0,9.4],"texture":"#1"},"west":{"uv":[5.4,0,10.8,9.4],"texture":"#1"},"up":{"uv":[0,5.4,0,0],"texture":"#1"},"down":{"uv":[0,0,0,5.4],"texture":"#1"}}}],"gui_light":"front","display":{"thirdperson_righthand":{"translation":[0,-1.25,4.75],"scale":[0.45,0.45,0.45]},"thirdperson_lefthand":{"translation":[0,-1.25,4.75],"scale":[0.45,0.45,0.45]},"firstperson_righthand":{"translation":[0.5,4.25,5.25],"scale":[0.83,0.83,0.83]},"firstperson_lefthand":{"translation":[0.5,4.25,5.25],"scale":[0.83,0.83,0.83]},"ground":{"rotation":[0,0,39],"translation":[0,2.75,0],"scale":[0.25,0.25,0.25]},"gui":{"rotation":[112,44,-109],"translation":[0.5,0.5,-1.75],"scale":[0.41,0.41,0.41]},"head":{"scale":[0,0,0]},"fixed":{"rotation":[91,-49,92],"translation":[-0.75,0.5,-1.75],"scale":[0.44,0.44,0.44]}}}