{
	"credit": "Made with Blockbench",
	"texture_size": [96, 96],
	"textures": {
		"4": "pandaset:bow_1"
	},
	"elements": [
		{
			"from": [6.04678, 5.89059, -3.90076],
			"to": [9.84678, 7.79059, -0.10076],
			"rotation": {"angle": 0, "axis": "y", "origin": [8, 17, -2]},
			"faces": {
				"north": {"uv": [10.83333, 6.83333, 11.5, 7.16667], "texture": "#4"},
				"east": {"uv": [11, 7.16667, 11.66667, 7.5], "texture": "#4"},
				"south": {"uv": [11, 7.5, 11.66667, 7.83333], "texture": "#4"},
				"west": {"uv": [11, 7.83333, 11.66667, 8.16667], "texture": "#4"},
				"up": {"uv": [3.66667, 10.66667, 3, 10], "texture": "#4"},
				"down": {"uv": [10.66667, 3.16667, 10, 3.83333], "texture": "#4"}
			}
		},
		{
			"from": [7.22678, 6.08059, -14],
			"to": [8.66678, 7.60059, 11.51924],
			"rotation": {"angle": 0, "axis": "y", "origin": [7.98936, 14.96812, -3.40015]},
			"faces": {
				"north": {"uv": [11.16667, 3.5, 11.33333, 3.83333], "texture": "#4"},
				"east": {"uv": [0, 7.83333, 4.33333, 8.16667], "texture": "#4"},
				"south": {"uv": [4.16667, 11.16667, 4.33333, 11.5], "texture": "#4"},
				"west": {"uv": [4.33333, 7.83333, 8.66667, 8.16667], "texture": "#4"},
				"up": {"uv": [9.33333, 14.16667, 9.16667, 9.83333], "texture": "#4"},
				"down": {"uv": [9.5, 9.83333, 9.33333, 14.16667], "texture": "#4"}
			}
		},
		{
			"from": [6.42678, 3.55059, -3.52076],
			"to": [9.46678, 9.63059, -0.48076],
			"rotation": {"angle": 0, "axis": "y", "origin": [8, 17, -2]},
			"faces": {
				"north": {"uv": [9.5, 4.83333, 10, 5.83333], "texture": "#4"},
				"east": {"uv": [9.5, 9.83333, 10, 10.83333], "texture": "#4"},
				"south": {"uv": [10, 1, 10.5, 2], "texture": "#4"},
				"west": {"uv": [2.5, 10, 3, 11], "texture": "#4"},
				"up": {"uv": [2.5, 11.33333, 2, 10.83333], "texture": "#4"},
				"down": {"uv": [5.16667, 10.83333, 4.66667, 11.33333], "texture": "#4"}
			}
		},
		{
			"from": [6.04678, 1.03059, -3.90076],
			"to": [9.84678, 4.07059, -0.10076],
			"rotation": {"angle": 0, "axis": "y", "origin": [8, 16, -2]},
			"faces": {
				"north": {"uv": [10.33333, 7.16667, 11, 7.66667], "texture": "#4"},
				"east": {"uv": [10.33333, 7.66667, 11, 8.16667], "texture": "#4"},
				"south": {"uv": [10.33333, 8.16667, 11, 8.66667], "texture": "#4"},
				"west": {"uv": [10.33333, 8.66667, 11, 9.16667], "texture": "#4"},
				"up": {"uv": [10.66667, 4.5, 10, 3.83333], "texture": "#4"},
				"down": {"uv": [10.66667, 4.5, 10, 5.16667], "texture": "#4"}
			}
		},
		{
			"from": [6.19878, 2.9916, -15.00948],
			"to": [9.69478, 6.7916, -11.20948],
			"rotation": {"angle": -45, "axis": "x", "origin": [8, 16, -2]},
			"faces": {
				"north": {"uv": [3.66667, 10, 4.16667, 10.66667], "texture": "#4"},
				"east": {"uv": [9.5, 5.83333, 10.16667, 6.5], "texture": "#4"},
				"south": {"uv": [8.66667, 10, 9.16667, 10.66667], "texture": "#4"},
				"west": {"uv": [10, 2, 10.66667, 2.66667], "texture": "#4"},
				"up": {"uv": [7.83333, 10.83333, 7.33333, 10.16667], "texture": "#4"},
				"down": {"uv": [8.33333, 10.16667, 7.83333, 10.83333], "texture": "#4"}
			}
		},
		{
			"from": [6.19878, 6.4084, -15.00948],
			"to": [9.69478, 10.2084, -11.20948],
			"rotation": {"angle": 45, "axis": "x", "origin": [8, -2.8, -2]},
			"faces": {
				"north": {"uv": [10.66667, 2, 11.16667, 2.66667], "texture": "#4"},
				"east": {"uv": [4.66667, 10.16667, 5.33333, 10.83333], "texture": "#4"},
				"south": {"uv": [3, 10.66667, 3.5, 11.33333], "texture": "#4"},
				"west": {"uv": [5.33333, 10.16667, 6, 10.83333], "texture": "#4"},
				"up": {"uv": [11.16667, 3.83333, 10.66667, 3.16667], "texture": "#4"},
				"down": {"uv": [4, 10.66667, 3.5, 11.33333], "texture": "#4"}
			}
		},
		{
			"from": [8, 3.9, -15.9],
			"to": [8, 9.7, -8.1],
			"rotation": {"angle": 0, "axis": "y", "origin": [8, 8, 8]},
			"faces": {
				"north": {"uv": [0, 0, 0, 1], "texture": "#4"},
				"east": {"uv": [0, 8.16667, 1.33333, 9.16667], "texture": "#4"},
				"south": {"uv": [0, 0, 0, 1], "texture": "#4"},
				"west": {"uv": [1.33333, 8.16667, 2.66667, 9.16667], "texture": "#4"},
				"up": {"uv": [0, 1.33333, 0, 0], "texture": "#4"},
				"down": {"uv": [0, 0, 0, 1.33333], "texture": "#4"}
			}
		},
		{
			"from": [5.1, 6.8, -15.9],
			"to": [10.9, 6.8, -8.1],
			"rotation": {"angle": 0, "axis": "y", "origin": [8, 6.8, -12]},
			"faces": {
				"north": {"uv": [0, 0, 1, 0], "texture": "#4"},
				"east": {"uv": [0, 0, 1.33333, 0], "texture": "#4"},
				"south": {"uv": [0, 0, 1, 0], "texture": "#4"},
				"west": {"uv": [0, 0, 1.33333, 0], "texture": "#4"},
				"up": {"uv": [3.66667, 9.5, 2.66667, 8.16667], "texture": "#4"},
				"down": {"uv": [4.66667, 8.16667, 3.66667, 9.5], "texture": "#4"}
			}
		},
		{
			"from": [6.04678, 9.12941, -3.90076],
			"to": [9.84678, 12.16941, -0.10076],
			"rotation": {"angle": 0, "axis": "y", "origin": [8, -2.8, -2]},
			"faces": {
				"north": {"uv": [10.33333, 9.16667, 11, 9.66667], "texture": "#4"},
				"east": {"uv": [10.5, 1, 11.16667, 1.5], "texture": "#4"},
				"south": {"uv": [10.5, 1.5, 11.16667, 2], "texture": "#4"},
				"west": {"uv": [10, 10.5, 10.66667, 11], "texture": "#4"},
				"up": {"uv": [10.66667, 5.83333, 10, 5.16667], "texture": "#4"},
				"down": {"uv": [10.66667, 9.83333, 10, 10.5], "texture": "#4"}
			}
		},
		{
			"from": [5.0816, 17.55832, -3.45262],
			"to": [10.9184, 23.03032, 3.23538],
			"rotation": {"angle": 22.5, "axis": "x", "origin": [8, 19.54952, -4.73262]},
			"faces": {
				"north": {"uv": [6.66667, 9.33333, 7.66667, 10.16667], "texture": "#4"},
				"east": {"uv": [9.16667, 8.16667, 10.33333, 9], "texture": "#4"},
				"south": {"uv": [7.66667, 9.33333, 8.66667, 10.16667], "texture": "#4"},
				"west": {"uv": [9.16667, 9, 10.33333, 9.83333], "texture": "#4"},
				"up": {"uv": [7.66667, 9.33333, 6.66667, 8.16667], "texture": "#4"},
				"down": {"uv": [8.66667, 8.16667, 7.66667, 9.33333], "texture": "#4"}
			}
		},
		{
			"from": [6.2216, 17.55832, -4.06062],
			"to": [9.7784, 19.99032, -3.45262],
			"rotation": {"angle": 22.5, "axis": "x", "origin": [8, 19.54952, -4.73262]},
			"faces": {
				"north": {"uv": [11, 8.83333, 11.66667, 9.16667], "texture": "#4"},
				"east": {"uv": [11.16667, 2.83333, 11.33333, 3.16667], "texture": "#4"},
				"south": {"uv": [11, 9.16667, 11.66667, 9.5], "texture": "#4"},
				"west": {"uv": [11.16667, 3.16667, 11.33333, 3.5], "texture": "#4"},
				"up": {"uv": [11.83333, 1.33333, 11.16667, 1.16667], "texture": "#4"},
				"down": {"uv": [11.83333, 1.33333, 11.16667, 1.5], "texture": "#4"}
			}
		},
		{
			"from": [5.0816, 23.03032, -3.45262],
			"to": [7.2704, 25.21912, -1.99342],
			"rotation": {"angle": 22.5, "axis": "x", "origin": [8, 19.54952, -4.73262]},
			"faces": {
				"north": {"uv": [10.16667, 11, 10.5, 11.33333], "texture": "#4"},
				"east": {"uv": [4, 11, 4.16667, 11.33333], "texture": "#4"},
				"south": {"uv": [11.16667, 0.16667, 11.5, 0.5], "texture": "#4"},
				"west": {"uv": [9, 11, 9.16667, 11.33333], "texture": "#4"},
				"up": {"uv": [11.5, 2, 11.16667, 1.83333], "texture": "#4"},
				"down": {"uv": [11.5, 2, 11.16667, 2.16667], "texture": "#4"}
			}
		},
		{
			"from": [8.7296, 23.03032, -3.45262],
			"to": [10.9184, 25.21912, -1.99342],
			"rotation": {"angle": 22.5, "axis": "x", "origin": [8, 19.54952, -4.73262]},
			"faces": {
				"north": {"uv": [11.16667, 0.5, 11.5, 0.83333], "texture": "#4"},
				"east": {"uv": [10.5, 11, 10.66667, 11.33333], "texture": "#4"},
				"south": {"uv": [11.16667, 0.83333, 11.5, 1.16667], "texture": "#4"},
				"west": {"uv": [11.16667, 2.16667, 11.33333, 2.5], "texture": "#4"},
				"up": {"uv": [11.5, 2.66667, 11.16667, 2.5], "texture": "#4"},
				"down": {"uv": [11.5, 2.66667, 11.16667, 2.83333], "texture": "#4"}
			}
		},
		{
			"from": [5.0816, -8.79146, -4.18325],
			"to": [10.9184, -3.31946, 2.50475],
			"rotation": {"angle": -22.5, "axis": "x", "origin": [8, -3.41857, -1.33181]},
			"faces": {
				"north": {"uv": [4.66667, 9.33333, 5.66667, 10.16667], "texture": "#4"},
				"east": {"uv": [9, 6.5, 10.16667, 7.33333], "texture": "#4"},
				"south": {"uv": [5.66667, 9.33333, 6.66667, 10.16667], "texture": "#4"},
				"west": {"uv": [9.16667, 7.33333, 10.33333, 8.16667], "texture": "#4"},
				"up": {"uv": [5.66667, 9.33333, 4.66667, 8.16667], "texture": "#4"},
				"down": {"uv": [6.66667, 8.16667, 5.66667, 9.33333], "texture": "#4"}
			}
		},
		{
			"from": [6.2216, -8.79146, -4.79125],
			"to": [9.7784, -6.35946, -4.18325],
			"rotation": {"angle": -22.5, "axis": "x", "origin": [8, -3.41857, -1.33181]},
			"faces": {
				"north": {"uv": [11, 8.16667, 11.66667, 8.5], "texture": "#4"},
				"east": {"uv": [8.16667, 10.83333, 8.33333, 11.16667], "texture": "#4"},
				"south": {"uv": [11, 8.5, 11.66667, 8.83333], "texture": "#4"},
				"west": {"uv": [2.83333, 11, 3, 11.33333], "texture": "#4"},
				"up": {"uv": [11.66667, 9.66667, 11, 9.5], "texture": "#4"},
				"down": {"uv": [11.83333, 0, 11.16667, 0.16667], "texture": "#4"}
			}
		},
		{
			"from": [8.7296, -3.31946, -4.18325],
			"to": [10.9184, -1.13066, -2.72405],
			"rotation": {"angle": -22.5, "axis": "x", "origin": [8, -3.41857, -1.33181]},
			"faces": {
				"north": {"uv": [2.5, 11, 2.83333, 11.33333], "texture": "#4"},
				"east": {"uv": [4, 10.66667, 4.16667, 11], "texture": "#4"},
				"south": {"uv": [9.83333, 11, 10.16667, 11.33333], "texture": "#4"},
				"west": {"uv": [9, 10.66667, 9.16667, 11], "texture": "#4"},
				"up": {"uv": [11.5, 1.66667, 11.16667, 1.5], "texture": "#4"},
				"down": {"uv": [11.5, 1.66667, 11.16667, 1.83333], "texture": "#4"}
			}
		},
		{
			"from": [5.0816, -3.31946, -4.18325],
			"to": [7.2704, -1.13066, -2.72405],
			"rotation": {"angle": -22.5, "axis": "x", "origin": [8, -3.41857, -1.33181]},
			"faces": {
				"north": {"uv": [8.33333, 10.16667, 8.66667, 10.5], "texture": "#4"},
				"east": {"uv": [9, 7.33333, 9.16667, 7.66667], "texture": "#4"},
				"south": {"uv": [9.5, 10.83333, 9.83333, 11.16667], "texture": "#4"},
				"west": {"uv": [2.5, 9.16667, 2.66667, 9.5], "texture": "#4"},
				"up": {"uv": [10.66667, 9.83333, 10.33333, 9.66667], "texture": "#4"},
				"down": {"uv": [8.66667, 10.5, 8.33333, 10.66667], "texture": "#4"}
			}
		},
		{
			"from": [6.70618, -5.41779, 1.44164],
			"to": [9.29382, 7.36349, 4.0986],
			"rotation": {"angle": -22.5, "axis": "x", "origin": [7.97339, -9.06953, 17.53468]},
			"faces": {
				"north": {"uv": [8.66667, 7.83333, 9.16667, 10], "texture": "#4"},
				"east": {"uv": [9, 0, 9.5, 2.16667], "texture": "#4"},
				"south": {"uv": [9, 2.16667, 9.5, 4.33333], "texture": "#4"},
				"west": {"uv": [9, 4.33333, 9.5, 6.5], "texture": "#4"},
				"up": {"uv": [5.66667, 11.33333, 5.16667, 10.83333], "texture": "#4"},
				"down": {"uv": [6.16667, 10.83333, 5.66667, 11.33333], "texture": "#4"}
			}
		},
		{
			"from": [6.04678, -6.76941, 0.99924],
			"to": [9.84678, -3.45441, 4.79924],
			"rotation": {"angle": -22.5, "axis": "x", "origin": [7.97339, -9.06953, 17.53468]},
			"faces": {
				"north": {"uv": [10.66667, 3.83333, 11.33333, 4.33333], "texture": "#4"},
				"east": {"uv": [10.66667, 4.33333, 11.33333, 4.83333], "texture": "#4"},
				"south": {"uv": [10.66667, 4.83333, 11.33333, 5.33333], "texture": "#4"},
				"west": {"uv": [10.66667, 5.33333, 11.33333, 5.83333], "texture": "#4"},
				"up": {"uv": [10.83333, 6.5, 10.16667, 5.83333], "texture": "#4"},
				"down": {"uv": [6.66667, 10.16667, 6, 10.83333], "texture": "#4"}
			}
		},
		{
			"from": [6.04678, 16.35441, 0.99924],
			"to": [9.84678, 19.66941, 4.79924],
			"rotation": {"angle": 22.5, "axis": "x", "origin": [7.97339, 21.96953, 17.53468]},
			"faces": {
				"north": {"uv": [8.33333, 10.66667, 9, 11.16667], "texture": "#4"},
				"east": {"uv": [10.66667, 9.66667, 11.33333, 10.16667], "texture": "#4"},
				"south": {"uv": [10.66667, 10.16667, 11.33333, 10.66667], "texture": "#4"},
				"west": {"uv": [10.66667, 10.66667, 11.33333, 11.16667], "texture": "#4"},
				"up": {"uv": [10.83333, 7.16667, 10.16667, 6.5], "texture": "#4"},
				"down": {"uv": [7.33333, 10.16667, 6.66667, 10.83333], "texture": "#4"}
			}
		},
		{
			"from": [6.70618, 5.53651, 1.44164],
			"to": [9.29382, 18.31779, 4.0986],
			"rotation": {"angle": 22.5, "axis": "x", "origin": [7.97339, 21.96953, 17.53468]},
			"faces": {
				"north": {"uv": [0, 9.16667, 0.5, 11.33333], "texture": "#4"},
				"east": {"uv": [0.5, 9.16667, 1, 11.33333], "texture": "#4"},
				"south": {"uv": [1, 9.16667, 1.5, 11.33333], "texture": "#4"},
				"west": {"uv": [1.5, 9.16667, 2, 11.33333], "texture": "#4"},
				"up": {"uv": [11.33333, 6.83333, 10.83333, 6.33333], "texture": "#4"},
				"down": {"uv": [7.16667, 10.83333, 6.66667, 11.33333], "texture": "#4"}
			}
		},
		{
			"from": [6.70618, 24.84674, 1.57235],
			"to": [9.29382, 27.5037, 11.55364],
			"rotation": {"angle": -22.5, "axis": "x", "origin": [8, 26.17522, 6.563]},
			"faces": {
				"north": {"uv": [10.83333, 5.83333, 11.33333, 6.33333], "texture": "#4"},
				"east": {"uv": [9.5, 0, 11.16667, 0.5], "texture": "#4"},
				"south": {"uv": [6.16667, 10.83333, 6.66667, 11.33333], "texture": "#4"},
				"west": {"uv": [9.5, 0.5, 11.16667, 1], "texture": "#4"},
				"up": {"uv": [2.5, 10.83333, 2, 9.16667], "texture": "#4"},
				"down": {"uv": [10, 1, 9.5, 2.66667], "texture": "#4"}
			}
		},
		{
			"from": [6.70618, -14.6037, 1.57235],
			"to": [9.29382, -11.94674, 11.55364],
			"rotation": {"angle": 22.5, "axis": "x", "origin": [8, -13.27522, 6.563]},
			"faces": {
				"north": {"uv": [7.16667, 10.83333, 7.66667, 11.33333], "texture": "#4"},
				"east": {"uv": [2.5, 9.5, 4.16667, 10], "texture": "#4"},
				"south": {"uv": [7.66667, 10.83333, 8.16667, 11.33333], "texture": "#4"},
				"west": {"uv": [9.5, 2.66667, 11.16667, 3.16667], "texture": "#4"},
				"up": {"uv": [10, 4.83333, 9.5, 3.16667], "texture": "#4"},
				"down": {"uv": [4.66667, 9.5, 4.16667, 11.16667], "texture": "#4"}
			}
		},
		{
			"from": [8, -15.58293, 4.61726],
			"to": [8, 31.58293, 31.38274],
			"rotation": {"angle": 0, "axis": "y", "origin": [8, 8, 8]},
			"faces": {
				"north": {"uv": [0, 0, 0, 7.83333], "texture": "#4"},
				"east": {"uv": [0, 0, 4.5, 7.83333], "texture": "#4"},
				"south": {"uv": [0, 0, 0, 7.83333], "texture": "#4"},
				"west": {"uv": [4.5, 0, 9, 7.83333], "texture": "#4"},
				"up": {"uv": [0, 4.5, 0, 0], "texture": "#4"},
				"down": {"uv": [0, 0, 0, 4.5], "texture": "#4"}
			}
		}
	],
	"gui_light": "front",
	"display": {
		"thirdperson_righthand": {
			"translation": [-1.25, -1.25, 4.75],
			"scale": [0.45, 0.45, 0.45]
		},
		"thirdperson_lefthand": {
			"translation": [0, -1.25, 4.75],
			"scale": [0.45, 0.45, 0.45]
		},
		"firstperson_righthand": {
			"rotation": [20.75, 1.54, -7.54],
			"translation": [1, 2.75, 5.25],
			"scale": [0.52, 0.52, 0.52]
		},
		"firstperson_lefthand": {
			"translation": [0.5, 4.25, 5.25],
			"scale": [0.83, 0.83, 0.83]
		},
		"ground": {
			"rotation": [0, 0, 39],
			"translation": [0, 2.75, 0],
			"scale": [0.25, 0.25, 0.25]
		},
		"gui": {
			"rotation": [112, 44, -109],
			"translation": [0.5, 0.5, -1.75],
			"scale": [0.41, 0.41, 0.41]
		},
		"head": {
			"scale": [0, 0, 0]
		},
		"fixed": {
			"rotation": [91, -49, 92],
			"translation": [-0.75, 0.5, -1.75],
			"scale": [0.44, 0.44, 0.44]
		}
	}
}