{"credit":"MadewithBlockbench","texture_size":[112,112],"textures":{"2":"pandaset:chestopen"},"elements":[{"from":[-2.48,-14.48,-2.48],"to":[18.48,-5.52,18.48],"rotation":{"angle":0,"axis":"y","origin":[8,-4,8]},"faces":{"north":{"uv":[0,6,3,7.28571],"texture":"#2"},"east":{"uv":[6,0,9,1.28571],"texture":"#2"},"south":{"uv":[6,1.28571,9,2.57143],"texture":"#2"},"west":{"uv":[6,2.57143,9,3.85714],"texture":"#2"},"up":{"uv":[3,3,0,0],"texture":"#2"},"down":{"uv":[3,3,0,6],"texture":"#2"}}},{"from":[16.52,-15.48,16.515],"to":[20.48,-4.52,20.475],"rotation":{"angle":0,"axis":"y","origin":[8,-4,7.995]},"faces":{"north":{"uv":[10.57143,10.71429,11.14286,12.28571],"texture":"#2"},"east":{"uv":[7.14286,10.85714,7.71429,12.42857],"texture":"#2"},"south":{"uv":[7.71429,10.85714,8.28571,12.42857],"texture":"#2"},"west":{"uv":[11.14286,10.71429,11.71429,12.28571],"texture":"#2"},"up":{"uv":[12,6.85714,11.42857,6.28571],"texture":"#2"},"down":{"uv":[14.14286,1.71429,13.57143,2.28571],"texture":"#2"}}},{"from":[16.52,-15.48,-4.48],"to":[20.48,-4.52,-0.52],"rotation":{"angle":0,"axis":"y","origin":[8,-4,8]},"faces":{"north":{"uv":[11.42857,0,12,1.57143],"texture":"#2"},"east":{"uv":[11.42857,1.57143,12,3.14286],"texture":"#2"},"south":{"uv":[11.42857,3.14286,12,4.71429],"texture":"#2"},"west":{"uv":[11.42857,4.71429,12,6.28571],"texture":"#2"},"up":{"uv":[14.14286,2.85714,13.57143,2.28571],"texture":"#2"},"down":{"uv":[14.14286,2.85714,13.57143,3.42857],"texture":"#2"}}},{"from":[16.52,-15.48,-0.52],"to":[20.48,-11.52,16.515],"rotation":{"angle":0,"axis":"y","origin":[8,-24,10.96]},"faces":{"north":{"uv":[13.57143,3.42857,14.14286,4],"texture":"#2"},"east":{"uv":[0,7.28571,2.42857,7.85714],"texture":"#2"},"south":{"uv":[13.57143,4,14.14286,4.57143],"texture":"#2"},"west":{"uv":[4.14286,7.28571,6.57143,7.85714],"texture":"#2"},"up":{"uv":[3,9.71429,2.42857,7.28571],"texture":"#2"},"down":{"uv":[7.14286,7.28571,6.57143,9.71429],"texture":"#2"}}},{"from":[-4.48,-15.48,16.515],"to":[-0.52,-4.52,20.475],"rotation":{"angle":0,"axis":"y","origin":[8,-4,7.995]},"faces":{"north":{"uv":[4.57143,11.71429,5.14286,13.28571],"texture":"#2"},"east":{"uv":[11.71429,10.71429,12.28571,12.28571],"texture":"#2"},"south":{"uv":[11.85714,8,12.42857,9.57143],"texture":"#2"},"west":{"uv":[12,0,12.57143,1.57143],"texture":"#2"},"up":{"uv":[13.42857,14.14286,12.85714,13.57143],"texture":"#2"},"down":{"uv":[14,13.57143,13.42857,14.14286],"texture":"#2"}}},{"from":[-3.98,-6.48,-0.52],"to":[-0.02,-4.52,16.515],"rotation":{"angle":0,"axis":"y","origin":[8,-15,10.96]},"faces":{"north":{"uv":[0,14.57143,0.57143,14.85714],"texture":"#2"},"east":{"uv":[12.57143,6.42857,15,6.71429],"texture":"#2"},"south":{"uv":[0.57143,14.57143,1.14286,14.85714],"texture":"#2"},"west":{"uv":[12.57143,6.71429,15,7],"texture":"#2"},"up":{"uv":[10,12,9.42857,9.57143],"texture":"#2"},"down":{"uv":[3,9.71429,2.42857,12.14286],"texture":"#2"}}},{"from":[16.02,-6.48,-0.52],"to":[19.98,-4.52,16.515],"rotation":{"angle":0,"axis":"y","origin":[8,9.35763,5.24975]},"faces":{"north":{"uv":[14.28571,13,14.85714,13.28571],"texture":"#2"},"east":{"uv":[12.57143,4.71429,15,5],"texture":"#2"},"south":{"uv":[14.42857,2.57143,15,2.85714],"texture":"#2"},"west":{"uv":[12.57143,5,15,5.28571],"texture":"#2"},"up":{"uv":[3.57143,9.57143,3,7.14286],"texture":"#2"},"down":{"uv":[4.14286,7.14286,3.57143,9.57143],"texture":"#2"}}},{"from":[-4.48,-15.48,-0.52],"to":[-0.52,-11.52,16.515],"rotation":{"angle":0,"axis":"y","origin":[8,-24,10.96]},"faces":{"north":{"uv":[9.42857,13.57143,10,14.14286],"texture":"#2"},"east":{"uv":[0,8.42857,2.42857,9],"texture":"#2"},"south":{"uv":[10,13.57143,10.57143,14.14286],"texture":"#2"},"west":{"uv":[4.14286,8.42857,6.57143,9],"texture":"#2"},"up":{"uv":[7.71429,10.85714,7.14286,8.42857],"texture":"#2"},"down":{"uv":[8.28571,8.42857,7.71429,10.85714],"texture":"#2"}}},{"from":[-0.515,-15.48,-4.48],"to":[16.52,-11.52,-0.52],"rotation":{"angle":0,"axis":"y","origin":[2.75375,-9,-2.5]},"faces":{"north":{"uv":[7.14286,7.28571,9.57143,7.85714],"texture":"#2"},"east":{"uv":[8.28571,13.57143,8.85714,14.14286],"texture":"#2"},"south":{"uv":[0,7.85714,2.42857,8.42857],"texture":"#2"},"west":{"uv":[8.85714,13.57143,9.42857,14.14286],"texture":"#2"},"up":{"uv":[6.57143,8.42857,4.14286,7.85714],"texture":"#2"},"down":{"uv":[9.57143,7.85714,7.14286,8.42857],"texture":"#2"}}},{"from":[-0.515,-6.48,16.02],"to":[16.52,-4.52,19.98],"rotation":{"angle":0,"axis":"y","origin":[8,9.35763,5.24975]},"faces":{"north":{"uv":[12.57143,5.28571,15,5.57143],"texture":"#2"},"east":{"uv":[12.28571,14.42857,12.85714,14.71429],"texture":"#2"},"south":{"uv":[12.57143,5.57143,15,5.85714],"texture":"#2"},"west":{"uv":[12.85714,14.42857,13.42857,14.71429],"texture":"#2"},"up":{"uv":[11.42857,1.71429,9,1.14286],"texture":"#2"},"down":{"uv":[11.42857,1.71429,9,2.28571],"texture":"#2"}}},{"from":[-0.515,-15.48,16.52],"to":[16.52,-11.52,20.48],"rotation":{"angle":0,"axis":"y","origin":[2.75375,-9,18.5]},"faces":{"north":{"uv":[8.28571,8.42857,10.71429,9],"texture":"#2"},"east":{"uv":[0,13.71429,0.57143,14.28571],"texture":"#2"},"south":{"uv":[0,9,2.42857,9.57143],"texture":"#2"},"west":{"uv":[0.57143,13.71429,1.14286,14.28571],"texture":"#2"},"up":{"uv":[11.42857,0.57143,9,0],"texture":"#2"},"down":{"uv":[11.42857,0.57143,9,1.14286],"texture":"#2"}}},{"from":[-4.475,-15.48,-4.48],"to":[-0.515,-4.52,-0.52],"rotation":{"angle":0,"axis":"y","origin":[2.75375,-9,-2.5]},"faces":{"north":{"uv":[8.28571,11.42857,8.85714,13],"texture":"#2"},"east":{"uv":[8.85714,11.42857,9.42857,13],"texture":"#2"},"south":{"uv":[3.42857,11.71429,4,13.28571],"texture":"#2"},"west":{"uv":[4,11.71429,4.57143,13.28571],"texture":"#2"},"up":{"uv":[5.71429,14.14286,5.14286,13.57143],"texture":"#2"},"down":{"uv":[6.28571,13.57143,5.71429,14.14286],"texture":"#2"}}},{"from":[-0.515,-6.48,-3.98],"to":[16.52,-4.52,-0.02],"rotation":{"angle":0,"axis":"y","origin":[2.75375,-9,-2.5]},"faces":{"north":{"uv":[12.85714,11,15.28571,11.28571],"texture":"#2"},"east":{"uv":[6.14286,14.71429,6.71429,15],"texture":"#2"},"south":{"uv":[12.85714,11.28571,15.28571,11.57143],"texture":"#2"},"west":{"uv":[7.42857,14.71429,8,15],"texture":"#2"},"up":{"uv":[13,10.14286,10.57143,9.57143],"texture":"#2"},"down":{"uv":[13,10.14286,10.57143,10.71429],"texture":"#2"}}},{"from":[16.02,-4.52,-0.52],"to":[19.98,-2.56,16.515],"rotation":{"angle":22.5,"axis":"x","origin":[9.90007,-4.24237,20.54975]},"faces":{"north":{"uv":[8,14.71429,8.57143,15],"texture":"#2"},"east":{"uv":[12.85714,11.57143,15.28571,11.85714],"texture":"#2"},"south":{"uv":[8.57143,14.71429,9.14286,15],"texture":"#2"},"west":{"uv":[12.57143,5.28571,15,5],"texture":"#2"},"up":{"uv":[0.57143,13.14286,0,10.71429],"texture":"#2"},"down":{"uv":[3.57143,7.14286,3,9.57143],"texture":"#2"}}},{"from":[16.52,-4.52,-4.48],"to":[20.48,6.44,-0.52],"rotation":{"angle":22.5,"axis":"x","origin":[9.90007,-4.24237,20.54975]},"faces":{"north":{"uv":[2.42857,12.14286,3,13.71429],"texture":"#2"},"east":{"uv":[6.28571,12.14286,6.85714,13.71429],"texture":"#2"},"south":{"uv":[10.57143,12.28571,11.14286,13.85714],"texture":"#2"},"west":{"uv":[12.28571,10.71429,12.85714,12.28571],"texture":"#2"},"up":{"uv":[11.14286,14.42857,10.57143,13.85714],"texture":"#2"},"down":{"uv":[14.14286,2.28571,13.57143,2.85714],"texture":"#2"}}},{"from":[17.70711,-4.79304,6.48],"to":[24.06711,-1.83304,10.515],"rotation":{"angle":22.5,"axis":"x","origin":[9.90007,-4.24237,20.54975]},"faces":{"north":{"uv":[9.57143,8,10.42857,8.42857],"texture":"#2"},"east":{"uv":[6.14286,14.28571,6.71429,14.71429],"texture":"#2"},"south":{"uv":[13.42857,0.85714,14.28571,1.28571],"texture":"#2"},"west":{"uv":[7.42857,14.28571,8,14.71429],"texture":"#2"},"up":{"uv":[9.14286,13.57143,8.28571,13],"texture":"#2"},"down":{"uv":[0.85714,13.14286,0,13.71429],"texture":"#2"}}},{"from":[21.32014,-4.68014,4.48],"to":[23.28014,-2.72014,12.515],"rotation":{"angle":22.5,"axis":"x","origin":[9.90007,-4.24237,20.54975]},"faces":{"north":{"uv":[14.85714,9.85714,15.14286,10.14286],"texture":"#2"},"east":{"uv":[14,13.57143,15.14286,13.85714],"texture":"#2"},"south":{"uv":[14.85714,10.14286,15.14286,10.42857],"texture":"#2"},"west":{"uv":[14,13.85714,15.14286,14.14286],"texture":"#2"},"up":{"uv":[7.42857,15.14286,7.14286,14],"texture":"#2"},"down":{"uv":[14.42857,1.71429,14.14286,2.85714],"texture":"#2"}}},{"from":[21.32014,-9.97514,4.48],"to":[23.28014,-8.01514,12.515],"rotation":{"angle":22.5,"axis":"x","origin":[9.90007,-4.24237,20.54975]},"faces":{"north":{"uv":[4.42857,14.85714,4.71429,15.14286],"texture":"#2"},"east":{"uv":[13.57143,0.42857,14.71429,0.71429],"texture":"#2"},"south":{"uv":[14.85714,9.57143,15.14286,9.85714],"texture":"#2"},"west":{"uv":[13.71429,13.28571,14.85714,13.57143],"texture":"#2"},"up":{"uv":[5,15,4.71429,13.85714],"texture":"#2"},"down":{"uv":[7.14286,14,6.85714,15.14286],"texture":"#2"}}},{"from":[21.32014,-8.01514,4.48],"to":[23.28014,-4.68014,6.44],"rotation":{"angle":22.5,"axis":"x","origin":[9.90007,-4.24237,20.54975]},"faces":{"north":{"uv":[4.42857,14.42857,4.71429,14.85714],"texture":"#2"},"east":{"uv":[9.14286,14.71429,9.42857,15.14286],"texture":"#2"},"south":{"uv":[9.42857,14.71429,9.71429,15.14286],"texture":"#2"},"west":{"uv":[9.71429,14.71429,10,15.14286],"texture":"#2"},"up":{"uv":[4.14286,15.14286,3.85714,14.85714],"texture":"#2"},"down":{"uv":[4.42857,14.85714,4.14286,15.14286],"texture":"#2"}}},{"from":[21.32014,-8.01514,10.555],"to":[23.28014,-4.68014,12.515],"rotation":{"angle":22.5,"axis":"x","origin":[9.90007,-4.24237,20.54975]},"faces":{"north":{"uv":[10.42857,8,10.71429,8.42857],"texture":"#2"},"east":{"uv":[9.14286,13,9.42857,13.42857],"texture":"#2"},"south":{"uv":[0.85714,13.14286,1.14286,13.57143],"texture":"#2"},"west":{"uv":[8,14.28571,8.28571,14.71429],"texture":"#2"},"up":{"uv":[3.57143,15.14286,3.28571,14.85714],"texture":"#2"},"down":{"uv":[3.85714,14.85714,3.57143,15.14286],"texture":"#2"}}},{"from":[-7.28014,-8.01514,4.48],"to":[-5.32014,-4.68014,6.44],"rotation":{"angle":22.5,"axis":"x","origin":[6.09993,-4.24237,20.54975]},"faces":{"north":{"uv":[4.71429,14.42857,4.42857,14.85714],"texture":"#2"},"east":{"uv":[10,14.71429,9.71429,15.14286],"texture":"#2"},"south":{"uv":[9.71429,14.71429,9.42857,15.14286],"texture":"#2"},"west":{"uv":[9.42857,14.71429,9.14286,15.14286],"texture":"#2"},"up":{"uv":[3.85714,15.14286,4.14286,14.85714],"texture":"#2"},"down":{"uv":[4.14286,14.85714,4.42857,15.14286],"texture":"#2"}}},{"from":[-7.28014,-9.97514,4.48],"to":[-5.32014,-8.01514,12.515],"rotation":{"angle":22.5,"axis":"x","origin":[6.09993,-4.24237,20.54975]},"faces":{"north":{"uv":[4.71429,14.85714,4.42857,15.14286],"texture":"#2"},"east":{"uv":[14.85714,13.28571,13.71429,13.57143],"texture":"#2"},"south":{"uv":[15.14286,9.57143,14.85714,9.85714],"texture":"#2"},"west":{"uv":[14.71429,0.42857,13.57143,0.71429],"texture":"#2"},"up":{"uv":[4.71429,15,5,13.85714],"texture":"#2"},"down":{"uv":[6.85714,14,7.14286,15.14286],"texture":"#2"}}},{"from":[-7.28014,-8.01514,10.555],"to":[-5.32014,-4.68014,12.515],"rotation":{"angle":22.5,"axis":"x","origin":[6.09993,-4.24237,20.54975]},"faces":{"north":{"uv":[10.71429,8,10.42857,8.42857],"texture":"#2"},"east":{"uv":[8.28571,14.28571,8,14.71429],"texture":"#2"},"south":{"uv":[1.14286,13.14286,0.85714,13.57143],"texture":"#2"},"west":{"uv":[9.42857,13,9.14286,13.42857],"texture":"#2"},"up":{"uv":[3.28571,15.14286,3.57143,14.85714],"texture":"#2"},"down":{"uv":[3.57143,14.85714,3.85714,15.14286],"texture":"#2"}}},{"from":[-7.28014,-4.68014,4.48],"to":[-5.32014,-2.72014,12.515],"rotation":{"angle":22.5,"axis":"x","origin":[6.09993,-4.24237,20.54975]},"faces":{"north":{"uv":[15.14286,9.85714,14.85714,10.14286],"texture":"#2"},"east":{"uv":[15.14286,13.85714,14,14.14286],"texture":"#2"},"south":{"uv":[15.14286,10.14286,14.85714,10.42857],"texture":"#2"},"west":{"uv":[15.14286,13.57143,14,13.85714],"texture":"#2"},"up":{"uv":[7.14286,15.14286,7.42857,14],"texture":"#2"},"down":{"uv":[14.14286,1.71429,14.42857,2.85714],"texture":"#2"}}},{"from":[-8.06711,-4.79304,6.48],"to":[-1.70711,-1.83304,10.515],"rotation":{"angle":22.5,"axis":"x","origin":[6.09993,-4.24237,20.54975]},"faces":{"north":{"uv":[10.42857,8,9.57143,8.42857],"texture":"#2"},"east":{"uv":[8,14.28571,7.42857,14.71429],"texture":"#2"},"south":{"uv":[14.28571,0.85714,13.42857,1.28571],"texture":"#2"},"west":{"uv":[6.71429,14.28571,6.14286,14.71429],"texture":"#2"},"up":{"uv":[8.28571,13.57143,9.14286,13],"texture":"#2"},"down":{"uv":[0,13.14286,0.85714,13.71429],"texture":"#2"}}},{"from":[16.52,-4.52,16.515],"to":[20.48,6.44,20.475],"rotation":{"angle":22.5,"axis":"x","origin":[9.90007,-4.24237,20.54975]},"faces":{"north":{"uv":[11.14286,12.28571,11.71429,13.85714],"texture":"#2"},"east":{"uv":[11.71429,12.28571,12.28571,13.85714],"texture":"#2"},"south":{"uv":[12.28571,12.28571,12.85714,13.85714],"texture":"#2"},"west":{"uv":[6.85714,12.42857,7.42857,14],"texture":"#2"},"up":{"uv":[12.28571,14.42857,11.71429,13.85714],"texture":"#2"},"down":{"uv":[12,6.28571,11.42857,6.85714],"texture":"#2"}}},{"from":[16.52,2.48,-0.52],"to":[20.48,6.44,16.515],"rotation":{"angle":22.5,"axis":"x","origin":[9.90007,-4.24237,20.54975]},"faces":{"north":{"uv":[13.85714,8.42857,14.42857,9],"texture":"#2"},"east":{"uv":[9.57143,6.85714,12,7.42857],"texture":"#2"},"south":{"uv":[13.85714,9,14.42857,9.57143],"texture":"#2"},"west":{"uv":[9.57143,7.42857,12,8],"texture":"#2"},"up":{"uv":[6,12,5.42857,9.57143],"texture":"#2"},"down":{"uv":[6.57143,9.57143,6,12],"texture":"#2"}}},{"from":[-0.515,2.48,-4.48],"to":[16.52,6.44,-0.52],"rotation":{"angle":22.5,"axis":"x","origin":[9.90007,-4.24237,20.54975]},"faces":{"north":{"uv":[9,6.28571,11.42857,6.85714],"texture":"#2"},"east":{"uv":[3,13.85714,3.57143,14.42857],"texture":"#2"},"south":{"uv":[9.42857,9,11.85714,9.57143],"texture":"#2"},"west":{"uv":[3.57143,13.85714,4.14286,14.42857],"texture":"#2"},"up":{"uv":[2.42857,10.14286,0,9.57143],"texture":"#2"},"down":{"uv":[5.42857,9.57143,3,10.14286],"texture":"#2"}}},{"from":[-4.475,-4.52,-4.48],"to":[-0.515,6.44,-0.52],"rotation":{"angle":22.5,"axis":"x","origin":[9.90007,-4.24237,20.54975]},"faces":{"north":{"uv":[5.71429,12,6.28571,13.57143],"texture":"#2"},"east":{"uv":[12,6.28571,12.57143,7.85714],"texture":"#2"},"south":{"uv":[9.42857,12,10,13.57143],"texture":"#2"},"west":{"uv":[10,12,10.57143,13.57143],"texture":"#2"},"up":{"uv":[4.71429,14.42857,4.14286,13.85714],"texture":"#2"},"down":{"uv":[8.28571,13,8.85714,11.42857],"texture":"#2"}}},{"from":[-4.48,2.48,-0.52],"to":[-0.52,6.44,16.515],"rotation":{"angle":22.5,"axis":"x","origin":[9.90007,-4.24237,20.54975]},"faces":{"north":{"uv":[1.14286,13.85714,1.71429,14.42857],"texture":"#2"},"east":{"uv":[9,5.14286,11.42857,5.71429],"texture":"#2"},"south":{"uv":[1.71429,13.85714,2.28571,14.42857],"texture":"#2"},"west":{"uv":[9,5.71429,11.42857,6.28571],"texture":"#2"},"up":{"uv":[8.85714,11.42857,8.28571,9],"texture":"#2"},"down":{"uv":[9.42857,9,8.85714,11.42857],"texture":"#2"}}},{"from":[-4.48,-4.52,16.515],"to":[-0.52,6.44,20.475],"rotation":{"angle":22.5,"axis":"x","origin":[9.90007,-4.24237,20.54975]},"faces":{"north":{"uv":[12,1.57143,12.57143,3.14286],"texture":"#2"},"east":{"uv":[12,3.14286,12.57143,4.71429],"texture":"#2"},"south":{"uv":[12,4.71429,12.57143,6.28571],"texture":"#2"},"west":{"uv":[5.14286,12,5.71429,13.57143],"texture":"#2"},"up":{"uv":[14.28571,12.71429,13.71429,12.14286],"texture":"#2"},"down":{"uv":[13.42857,13.57143,12.85714,14.14286],"texture":"#2"}}},{"from":[-0.515,2.48,16.52],"to":[16.52,6.44,20.48],"rotation":{"angle":22.5,"axis":"x","origin":[9.90007,-4.24237,20.54975]},"faces":{"north":{"uv":[9,2.28571,11.42857,2.85714],"texture":"#2"},"east":{"uv":[2.42857,13.71429,3,14.28571],"texture":"#2"},"south":{"uv":[9,2.85714,11.42857,3.42857],"texture":"#2"},"west":{"uv":[6.28571,13.71429,6.85714,14.28571],"texture":"#2"},"up":{"uv":[11.42857,4,9,3.42857],"texture":"#2"},"down":{"uv":[11.42857,4,9,4.57143],"texture":"#2"}}},{"from":[-2.48,-2.52,-2.48],"to":[18.48,5.44,18.48],"rotation":{"angle":22.5,"axis":"x","origin":[9.90007,-4.24237,20.54975]},"faces":{"north":{"uv":[3,6,6,7.14286],"texture":"#2"},"east":{"uv":[6,3.85714,9,5],"texture":"#2"},"south":{"uv":[6,5,9,6.14286],"texture":"#2"},"west":{"uv":[6,6.14286,9,7.28571],"texture":"#2"},"up":{"uv":[6,3,3,0],"texture":"#2"},"down":{"uv":[6,3,3,6],"texture":"#2"}}},{"from":[-0.515,-4.52,16.02],"to":[16.52,-2.56,19.98],"rotation":{"angle":22.5,"axis":"x","origin":[9.90007,-4.24237,20.54975]},"faces":{"north":{"uv":[12.57143,5.57143,15,5.28571],"texture":"#2"},"east":{"uv":[13.42857,14.42857,14,14.71429],"texture":"#2"},"south":{"uv":[12.57143,6.14286,15,6.42857],"texture":"#2"},"west":{"uv":[14,14.42857,14.57143,14.71429],"texture":"#2"},"up":{"uv":[6.57143,9.57143,4.14286,9],"texture":"#2"},"down":{"uv":[11.42857,1.14286,9,1.71429],"texture":"#2"}}},{"from":[-0.515,-4.52,-3.98],"to":[16.52,-2.56,-0.02],"rotation":{"angle":22.5,"axis":"x","origin":[9.90007,-4.24237,20.54975]},"faces":{"north":{"uv":[12.57143,7.57143,15,7.85714],"texture":"#2"},"east":{"uv":[5,14.71429,5.57143,15],"texture":"#2"},"south":{"uv":[12.85714,11.57143,15.28571,11.28571],"texture":"#2"},"west":{"uv":[5.57143,14.71429,6.14286,15],"texture":"#2"},"up":{"uv":[2.42857,10.71429,0,10.14286],"texture":"#2"},"down":{"uv":[13,9.57143,10.57143,10.14286],"texture":"#2"}}},{"from":[-3.98,-4.52,-0.52],"to":[-0.02,-2.56,16.515],"rotation":{"angle":22.5,"axis":"x","origin":[9.90007,-4.24237,20.54975]},"faces":{"north":{"uv":[14.57143,14.42857,15.14286,14.71429],"texture":"#2"},"east":{"uv":[12.57143,6.71429,15,6.42857],"texture":"#2"},"south":{"uv":[14.71429,0.42857,15.28571,0.71429],"texture":"#2"},"west":{"uv":[12.57143,7.28571,15,7.57143],"texture":"#2"},"up":{"uv":[7.14286,12.14286,6.57143,9.71429],"texture":"#2"},"down":{"uv":[10,9.57143,9.42857,12],"texture":"#2"}}},{"from":[1.25793,-8.46444,-8.94821],"to":[14.74207,-6.13556,-6.70179],"rotation":{"angle":22.5,"axis":"x","origin":[9.90007,-4.24237,20.54975]},"faces":{"north":{"uv":[13,9.57143,14.85714,9.85714],"texture":"#2"},"east":{"uv":[5.14286,11.71429,5.42857,12],"texture":"#2"},"south":{"uv":[13,9.85714,14.85714,10.14286],"texture":"#2"},"west":{"uv":[6.85714,12.14286,7.14286,12.42857],"texture":"#2"},"up":{"uv":[14.85714,10.42857,13,10.14286],"texture":"#2"},"down":{"uv":[14.85714,10.42857,13,10.71429],"texture":"#2"}}},{"from":[6.00819,-7.70863,-8.34098],"to":[9.99181,-4.98479,-7.66002],"rotation":{"angle":22.5,"axis":"x","origin":[9.90007,-4.24237,20.54975]},"faces":{"north":{"uv":[9,6.85714,9.57143,7.28571],"texture":"#2"},"east":{"uv":[11.71429,8,11.85714,8.42857],"texture":"#2"},"south":{"uv":[14.28571,1,14.85714,1.42857],"texture":"#2"},"west":{"uv":[11.71429,8.42857,11.85714,8.85714],"texture":"#2"},"up":{"uv":[4.71429,7.28571,4.14286,7.14286],"texture":"#2"},"down":{"uv":[5.28571,7.14286,4.71429,7.28571],"texture":"#2"}}},{"from":[4.73139,-7.70863,-7.66002],"to":[11.26861,-1.57999,-0.16946],"rotation":{"angle":22.5,"axis":"x","origin":[9.90007,-4.24237,20.54975]},"faces":{"north":{"uv":[10.71429,8,11.71429,8.85714],"texture":"#2"},"east":{"uv":[12.42857,7.85714,13.42857,8.71429],"texture":"#2"},"south":{"uv":[12.42857,8.71429,13.42857,9.57143],"texture":"#2"},"west":{"uv":[12.57143,0,13.57143,0.85714],"texture":"#2"},"up":{"uv":[4.42857,11.71429,3.42857,10.71429],"texture":"#2"},"down":{"uv":[5.42857,10.71429,4.42857,11.71429],"texture":"#2"}}},{"from":[4.73139,-1.57999,-7.66002],"to":[7.18285,0.87147,-6.02572],"rotation":{"angle":22.5,"axis":"x","origin":[9.90007,-4.24237,20.54975]},"faces":{"north":{"uv":[1.14286,14.85714,1.42857,15.14286],"texture":"#2"},"east":{"uv":[14.85714,1.28571,15.14286,1.57143],"texture":"#2"},"south":{"uv":[1.42857,14.85714,1.71429,15.14286],"texture":"#2"},"west":{"uv":[14.85714,1.57143,15.14286,1.85714],"texture":"#2"},"up":{"uv":[15.14286,2.14286,14.85714,1.85714],"texture":"#2"},"down":{"uv":[15.14286,2.14286,14.85714,2.42857],"texture":"#2"}}},{"from":[8.81715,-1.57999,-7.66002],"to":[11.26861,0.87147,-6.02572],"rotation":{"angle":22.5,"axis":"x","origin":[9.90007,-4.24237,20.54975]},"faces":{"north":{"uv":[14.57143,14.71429,14.85714,15],"texture":"#2"},"east":{"uv":[0,14.85714,0.28571,15.14286],"texture":"#2"},"south":{"uv":[0.28571,14.85714,0.57143,15.14286],"texture":"#2"},"west":{"uv":[0.57143,14.85714,0.85714,15.14286],"texture":"#2"},"up":{"uv":[1.14286,15.14286,0.85714,14.85714],"texture":"#2"},"down":{"uv":[15.14286,1,14.85714,1.28571],"texture":"#2"}}},{"from":[6.2976,-11.26747,6.12212],"to":[9.7024,10.81317,9.61812],"rotation":{"angle":22.5,"axis":"x","origin":[9.90007,-4.24237,20.54975]},"faces":{"north":{"uv":[1.14286,10.71429,1.57143,13.85714],"texture":"#2"},"east":{"uv":[1.57143,10.71429,2,13.85714],"texture":"#2"},"south":{"uv":[2,10.71429,2.42857,13.85714],"texture":"#2"},"west":{"uv":[3,10.71429,3.42857,13.85714],"texture":"#2"},"up":{"uv":[11.85714,14.85714,11.42857,14.42857],"texture":"#2"},"down":{"uv":[12.28571,14.42857,11.85714,14.85714],"texture":"#2"}}},{"from":[5.0816,10.41483,4.52612],"to":[10.9184,15.88683,11.21412],"rotation":{"angle":22.5,"axis":"x","origin":[9.90007,-4.24237,20.54975]},"faces":{"north":{"uv":[12.85714,12.14286,13.71429,12.85714],"texture":"#2"},"east":{"uv":[12.57143,1.85714,13.57143,2.57143],"texture":"#2"},"south":{"uv":[12.85714,12.85714,13.71429,13.57143],"texture":"#2"},"west":{"uv":[12.57143,2.57143,13.57143,3.28571],"texture":"#2"},"up":{"uv":[8.28571,13.42857,7.42857,12.42857],"texture":"#2"},"down":{"uv":[13.42857,0.85714,12.57143,1.85714],"texture":"#2"}}},{"from":[6.2216,10.41483,3.91812],"to":[9.7784,12.84683,4.52612],"rotation":{"angle":22.5,"axis":"x","origin":[9.90007,-4.24237,20.54975]},"faces":{"north":{"uv":[14.71429,4,15.28571,4.28571],"texture":"#2"},"east":{"uv":[2.14286,14.42857,2.28571,14.71429],"texture":"#2"},"south":{"uv":[14.71429,4.28571,15.28571,4.57143],"texture":"#2"},"west":{"uv":[6.71429,14.57143,6.85714,14.85714],"texture":"#2"},"up":{"uv":[5.85714,7.28571,5.28571,7.14286],"texture":"#2"},"down":{"uv":[11.28571,8.85714,10.71429,9],"texture":"#2"}}},{"from":[5.0816,15.88683,4.52612],"to":[7.2704,18.07563,5.98532],"rotation":{"angle":22.5,"axis":"x","origin":[9.90007,-4.24237,20.54975]},"faces":{"north":{"uv":[10.85714,14.85714,11.14286,15.14286],"texture":"#2"},"east":{"uv":[14.28571,1.42857,14.42857,1.71429],"texture":"#2"},"south":{"uv":[11.14286,14.85714,11.42857,15.14286],"texture":"#2"},"west":{"uv":[6.71429,14.28571,6.85714,14.57143],"texture":"#2"},"up":{"uv":[6.57143,12.14286,6.28571,12],"texture":"#2"},"down":{"uv":[12.28571,7.85714,12,8],"texture":"#2"}}},{"from":[8.7296,15.88683,4.52612],"to":[10.9184,18.07563,5.98532],"rotation":{"angle":22.5,"axis":"x","origin":[9.90007,-4.24237,20.54975]},"faces":{"north":{"uv":[14.85714,10.42857,15.14286,10.71429],"texture":"#2"},"east":{"uv":[2.28571,13.85714,2.42857,14.14286],"texture":"#2"},"south":{"uv":[10.57143,14.85714,10.85714,15.14286],"texture":"#2"},"west":{"uv":[5,13.85714,5.14286,14.14286],"texture":"#2"},"up":{"uv":[11.57143,9,11.28571,8.85714],"texture":"#2"},"down":{"uv":[11.85714,8.85714,11.57143,9],"texture":"#2"}}}],"gui_light":"front","display":{"thirdperson_righthand":{"rotation":[19.25,23,0],"translation":[0,1.75,0.5],"scale":[0.21,0.21,0.21]},"thirdperson_lefthand":{"rotation":[19.25,23,0],"translation":[0,1.75,0.5],"scale":[0.21,0.21,0.21]},"firstperson_righthand":{"translation":[5,2.75,-3],"scale":[0.53,0.53,0.53]},"firstperson_lefthand":{"translation":[5,2.75,-3],"scale":[0.53,0.53,0.53]},"ground":{"translation":[0,1.5,0],"scale":[0.2,0.2,0.2]},"gui":{"rotation":[25,151,0],"translation":[0,1,0],"scale":[0.34,0.34,0.34]},"head":{"scale":[0,0,0]},"fixed":{"rotation":[-90,0,0],"translation":[0,0,-24],"scale":[1.1,1.1,1.1]}}}