{
	"credit": "Made with Blockbench",
	"texture_size": [64, 64],
	"textures": {
		"2": "pandaset:crossbow4"
	},
	"elements": [
		{
			"from": [6.59678, 1.01408, -1.39092],
			"to": [10.00158, 3.51008, 17.68972],
			"rotation": {"angle": 0, "axis": "y", "origin": [8, 8, 8]},
			"faces": {
				"north": {"uv": [7, 9.5, 7.75, 10], "texture": "#2"},
				"east": {"uv": [7.75, 3.5, 12.5, 4], "texture": "#2"},
				"south": {"uv": [11.25, 9.5, 12, 10], "texture": "#2"},
				"west": {"uv": [7.75, 4, 12.5, 4.5], "texture": "#2"},
				"up": {"uv": [7.75, 4.75, 7, 0], "texture": "#2"},
				"down": {"uv": [7.75, 4.75, 7, 9.5], "texture": "#2"}
			}
		},
		{
			"from": [7.5976, 4.302, -9.04032],
			"to": [8.4024, 5.098, 10.04032],
			"rotation": {"angle": 0, "axis": "y", "origin": [8, 8, 8]},
			"faces": {
				"north": {"uv": [10.75, 5.25, 11, 5.5], "texture": "#2"},
				"east": {"uv": [10.75, 2.25, 15.5, 2.5], "texture": "#2"},
				"south": {"uv": [11, 6.75, 11.25, 7], "texture": "#2"},
				"west": {"uv": [10.75, 2.5, 15.5, 2.75], "texture": "#2"},
				"up": {"uv": [7.25, 15.5, 7, 10.75], "texture": "#2"},
				"down": {"uv": [7.5, 10.75, 7.25, 15.5], "texture": "#2"}
			}
		},
		{
			"from": [8, 2.6466, -10.46225],
			"to": [8, 5.9284, -5.43775],
			"rotation": {"angle": 0, "axis": "y", "origin": [8, 7.855, 6.31]},
			"faces": {
				"north": {"uv": [0, 0, 0, 1], "texture": "#2"},
				"east": {"uv": [9.25, 2.5, 10.75, 3.5], "texture": "#2"},
				"south": {"uv": [0, 0, 0, 1], "texture": "#2"},
				"west": {"uv": [9.25, 4.5, 10.75, 5.5], "texture": "#2"},
				"up": {"uv": [0, 1.5, 0, 0], "texture": "#2"},
				"down": {"uv": [0, 0, 0, 1.5], "texture": "#2"}
			}
		},
		{
			"from": [5.9591, 4.6875, -10.46225],
			"to": [9.2409, 4.6875, -5.43775],
			"rotation": {"angle": 0, "axis": "y", "origin": [8, 7.3875, -0.45]},
			"faces": {
				"north": {"uv": [0, 0, 0, 1], "rotation": 270, "texture": "#2"},
				"east": {"uv": [0, 1.5, 0, 0], "rotation": 90, "texture": "#2"},
				"south": {"uv": [0, 0, 0, 1], "rotation": 90, "texture": "#2"},
				"west": {"uv": [0, 0, 0, 1.5], "rotation": 90, "texture": "#2"},
				"up": {"uv": [9.25, 4.5, 10.75, 5.5], "rotation": 90, "texture": "#2"},
				"down": {"uv": [9.25, 2.5, 10.75, 3.5], "rotation": 90, "texture": "#2"}
			}
		},
		{
			"from": [-5.17822, 4.61008, -1.39092],
			"to": [23.22658, 4.61008, 22.68972],
			"rotation": {"angle": 0, "axis": "y", "origin": [8, 8, 8]},
			"faces": {
				"north": {"uv": [0, 0, 7, 0], "texture": "#2"},
				"east": {"uv": [0, 0, 6, 0], "texture": "#2"},
				"south": {"uv": [0, 0, 7, 0], "texture": "#2"},
				"west": {"uv": [0, 0, 6, 0], "texture": "#2"},
				"up": {"uv": [7, 6, 0, 0], "texture": "#2"},
				"down": {"uv": [7, 6, 0, 12], "texture": "#2"}
			}
		},
		{
			"from": [6.84678, -3.48192, 11.68408],
			"to": [9.75158, 2.56408, 17.68972],
			"rotation": {"angle": -22.5, "axis": "x", "origin": [8.29918, -1.23392, 14.6869]},
			"faces": {
				"north": {"uv": [7.5, 10.75, 8.25, 12.25], "texture": "#2"},
				"east": {"uv": [7.75, 4.5, 9.25, 6], "texture": "#2"},
				"south": {"uv": [8.25, 10.75, 9, 12.25], "texture": "#2"},
				"west": {"uv": [7.75, 6, 9.25, 7.5], "texture": "#2"},
				"up": {"uv": [9.75, 12.25, 9, 10.75], "texture": "#2"},
				"down": {"uv": [10.5, 10.75, 9.75, 12.25], "texture": "#2"}
			}
		},
		{
			"from": [7.09678, 0.49805, 8.98216],
			"to": [9.50158, 3.59405, 11.7378],
			"rotation": {"angle": -22.5, "axis": "x", "origin": [8.29918, -1.50395, 14.03498]},
			"faces": {
				"north": {"uv": [11.25, 10.75, 11.75, 11.5], "texture": "#2"},
				"east": {"uv": [10.75, 2.75, 11.5, 3.5], "texture": "#2"},
				"south": {"uv": [11.5, 2.75, 12, 3.5], "texture": "#2"},
				"west": {"uv": [10.75, 4.5, 11.5, 5.25], "texture": "#2"},
				"up": {"uv": [12, 5.25, 11.5, 4.5], "texture": "#2"},
				"down": {"uv": [11, 11.5, 10.5, 12.25], "texture": "#2"}
			}
		},
		{
			"from": [-0.13271, 2.51408, -4.29305],
			"to": [6.94792, 6.01008, -1.68825],
			"rotation": {"angle": 0, "axis": "y", "origin": [8.90761, 4.26208, 9.40935]},
			"faces": {
				"north": {"uv": [9.25, 5.5, 11, 6.25], "texture": "#2"},
				"east": {"uv": [10.5, 10.75, 11.25, 11.5], "texture": "#2"},
				"south": {"uv": [9.25, 6.25, 11, 7], "texture": "#2"},
				"west": {"uv": [11, 5.25, 11.75, 6], "texture": "#2"},
				"up": {"uv": [11.25, 7.75, 9.5, 7], "texture": "#2"},
				"down": {"uv": [11.25, 7.75, 9.5, 8.5], "texture": "#2"}
			}
		},
		{
			"from": [1.90174, 2.76408, -9.44209],
			"to": [8.98237, 5.76008, -8.08729],
			"rotation": {"angle": 45, "axis": "y", "origin": [10.94205, 4.26208, 4.01031]},
			"faces": {
				"north": {"uv": [9.5, 8.5, 11.25, 9.25], "texture": "#2"},
				"east": {"uv": [11.75, 5.5, 12, 6.25], "texture": "#2"},
				"south": {"uv": [9.5, 9.25, 11.25, 10], "texture": "#2"},
				"west": {"uv": [11.75, 10.75, 12, 11.5], "texture": "#2"},
				"up": {"uv": [13, 8.75, 11.25, 8.5], "texture": "#2"},
				"down": {"uv": [13, 8.75, 11.25, 9], "texture": "#2"}
			}
		},
		{
			"from": [7.01763, 2.76408, -9.44209],
			"to": [14.09826, 5.76008, -8.08729],
			"rotation": {"angle": -45, "axis": "y", "origin": [5.05795, 4.26208, 4.01031]},
			"faces": {
				"north": {"uv": [7, 10, 8.75, 10.75], "texture": "#2"},
				"east": {"uv": [11, 11.75, 11.25, 12.5], "texture": "#2"},
				"south": {"uv": [8.75, 10, 10.5, 10.75], "texture": "#2"},
				"west": {"uv": [11.25, 11.75, 11.5, 12.5], "texture": "#2"},
				"up": {"uv": [13, 9.25, 11.25, 9], "texture": "#2"},
				"down": {"uv": [13, 9.25, 11.25, 9.5], "texture": "#2"}
			}
		},
		{
			"from": [9.05208, 2.51408, -4.29305],
			"to": [16.13271, 6.01008, -1.68825],
			"rotation": {"angle": 0, "axis": "y", "origin": [7.09239, 4.26208, 9.40935]},
			"faces": {
				"north": {"uv": [10.5, 10, 12.25, 10.75], "texture": "#2"},
				"east": {"uv": [11, 6, 11.75, 6.75], "texture": "#2"},
				"south": {"uv": [10.75, 0, 12.5, 0.75], "texture": "#2"},
				"west": {"uv": [11.25, 6.75, 12, 7.5], "texture": "#2"},
				"up": {"uv": [12.5, 1.5, 10.75, 0.75], "texture": "#2"},
				"down": {"uv": [12.5, 1.5, 10.75, 2.25], "texture": "#2"}
			}
		},
		{
			"from": [5.38078, -1.05312, -6.40379],
			"to": [11.21758, 4.41888, 0.28421],
			"rotation": {"angle": 0, "axis": "y", "origin": [8.29918, 2.83808, -4.88379]},
			"faces": {
				"north": {"uv": [9.25, 0, 10.75, 1.25], "texture": "#2"},
				"east": {"uv": [7.75, 7.5, 9.5, 8.75], "texture": "#2"},
				"south": {"uv": [9.25, 1.25, 10.75, 2.5], "texture": "#2"},
				"west": {"uv": [7.75, 8.75, 9.5, 10], "texture": "#2"},
				"up": {"uv": [9.25, 1.75, 7.75, 0], "texture": "#2"},
				"down": {"uv": [9.25, 1.75, 7.75, 3.5], "texture": "#2"}
			}
		},
		{
			"from": [6.52078, -1.05312, -7.01179],
			"to": [10.07758, 1.37888, -6.40379],
			"rotation": {"angle": 0, "axis": "y", "origin": [8.29918, 2.83808, -4.88379]},
			"faces": {
				"north": {"uv": [11.25, 7.5, 12.25, 8], "texture": "#2"},
				"east": {"uv": [9.25, 7, 9.5, 7.5], "texture": "#2"},
				"south": {"uv": [11.25, 8, 12.25, 8.5], "texture": "#2"},
				"west": {"uv": [11.75, 6.25, 12, 6.75], "texture": "#2"},
				"up": {"uv": [12, 11.75, 11, 11.5], "texture": "#2"},
				"down": {"uv": [12.75, 5.25, 11.75, 5.5], "texture": "#2"}
			}
		},
		{
			"from": [5.38078, 4.41888, -6.40379],
			"to": [7.56958, 6.60768, -4.94459],
			"rotation": {"angle": 0, "axis": "y", "origin": [8.29918, 2.83808, -4.88379]},
			"color": 0,
			"faces": {
				"north": {"uv": [5.25, 6.75, 5.75, 7.25], "texture": "#missing"},
				"east": {"uv": [4.25, 7, 4.5, 7.5], "texture": "#missing"},
				"south": {"uv": [5.75, 6.75, 6.25, 7.25], "texture": "#missing"},
				"west": {"uv": [4.5, 7, 4.75, 7.5], "texture": "#missing"},
				"up": {"uv": [5.25, 7.25, 4.75, 7], "texture": "#missing"},
				"down": {"uv": [7.5, 5.5, 7, 5.75], "texture": "#missing"}
			}
		},
		{
			"from": [9.02878, 4.41888, -6.40379],
			"to": [11.21758, 6.60768, -4.94459],
			"rotation": {"angle": 0, "axis": "y", "origin": [8.29918, 2.83808, -4.88379]},
			"color": 0,
			"faces": {
				"north": {"uv": [6.25, 6.75, 6.75, 7.25], "texture": "#missing"},
				"east": {"uv": [7, 5.75, 7.25, 6.25], "texture": "#missing"},
				"south": {"uv": [6.75, 6.75, 7.25, 7.25], "texture": "#missing"},
				"west": {"uv": [1.5, 7.25, 1.75, 7.75], "texture": "#missing"},
				"up": {"uv": [2.25, 7.5, 1.75, 7.25], "texture": "#missing"},
				"down": {"uv": [7.75, 2, 7.25, 2.25], "texture": "#missing"}
			}
		}
	],
	"gui_light": "front",
	"display": {
		"thirdperson_righthand": {
			"translation": [0, 4, 4.25],
			"scale": [0.59, 0.59, 0.59]
		},
		"thirdperson_lefthand": {
			"translation": [0, 4, 4.25],
			"scale": [0.59, 0.59, 0.59]
		},
		"firstperson_righthand": {
			"rotation": [0, -1, 0],
			"translation": [8.25, 4.25, 0.75]
		},
		"firstperson_lefthand": {
			"rotation": [0, -1, 0],
			"translation": [8.25, 4.25, 0.75]
		},
		"ground": {
			"rotation": [33, 0, 0],
			"translation": [0, 0.5, 1.5],
			"scale": [0.31, 0.31, 0.31]
		},
		"gui": {
			"rotation": [83, 39.42, -28.01],
			"translation": [3, 0, 0],
			"scale": [0.61, 0.61, 0.61]
		},
		"head": {
			"scale": [0, 0, 0]
		},
		"fixed": {
			"rotation": [97.25, 0, 180],
			"translation": [0, -1, -7.25],
			"scale": [0.69, 0.69, 0.69]
		}
	},
	"groups": [
		{
			"name": "group",
			"origin": [9.90007, 12.35763, 5.24975],
			"color": 0,
			"children": [0, 1, 2, 3, 4, 5, 6, 7, 8, 9, 10, 11, 12, 13, 14]
		}
	]
}