{"credit":"MadewithBlockbench","texture_size":[64,64],"textures":{"2":"pandaset:fishing1","particle":"pandaset:fishing1"},"elements":[{"from":[6.04678,-2.80941,6.09924],"to":[9.84678,-0.90941,9.89924],"rotation":{"angle":0,"axis":"y","origin":[8,8,8]},"faces":{"north":{"uv":[12,9,13,9.5],"texture":"#2"},"east":{"uv":[12.25,0.75,13.25,1.25],"texture":"#2"},"south":{"uv":[12.25,1.25,13.25,1.75],"texture":"#2"},"west":{"uv":[1.5,12.25,2.5,12.75],"texture":"#2"},"up":{"uv":[10.5,8,9.5,7],"texture":"#2"},"down":{"uv":[11.5,6.5,10.5,7.5],"texture":"#2"}}},{"from":[6.42678,-5.44941,6.47924],"to":[9.46678,0.63059,9.51924],"rotation":{"angle":0,"axis":"y","origin":[8,8,8]},"faces":{"north":{"uv":[1.5,9.75,2.25,11.25],"texture":"#2"},"east":{"uv":[2.25,9.75,3,11.25],"texture":"#2"},"south":{"uv":[9.75,9.5,10.5,11],"texture":"#2"},"west":{"uv":[10.25,5,11,6.5],"texture":"#2"},"up":{"uv":[12.75,5.75,12,5],"texture":"#2"},"down":{"uv":[6.25,12,5.5,12.75],"texture":"#2"}}},{"from":[6.04678,-7.96941,6.09924],"to":[9.84678,-4.92941,9.89924],"rotation":{"angle":0,"axis":"y","origin":[8,7,8]},"faces":{"north":{"uv":[11.25,2,12.25,2.75],"texture":"#2"},"east":{"uv":[0,11.5,1,12.25],"texture":"#2"},"south":{"uv":[11.5,6,12.5,6.75],"texture":"#2"},"west":{"uv":[11.5,6.75,12.5,7.5],"texture":"#2"},"up":{"uv":[11.5,10.5,10.5,9.5],"texture":"#2"},"down":{"uv":[11.5,10.5,10.5,11.5],"texture":"#2"}}},{"from":[6.67,15.786,-2.93],"to":[9.33,17.714,-0.27],"rotation":{"angle":0,"axis":"y","origin":[8,10.1,5.03]},"faces":{"north":{"uv":[12.25,9.5,13,10],"texture":"#2"},"east":{"uv":[12.25,10,13,10.5],"texture":"#2"},"south":{"uv":[10.25,12.25,11,12.75],"texture":"#2"},"west":{"uv":[11,12.25,11.75,12.75],"texture":"#2"},"up":{"uv":[13,0.75,12.25,0],"texture":"#2"},"down":{"uv":[1.5,12.25,0.75,13],"texture":"#2"}}},{"from":[6.04678,0.63059,6.09924],"to":[9.84678,3.67059,9.89924],"rotation":{"angle":0,"axis":"y","origin":[8,8,8]},"faces":{"north":{"uv":[10.25,11.5,11.25,12.25],"texture":"#2"},"east":{"uv":[11.5,10.5,12.5,11.25],"texture":"#2"},"south":{"uv":[11.25,11.5,12.25,12.25],"texture":"#2"},"west":{"uv":[2.5,12,3.5,12.75],"texture":"#2"},"up":{"uv":[6,12,5,11],"texture":"#2"},"down":{"uv":[12,5,11,6],"texture":"#2"}}},{"from":[6.04678,8.35441,6.09924],"to":[9.84678,20.66941,9.89924],"rotation":{"angle":0,"axis":"y","origin":[8,6.8,8]},"faces":{"north":{"uv":[3.5,8,4.5,11],"texture":"#2"},"east":{"uv":[4.5,8,5.5,11],"texture":"#2"},"south":{"uv":[5.5,8,6.5,11],"texture":"#2"},"west":{"uv":[6.5,8,7.5,11],"texture":"#2"},"up":{"uv":[7,12,6,11],"texture":"#2"},"down":{"uv":[12,7.5,11,8.5],"texture":"#2"}}},{"from":[6.04678,13.16941,2.29924],"to":[9.84678,13.16941,6.09924],"rotation":{"angle":0,"axis":"y","origin":[8,6.8,8.2]},"faces":{"north":{"uv":[0,0,1,0],"texture":"#2"},"east":{"uv":[0,0,1,0],"texture":"#2"},"south":{"uv":[0,0,1,0],"texture":"#2"},"west":{"uv":[0,0,1,0],"texture":"#2"},"up":{"uv":[12,9.5,11,8.5],"texture":"#2"},"down":{"uv":[12.25,0,11.25,1],"texture":"#2"}}},{"from":[6.04678,20.26941,2.29924],"to":[9.84678,20.26941,6.09924],"rotation":{"angle":0,"axis":"y","origin":[8,6.8,8.2]},"faces":{"north":{"uv":[0,0,1,0],"texture":"#2"},"east":{"uv":[0,0,1,0],"texture":"#2"},"south":{"uv":[0,0,1,0],"texture":"#2"},"west":{"uv":[0,0,1,0],"texture":"#2"},"up":{"uv":[12.25,2,11.25,1],"texture":"#2"},"down":{"uv":[2.5,11.25,1.5,12.25],"texture":"#2"}}},{"from":[6.57422,29.1645,-1.8999],"to":[9.31934,29.1645,0.84522],"rotation":{"angle":-45,"axis":"x","origin":[7.94678,29.8869,-0.2907]},"faces":{"north":{"uv":[0,0,0.75,0],"texture":"#2"},"east":{"uv":[0,0,0.75,0],"texture":"#2"},"south":{"uv":[0,0,0.75,0],"texture":"#2"},"west":{"uv":[0,0,0.75,0],"texture":"#2"},"up":{"uv":[12.75,9,12,8.25],"texture":"#2"},"down":{"uv":[0.75,12.25,0,13],"texture":"#2"}}},{"from":[8.04678,0.35441,-10.90076],"to":[8.04678,32,7.89924],"rotation":{"angle":0,"axis":"y","origin":[8,6.8,8]},"faces":{"north":{"uv":[0,0,0,8],"texture":"#2"},"east":{"uv":[0,0,4.75,8],"texture":"#2"},"south":{"uv":[0,0,0,8],"texture":"#2"},"west":{"uv":[4.75,0,9.5,8],"texture":"#2"},"up":{"uv":[0,4.75,0,0],"texture":"#2"},"down":{"uv":[0,0,0,4.75],"texture":"#2"}}},{"from":[6.29678,19.685,7.33865],"to":[9.59678,28,10.38865],"rotation":{"angle":-22.5,"axis":"x","origin":[8,18.50652,8.73942]},"faces":{"north":{"uv":[9.5,5,10.25,7],"texture":"#2"},"east":{"uv":[7.5,9.5,8.25,11.5],"texture":"#2"},"south":{"uv":[8.25,9.5,9,11.5],"texture":"#2"},"west":{"uv":[9,9.5,9.75,11.5],"texture":"#2"},"up":{"uv":[7,12.75,6.25,12],"texture":"#2"},"down":{"uv":[12.75,7.5,12,8.25],"texture":"#2"}}},{"from":[6.54678,25.34568,1.44143],"to":[9.34678,32,3.74143],"rotation":{"angle":-45,"axis":"x","origin":[8,29.83712,2.34219]},"faces":{"north":{"uv":[0,9.75,0.75,11.5],"texture":"#2"},"east":{"uv":[7,11,7.5,12.75],"texture":"#2"},"south":{"uv":[0.75,9.75,1.5,11.5],"texture":"#2"},"west":{"uv":[9.75,11,10.25,12.75],"texture":"#2"},"up":{"uv":[13,2.25,12.25,1.75],"texture":"#2"},"down":{"uv":[13,2.25,12.25,2.75],"texture":"#2"}}},{"from":[6.19878,-6.0084,-5.00948],"to":[9.69478,-2.2084,-1.20948],"rotation":{"angle":-45,"axis":"x","origin":[8,7,8]},"faces":{"north":{"uv":[7.5,11.5,8.25,12.5],"texture":"#2"},"east":{"uv":[3,11,4,12],"texture":"#2"},"south":{"uv":[8.25,11.5,9,12.5],"texture":"#2"},"west":{"uv":[4,11,5,12],"texture":"#2"},"up":{"uv":[9.75,12.5,9,11.5],"texture":"#2"},"down":{"uv":[12.25,9.5,11.5,10.5],"texture":"#2"}}},{"from":[4.73139,9.42001,3.73998],"to":[7.18285,11.87147,5.37428],"rotation":{"angle":0,"axis":"y","origin":[8,21.50101,6.01459]},"faces":{"north":{"uv":[12.25,12,12.75,12.5],"texture":"#2"},"east":{"uv":[12.5,5.75,13,6.25],"texture":"#2"},"south":{"uv":[12.5,6.25,13,6.75],"texture":"#2"},"west":{"uv":[12.5,6.75,13,7.25],"texture":"#2"},"up":{"uv":[8,13,7.5,12.5],"texture":"#2"},"down":{"uv":[8.5,12.5,8,13],"texture":"#2"}}},{"from":[8.81715,9.42001,3.73998],"to":[11.26861,11.87147,5.37428],"rotation":{"angle":0,"axis":"y","origin":[8,21.50101,6.01459]},"faces":{"north":{"uv":[10.5,7.5,11,8],"texture":"#2"},"east":{"uv":[11,6,11.5,6.5],"texture":"#2"},"south":{"uv":[2.5,11.25,3,11.75],"texture":"#2"},"west":{"uv":[1,11.5,1.5,12],"texture":"#2"},"up":{"uv":[12.75,12,12.25,11.5],"texture":"#2"},"down":{"uv":[12.25,12.25,11.75,12.75],"texture":"#2"}}},{"from":[6.00819,3.29137,3.05902],"to":[9.99181,6.01521,3.73998],"rotation":{"angle":0,"axis":"y","origin":[8,21.50101,6.01459]},"faces":{"north":{"uv":[3.5,12,4.5,12.75],"texture":"#2"},"east":{"uv":[8.5,12.5,8.75,13.25],"texture":"#2"},"south":{"uv":[4.5,12,5.5,12.75],"texture":"#2"},"west":{"uv":[8.75,12.5,9,13.25],"texture":"#2"},"up":{"uv":[12.25,3,11.25,2.75],"texture":"#2"},"down":{"uv":[12.5,11.25,11.5,11.5],"texture":"#2"}}},{"from":[4.73139,3.29137,3.73998],"to":[11.26861,9.42001,11.23054],"rotation":{"angle":0,"axis":"y","origin":[8,21.50101,6.01459]},"faces":{"north":{"uv":[7.5,8,9.25,9.5],"texture":"#2"},"east":{"uv":[9.25,8,11,9.5],"texture":"#2"},"south":{"uv":[9.5,0,11.25,1.5],"texture":"#2"},"west":{"uv":[9.5,1.5,11.25,3],"texture":"#2"},"up":{"uv":[1.75,9.75,0,8],"texture":"#2"},"down":{"uv":[3.5,8,1.75,9.75],"texture":"#2"}}},{"from":[1.25793,2.53556,2.45179],"to":[14.74207,4.86444,4.69821],"rotation":{"angle":0,"axis":"y","origin":[8,8,8]},"faces":{"north":{"uv":[9.5,3,12.75,3.5],"texture":"#2"},"east":{"uv":[3,9.75,3.5,10.25],"texture":"#2"},"south":{"uv":[9.5,3.5,12.75,4],"texture":"#2"},"west":{"uv":[3,10.25,3.5,10.75],"texture":"#2"},"up":{"uv":[12.75,4.5,9.5,4],"texture":"#2"},"down":{"uv":[12.75,4.5,9.5,5],"texture":"#2"}}}],"gui_light":"front","display":{"thirdperson_righthand":{"translation":[0,4,1.75],"scale":[0.59,0.59,0.59]},"thirdperson_lefthand":{"translation":[0,4,1.75],"scale":[0.59,0.59,0.59]},"firstperson_righthand":{"translation":[2.5,2.5,0.25],"scale":[0.61,0.61,0.61]},"firstperson_lefthand":{"translation":[2.5,2.5,0.25],"scale":[0.61,0.61,0.61]},"ground":{"rotation":[0,0,39],"translation":[0,2.75,0],"scale":[0.25,0.25,0.25]},"gui":{"rotation":[112,131,-109],"translation":[1.75,-0.5,-1.75],"scale":[0.41,0.41,0.41]},"head":{"scale":[0,0,0]},"fixed":{"rotation":[91,-49,92],"translation":[0.5,-1.25,-1.75],"scale":[0.46,0.46,0.46]}}}