{"credit":"MadewithBlockbench","texture_size":[48,48],"textures":{"2":"pandaset:hammer","particle":"pandaset:hammer"},"elements":[{"from":[6.04678,-2.80941,6.09924],"to":[9.84678,-0.90941,9.89924],"rotation":{"angle":0,"axis":"y","origin":[8,8,8]},"faces":{"north":{"uv":[11.33333,4,12.66667,4.66667],"texture":"#2"},"east":{"uv":[13,6,14.33333,6.66667],"texture":"#2"},"south":{"uv":[13,8.66667,14.33333,9.33333],"texture":"#2"},"west":{"uv":[13,9.33333,14.33333,10],"texture":"#2"},"up":{"uv":[10.66667,11.33333,9.33333,10],"texture":"#2"},"down":{"uv":[5.33333,10.33333,4,11.66667],"texture":"#2"}}},{"from":[6.42678,-5.44941,6.47924],"to":[9.46678,0.63059,9.51924],"rotation":{"angle":0,"axis":"y","origin":[8,8,8]},"faces":{"north":{"uv":[9.33333,8,10.33333,10],"texture":"#2"},"east":{"uv":[1,10,2,12],"texture":"#2"},"south":{"uv":[2,10,3,12],"texture":"#2"},"west":{"uv":[3,10,4,12],"texture":"#2"},"up":{"uv":[6.33333,11.33333,5.33333,10.33333],"texture":"#2"},"down":{"uv":[14,4,13,5],"texture":"#2"}}},{"from":[6.04678,-7.96941,6.09924],"to":[9.84678,-4.92941,9.89924],"rotation":{"angle":0,"axis":"y","origin":[8,7,8]},"faces":{"north":{"uv":[11.66667,0,13,1],"texture":"#2"},"east":{"uv":[4,11.66667,5.33333,12.66667],"texture":"#2"},"south":{"uv":[11.66667,8,13,9],"texture":"#2"},"west":{"uv":[0,12,1.33333,13],"texture":"#2"},"up":{"uv":[11.66667,9.33333,10.33333,8],"texture":"#2"},"down":{"uv":[12,9.33333,10.66667,10.66667],"texture":"#2"}}},{"from":[6.04678,0.63059,6.09924],"to":[9.84678,3.67059,9.89924],"rotation":{"angle":0,"axis":"y","origin":[8,8,8]},"faces":{"north":{"uv":[10.66667,12,12,13],"texture":"#2"},"east":{"uv":[12,11.66667,13.33333,12.66667],"texture":"#2"},"south":{"uv":[12.33333,6.66667,13.66667,7.66667],"texture":"#2"},"west":{"uv":[3.33333,12.66667,4.66667,13.66667],"texture":"#2"},"up":{"uv":[6.66667,12.66667,5.33333,11.33333],"texture":"#2"},"down":{"uv":[8,11.33333,6.66667,12.66667],"texture":"#2"}}},{"from":[6.04678,14.45441,6.09924],"to":[9.84678,17.76941,9.89924],"rotation":{"angle":0,"axis":"y","origin":[8,6.8,8]},"faces":{"north":{"uv":[7.33333,12.66667,8.66667,13.66667],"texture":"#2"},"east":{"uv":[8.66667,12.66667,10,13.66667],"texture":"#2"},"south":{"uv":[12,12.66667,13.33333,13.66667],"texture":"#2"},"west":{"uv":[0,13,1.33333,14],"texture":"#2"},"up":{"uv":[9.33333,12.66667,8,11.33333],"texture":"#2"},"down":{"uv":[10.66667,11.33333,9.33333,12.66667],"texture":"#2"}}},{"from":[6.19878,-6.0084,-5.00948],"to":[9.69478,-2.2084,-1.20948],"rotation":{"angle":-45,"axis":"x","origin":[8,7,8]},"faces":{"north":{"uv":[1.33333,12,2.33333,13.33333],"texture":"#2"},"east":{"uv":[10.66667,10.66667,12,12],"texture":"#2"},"south":{"uv":[2.33333,12,3.33333,13.33333],"texture":"#2"},"west":{"uv":[11,6.66667,12.33333,8],"texture":"#2"},"up":{"uv":[13,10.33333,12,9],"texture":"#2"},"down":{"uv":[13,10.33333,12,11.66667],"texture":"#2"}}},{"from":[4.73139,16.19137,-4.21002],"to":[11.26861,22.32001,3.28054],"rotation":{"angle":0,"axis":"y","origin":[8,21.50101,6.01459]},"faces":{"north":{"uv":[1.66667,4.66667,4,6.66667],"texture":"#2"},"east":{"uv":[4.66667,3,7,5],"texture":"#2"},"south":{"uv":[4,5,6.33333,7],"texture":"#2"},"west":{"uv":[6.33333,0,8.66667,2],"texture":"#2"},"up":{"uv":[2.33333,2.33333,0,0],"texture":"#2"},"down":{"uv":[2.33333,2.33333,0,4.66667],"texture":"#2"}}},{"from":[1.25793,15.43556,-5.49821],"to":[14.74207,17.76444,-3.25179],"rotation":{"angle":0,"axis":"y","origin":[8,8,8]},"faces":{"north":{"uv":[7,4,11.33333,4.66667],"texture":"#2"},"east":{"uv":[2.66667,13.33333,3.33333,14],"texture":"#2"},"south":{"uv":[8.66667,1.33333,13,2],"texture":"#2"},"west":{"uv":[10,13.33333,10.66667,14],"texture":"#2"},"up":{"uv":[13,5.33333,8.66667,4.66667],"texture":"#2"},"down":{"uv":[13,5.33333,8.66667,6],"texture":"#2"}}},{"from":[6.00819,16.19137,-4.89098],"to":[9.99181,18.91521,-4.21002],"rotation":{"angle":0,"axis":"y","origin":[8,21.50101,6.01459]},"faces":{"north":{"uv":[4.66667,12.66667,6,13.66667],"texture":"#2"},"east":{"uv":[8,13.66667,8.33333,14.66667],"texture":"#2"},"south":{"uv":[6,12.66667,7.33333,13.66667],"texture":"#2"},"west":{"uv":[8.33333,13.66667,8.66667,14.66667],"texture":"#2"},"up":{"uv":[8.33333,5,7,4.66667],"texture":"#2"},"down":{"uv":[13,1,11.66667,1.33333],"texture":"#2"}}},{"from":[6.70618,3.63651,6.54164],"to":[9.29382,16.41779,9.1986],"rotation":{"angle":0,"axis":"y","origin":[8,11.22652,7.96883]},"faces":{"north":{"uv":[6.33333,7,7.33333,11.33333],"texture":"#2"},"east":{"uv":[7.33333,7,8.33333,11.33333],"texture":"#2"},"south":{"uv":[0,7.66667,1,12],"texture":"#2"},"west":{"uv":[8.33333,7,9.33333,11.33333],"texture":"#2"},"up":{"uv":[14,6,13,5],"texture":"#2"},"down":{"uv":[14,7.66667,13,8.66667],"texture":"#2"}}},{"from":[4.73139,22.32001,-4.21002],"to":[7.18285,24.77147,-2.57572],"rotation":{"angle":0,"axis":"y","origin":[8,21.50101,6.01459]},"faces":{"north":{"uv":[6.33333,2,7,2.66667],"texture":"#2"},"east":{"uv":[1,7.66667,1.66667,8.33333],"texture":"#2"},"south":{"uv":[5.66667,9,6.33333,9.66667],"texture":"#2"},"west":{"uv":[5.66667,9.66667,6.33333,10.33333],"texture":"#2"},"up":{"uv":[4,12.66667,3.33333,12],"texture":"#2"},"down":{"uv":[10.66667,12.66667,10,13.33333],"texture":"#2"}}},{"from":[8.81715,22.32001,-4.21002],"to":[11.26861,24.77147,-2.57572],"rotation":{"angle":0,"axis":"y","origin":[8,21.50101,6.01459]},"faces":{"north":{"uv":[13,10,13.66667,10.66667],"texture":"#2"},"east":{"uv":[10.66667,13,11.33333,13.66667],"texture":"#2"},"south":{"uv":[13,10.66667,13.66667,11.33333],"texture":"#2"},"west":{"uv":[11.33333,13,12,13.66667],"texture":"#2"},"up":{"uv":[2,14,1.33333,13.33333],"texture":"#2"},"down":{"uv":[2.66667,13.33333,2,14],"texture":"#2"}}},{"from":[4.73139,22.32001,18.02572],"to":[7.18285,24.77147,19.66002],"rotation":{"angle":0,"axis":"y","origin":[8,21.50101,9.98541]},"faces":{"north":{"uv":[4.66667,13.66667,5.33333,14.33333],"texture":"#2"},"east":{"uv":[5.33333,13.66667,6,14.33333],"texture":"#2"},"south":{"uv":[6,13.66667,6.66667,14.33333],"texture":"#2"},"west":{"uv":[6.66667,13.66667,7.33333,14.33333],"texture":"#2"},"up":{"uv":[14.33333,7.33333,13.66667,6.66667],"texture":"#2"},"down":{"uv":[8,13.66667,7.33333,14.33333],"texture":"#2"}}},{"from":[8.81715,22.32001,18.02572],"to":[11.26861,24.77147,19.66002],"rotation":{"angle":0,"axis":"y","origin":[8,21.50101,9.98541]},"faces":{"north":{"uv":[13.33333,13.33333,14,14],"texture":"#2"},"east":{"uv":[13.66667,2,14.33333,2.66667],"texture":"#2"},"south":{"uv":[13.66667,2.66667,14.33333,3.33333],"texture":"#2"},"west":{"uv":[3.33333,13.66667,4,14.33333],"texture":"#2"},"up":{"uv":[14.33333,4,13.66667,3.33333],"texture":"#2"},"down":{"uv":[4.66667,13.66667,4,14.33333],"texture":"#2"}}},{"from":[6.00819,16.19137,19.66002],"to":[9.99181,18.91521,20.34098],"rotation":{"angle":0,"axis":"y","origin":[8,21.50101,9.98541]},"faces":{"north":{"uv":[13,0,14.33333,1],"texture":"#2"},"east":{"uv":[8.66667,13.66667,9,14.66667],"texture":"#2"},"south":{"uv":[13,1,14.33333,2],"texture":"#2"},"west":{"uv":[9,13.66667,9.33333,14.66667],"texture":"#2"},"up":{"uv":[14.66667,13,13.33333,12.66667],"texture":"#2"},"down":{"uv":[14.66667,13,13.33333,13.33333],"texture":"#2"}}},{"from":[4.73139,16.19137,12.16946],"to":[11.26861,22.32001,19.66002],"rotation":{"angle":0,"axis":"y","origin":[8,21.50101,9.98541]},"faces":{"north":{"uv":[6.33333,5,8.66667,7],"texture":"#2"},"east":{"uv":[1.66667,6.66667,4,8.66667],"texture":"#2"},"south":{"uv":[7,2,9.33333,4],"texture":"#2"},"west":{"uv":[4,7,6.33333,9],"texture":"#2"},"up":{"uv":[4.66667,2.33333,2.33333,0],"texture":"#2"},"down":{"uv":[4.66667,2.33333,2.33333,4.66667],"texture":"#2"}}},{"from":[5.73139,17.19137,2.6789],"to":[10.26861,21.32001,12.16946],"rotation":{"angle":0,"axis":"y","origin":[8,21.50101,10.49485]},"faces":{"north":{"uv":[4,9,5.66667,10.33333],"texture":"#2"},"east":{"uv":[8.66667,0,11.66667,1.33333],"texture":"#2"},"south":{"uv":[9.33333,6.66667,11,8],"texture":"#2"},"west":{"uv":[1,8.66667,4,10],"texture":"#2"},"up":{"uv":[1.66667,7.66667,0,4.66667],"texture":"#2"},"down":{"uv":[6.33333,0,4.66667,3],"texture":"#2"}}},{"from":[1.25793,15.43556,18.70179],"to":[14.74207,17.76444,20.94821],"rotation":{"angle":0,"axis":"y","origin":[8,8,8]},"faces":{"north":{"uv":[8.66667,6,13,6.66667],"texture":"#2"},"east":{"uv":[13.33333,11.33333,14,12],"texture":"#2"},"south":{"uv":[9.33333,2,13.66667,2.66667],"texture":"#2"},"west":{"uv":[13.33333,12,14,12.66667],"texture":"#2"},"up":{"uv":[13.66667,3.33333,9.33333,2.66667],"texture":"#2"},"down":{"uv":[13.66667,3.33333,9.33333,4],"texture":"#2"}}}],"gui_light":"front","display":{"thirdperson_righthand":{"translation":[0,4,1.75],"scale":[0.59,0.59,0.59]},"thirdperson_lefthand":{"translation":[0,4,1.75],"scale":[0.59,0.59,0.59]},"firstperson_righthand":{"translation":[2,-0.25,-0.75]},"firstperson_lefthand":{"translation":[2,-0.25,-0.75]},"ground":{"rotation":[0,0,39],"translation":[0,2.75,0],"scale":[0.25,0.25,0.25]},"gui":{"rotation":[112,44,-109],"translation":[-0.75,-1.25,-1.75],"scale":[0.41,0.41,0.41]},"head":{"scale":[0,0,0]},"fixed":{"rotation":[91,-49,92],"translation":[0.5,-1.25,-1.75],"scale":[0.46,0.46,0.46]}}}