{"credit":"MadewithBlockbench","texture_size":[48,48],"textures":{"0":"pandaset:hat1","1":"pandaset:hat2","particle":"pandaset:hat1"},"elements":[{"from":[-2.496,-4.932,7.529],"to":[18.496,8.86,18.546],"rotation":{"angle":0,"axis":"y","origin":[8,8.764,8.05]},"faces":{"north":{"uv":[4.2,6,8.4,8.8],"texture":"#0","tintindex":0},"east":{"uv":[8.4,10.4,10.6,13.2],"texture":"#0","tintindex":0},"south":{"uv":[0,8.4,4.2,11.2],"texture":"#0","tintindex":0},"west":{"uv":[10.6,10.4,12.8,13.2],"texture":"#0","tintindex":0},"up":{"uv":[12.6,2.2,8.4,0],"texture":"#0"},"down":{"uv":[12.6,2.2,8.4,4.4],"texture":"#0","tintindex":0}}},{"from":[-2.696,-5.732,-2.446],"to":[18.696,0.86,-2.446],"rotation":{"angle":0,"axis":"y","origin":[8,8.764,-2.35]},"faces":{"north":{"uv":[4.2,10.8,8.4,12.2],"texture":"#0","tintindex":0},"east":{"uv":[4.2,12.2,7.2,13.6],"texture":"#0"},"south":{"uv":[0,11.2,4.2,12.6],"texture":"#0","tintindex":0},"west":{"uv":[0,12.6,3,14],"texture":"#0"},"up":{"uv":[8.4,3,4.2,0],"texture":"#0"},"down":{"uv":[8.4,0,4.2,3],"texture":"#0"}}},{"from":[-2.696,-5.732,-2.446],"to":[-2.696,0.86,12.726],"rotation":{"angle":0,"axis":"y","origin":[8,8.764,-2.35]},"faces":{"north":{"uv":[4.2,10.8,8.4,12.2],"texture":"#0"},"east":{"uv":[4.2,12.2,7.2,13.6],"texture":"#0","tintindex":0},"south":{"uv":[0,11.2,4.2,12.6],"texture":"#0"},"west":{"uv":[0,12.6,3,14],"texture":"#0","tintindex":0},"up":{"uv":[8.4,3,4.2,0],"texture":"#0"},"down":{"uv":[8.4,0,4.2,3],"texture":"#0"}}},{"from":[18.696,-5.732,-2.446],"to":[18.696,0.86,12.726],"rotation":{"angle":0,"axis":"y","origin":[8,8.764,-2.35]},"faces":{"north":{"uv":[4.2,10.8,8.4,12.2],"texture":"#0"},"east":{"uv":[4.2,12.2,7.2,13.6],"texture":"#0","tintindex":0},"south":{"uv":[0,11.2,4.2,12.6],"texture":"#0"},"west":{"uv":[0,12.6,3,14],"texture":"#0","tintindex":0},"up":{"uv":[8.4,3,4.2,0],"texture":"#0"},"down":{"uv":[8.4,0,4.2,3],"texture":"#0"}}},{"from":[-2.696,-5.732,-2.446],"to":[18.696,-5.732,12.726],"rotation":{"angle":0,"axis":"y","origin":[8,13.764,-2.35]},"faces":{"north":{"uv":[4.2,10.8,8.4,12.2],"texture":"#0"},"east":{"uv":[4.2,12.2,7.2,13.6],"texture":"#0"},"south":{"uv":[0,11.2,4.2,12.6],"texture":"#0"},"west":{"uv":[0,12.6,3,14],"texture":"#0"},"up":{"uv":[8.4,6,4.2,3],"texture":"#0","tintindex":0},"down":{"uv":[8.4,3,4.2,6],"texture":"#0","tintindex":0}}},{"from":[-2.496,8.86,-2.446],"to":[18.496,18.652,18.546],"rotation":{"angle":0,"axis":"y","origin":[8,8.156,8.05]},"faces":{"north":{"uv":[8.4,4.4,12.6,6.4],"texture":"#0","tintindex":0},"east":{"uv":[8.4,6.4,12.6,8.4],"texture":"#0","tintindex":0},"south":{"uv":[8.4,8.4,12.6,10.4],"texture":"#0","tintindex":0},"west":{"uv":[4.2,8.8,8.4,10.8],"texture":"#0","tintindex":0},"up":{"uv":[4.2,4.2,0,0],"texture":"#0","tintindex":0},"down":{"uv":[4.2,4.2,0,8.4],"texture":"#0","tintindex":0}}},{"from":[-4.41887,7.96305,-4.36887],"to":[20.41887,19.54895,20.46887],"rotation":{"angle":22.5,"axis":"x","origin":[8,13.756,8.05]},"faces":{"north":{"uv":[8,0,16,3.66667],"texture":"#1"},"east":{"uv":[8,3.66667,16,7.33333],"texture":"#1"},"south":{"uv":[8,7.33333,16,11],"texture":"#1"},"west":{"uv":[8,11,16,14.66667],"texture":"#1"},"up":{"uv":[8,8,0,0],"texture":"#1"},"down":{"uv":[8,8,0,16],"texture":"#1"}}},{"from":[-6.496,13.1,1.554],"to":[1.696,24.492,4.946],"rotation":{"angle":0,"axis":"y","origin":[-2.4,19.996,3.25]},"faces":{"north":{"uv":[12.6,0,14.2,2.2],"texture":"#0"},"east":{"uv":[7.2,12.2,7.8,14.4],"texture":"#0"},"south":{"uv":[12.6,2.2,14.2,4.4],"texture":"#0"},"west":{"uv":[7.8,12.2,8.4,14.4],"texture":"#0"},"up":{"uv":[14.2,9.4,12.6,8.8],"texture":"#0"},"down":{"uv":[14.2,9.4,12.6,10],"texture":"#0"}}},{"from":[14.304,13.1,1.554],"to":[22.496,24.492,4.946],"rotation":{"angle":0,"axis":"y","origin":[18.4,19.996,3.25]},"faces":{"north":{"uv":[14.2,0,12.6,2.2],"texture":"#0"},"east":{"uv":[8.4,12.2,7.8,14.4],"texture":"#0"},"south":{"uv":[14.2,2.2,12.6,4.4],"texture":"#0"},"west":{"uv":[7.8,12.2,7.2,14.4],"texture":"#0"},"up":{"uv":[12.6,9.4,14.2,8.8],"texture":"#0"},"down":{"uv":[12.6,9.4,14.2,10],"texture":"#0"}}}],"gui_light":"front","display":{"thirdperson_righthand":{"rotation":[21,0,0],"scale":[0.23,0.23,0.23]},"thirdperson_lefthand":{"scale":[0.23,0.23,0.23]},"firstperson_righthand":{"translation":[3,3.25,0],"scale":[0.43,0.43,0.43]},"firstperson_lefthand":{"translation":[3,3.25,0],"scale":[0.43,0.43,0.43]},"ground":{"translation":[-0.25,3.25,0.25],"scale":[0.27,0.27,0.27]},"gui":{"rotation":[20,136,0],"scale":[0.41,0.41,0.41]},"head":{"translation":[0,2.25,-0.5],"scale":[0.73,0.73,0.73]},"fixed":{"translation":[0,0,-7],"scale":[0.57,0.57,0.57]}}}