{"credit":"MadewithBlockbench","texture_size":[48,48],"textures":{"1":"pandaset:hoe"},"elements":[{"from":[6.04678,-2.80941,6.09924],"to":[9.84678,-0.90941,9.89924],"rotation":{"angle":0,"axis":"y","origin":[8,8,8]},"faces":{"north":{"uv":[11,5.66667,12.33333,6.33333],"texture":"#1"},"east":{"uv":[6,11,7.33333,11.66667],"texture":"#1"},"south":{"uv":[7.33333,11,8.66667,11.66667],"texture":"#1"},"west":{"uv":[0,11.33333,1.33333,12],"texture":"#1"},"up":{"uv":[3.66667,9.66667,2.33333,8.33333],"texture":"#1"},"down":{"uv":[5,8.66667,3.66667,10],"texture":"#1"}}},{"from":[6.42678,-5.44941,6.47924],"to":[9.46678,0.63059,9.51924],"rotation":{"angle":0,"axis":"y","origin":[8,8,8]},"faces":{"north":{"uv":[3.66667,6,4.66667,8],"texture":"#1"},"east":{"uv":[1.33333,6.66667,2.33333,8.66667],"texture":"#1"},"south":{"uv":[6.66667,4.66667,7.66667,6.66667],"texture":"#1"},"west":{"uv":[6.66667,6.66667,7.66667,8.66667],"texture":"#1"},"up":{"uv":[2.33333,9.66667,1.33333,8.66667],"texture":"#1"},"down":{"uv":[3.66667,11,2.66667,12],"texture":"#1"}}},{"from":[6.04678,-7.96941,6.09924],"to":[9.84678,-4.92941,9.89924],"rotation":{"angle":0,"axis":"y","origin":[8,7,8]},"faces":{"north":{"uv":[9,8.66667,10.33333,9.66667],"texture":"#1"},"east":{"uv":[1.33333,9.66667,2.66667,10.66667],"texture":"#1"},"south":{"uv":[9,9.66667,10.33333,10.66667],"texture":"#1"},"west":{"uv":[2.66667,10,4,11],"texture":"#1"},"up":{"uv":[10,6,8.66667,4.66667],"texture":"#1"},"down":{"uv":[6.33333,8.66667,5,10],"texture":"#1"}}},{"from":[6.04678,0.63059,6.09924],"to":[9.84678,3.67059,9.89924],"rotation":{"angle":0,"axis":"y","origin":[8,8,8]},"faces":{"north":{"uv":[6,10,7.33333,11],"texture":"#1"},"east":{"uv":[10,6.66667,11.33333,7.66667],"texture":"#1"},"south":{"uv":[7.33333,10,8.66667,11],"texture":"#1"},"west":{"uv":[10,7.66667,11.33333,8.66667],"texture":"#1"},"up":{"uv":[10,8.66667,8.66667,7.33333],"texture":"#1"},"down":{"uv":[9,8.66667,7.66667,10],"texture":"#1"}}},{"from":[6.04678,14.45441,6.09924],"to":[9.84678,17.76941,9.89924],"rotation":{"angle":0,"axis":"y","origin":[8,6.8,8]},"faces":{"north":{"uv":[10.33333,8.66667,11.66667,9.66667],"texture":"#1"},"east":{"uv":[10.33333,9.66667,11.66667,10.66667],"texture":"#1"},"south":{"uv":[1.33333,10.66667,2.66667,11.66667],"texture":"#1"},"west":{"uv":[8.66667,10.66667,10,11.66667],"texture":"#1"},"up":{"uv":[1.33333,10.33333,0,9],"texture":"#1"},"down":{"uv":[10.33333,2.66667,9,4],"texture":"#1"}}},{"from":[6.04678,17.15441,-1.50076],"to":[9.84678,20.46941,5.29924],"rotation":{"angle":-22.5,"axis":"x","origin":[7.94678,19.41191,1.89924]},"faces":{"north":{"uv":[10,10.66667,11.33333,11.66667],"texture":"#1"},"east":{"uv":[6.66667,2.66667,9,3.66667],"texture":"#1"},"south":{"uv":[11,0,12.33333,1],"texture":"#1"},"west":{"uv":[6.66667,3.66667,9,4.66667],"texture":"#1"},"up":{"uv":[3.66667,8.33333,2.33333,6],"texture":"#1"},"down":{"uv":[1.33333,6.66667,0,9],"texture":"#1"}}},{"from":[6.29678,14.45336,-5.70304],"to":[9.59678,16.51836,0.09696],"rotation":{"angle":-45,"axis":"x","origin":[7.94678,15.93586,-3.30304]},"faces":{"north":{"uv":[3.66667,8,4.66667,8.66667],"texture":"#1"},"east":{"uv":[11,1,13,1.66667],"texture":"#1"},"south":{"uv":[9,4,10,4.66667],"texture":"#1"},"west":{"uv":[11,1.66667,13,2.33333],"texture":"#1"},"up":{"uv":[8.66667,6.66667,7.66667,4.66667],"texture":"#1"},"down":{"uv":[8.66667,6.66667,7.66667,8.66667],"texture":"#1"}}},{"from":[6.19878,-6.0084,-5.00948],"to":[9.69478,-2.2084,-1.20948],"rotation":{"angle":-45,"axis":"x","origin":[8,7,8]},"faces":{"north":{"uv":[4,10,5,11.33333],"texture":"#1"},"east":{"uv":[8.66667,6,10,7.33333],"texture":"#1"},"south":{"uv":[10,4,11,5.33333],"texture":"#1"},"west":{"uv":[6.33333,8.66667,7.66667,10],"texture":"#1"},"up":{"uv":[6,11.33333,5,10],"texture":"#1"},"down":{"uv":[11,5.33333,10,6.66667],"texture":"#1"}}},{"from":[4.73139,17.59137,4.54446],"to":[11.26861,23.72001,12.03502],"rotation":{"angle":0,"axis":"y","origin":[8,21.50101,9.98541]},"faces":{"north":{"uv":[2.33333,0,4.66667,2],"texture":"#1"},"east":{"uv":[2.33333,2,4.66667,4],"texture":"#1"},"south":{"uv":[2.33333,4,4.66667,6],"texture":"#1"},"west":{"uv":[0,4.66667,2.33333,6.66667],"texture":"#1"},"up":{"uv":[2.33333,2.33333,0,0],"texture":"#1"},"down":{"uv":[2.33333,2.33333,0,4.66667],"texture":"#1"}}},{"from":[1.25793,16.83556,11.07679],"to":[14.74207,19.16444,13.32321],"rotation":{"angle":0,"axis":"y","origin":[8,8,8]},"faces":{"north":{"uv":[6.66667,0,11,0.66667],"texture":"#1"},"east":{"uv":[7,11.66667,7.66667,12.33333],"texture":"#1"},"south":{"uv":[6.66667,0.66667,11,1.33333],"texture":"#1"},"west":{"uv":[7.66667,11.66667,8.33333,12.33333],"texture":"#1"},"up":{"uv":[11,2,6.66667,1.33333],"texture":"#1"},"down":{"uv":[11,2,6.66667,2.66667],"texture":"#1"}}},{"from":[6.00819,17.59137,12.03502],"to":[9.99181,20.31521,12.71598],"rotation":{"angle":0,"axis":"y","origin":[8,21.50101,9.98541]},"faces":{"north":{"uv":[0,10.33333,1.33333,11.33333],"texture":"#1"},"east":{"uv":[8.33333,11.66667,8.66667,12.66667],"texture":"#1"},"south":{"uv":[10.33333,2.66667,11.66667,3.66667],"texture":"#1"},"west":{"uv":[8.66667,11.66667,9,12.66667],"texture":"#1"},"up":{"uv":[12.66667,8.66667,11.33333,8.33333],"texture":"#1"},"down":{"uv":[7,11.66667,5.66667,12],"texture":"#1"}}},{"from":[6.70618,3.63651,6.54164],"to":[9.29382,16.41779,9.1986],"rotation":{"angle":0,"axis":"y","origin":[8,11.22652,7.96883]},"faces":{"north":{"uv":[4.66667,0,5.66667,4.33333],"texture":"#1"},"east":{"uv":[4.66667,4.33333,5.66667,8.66667],"texture":"#1"},"south":{"uv":[5.66667,0,6.66667,4.33333],"texture":"#1"},"west":{"uv":[5.66667,4.33333,6.66667,8.66667],"texture":"#1"},"up":{"uv":[12,4.66667,11,3.66667],"texture":"#1"},"down":{"uv":[12,4.66667,11,5.66667],"texture":"#1"}}},{"from":[4.73139,23.72001,10.40072],"to":[7.18285,26.17147,12.03502],"rotation":{"angle":0,"axis":"y","origin":[8,21.50101,9.98541]},"faces":{"north":{"uv":[3.66667,11.33333,4.33333,12],"texture":"#1"},"east":{"uv":[4.33333,11.33333,5,12],"texture":"#1"},"south":{"uv":[5,11.33333,5.66667,12],"texture":"#1"},"west":{"uv":[11.33333,6.33333,12,7],"texture":"#1"},"up":{"uv":[12,7.66667,11.33333,7],"texture":"#1"},"down":{"uv":[12,7.66667,11.33333,8.33333],"texture":"#1"}}},{"from":[8.81715,23.72001,10.40072],"to":[11.26861,26.17147,12.03502],"rotation":{"angle":0,"axis":"y","origin":[8,21.50101,9.98541]},"faces":{"north":{"uv":[11.33333,10.66667,12,11.33333],"texture":"#1"},"east":{"uv":[11.33333,11.33333,12,12],"texture":"#1"},"south":{"uv":[1.33333,11.66667,2,12.33333],"texture":"#1"},"west":{"uv":[2,11.66667,2.66667,12.33333],"texture":"#1"},"up":{"uv":[12.33333,3,11.66667,2.33333],"texture":"#1"},"down":{"uv":[12.33333,3,11.66667,3.66667],"texture":"#1"}}}],"gui_light":"front","display":{"thirdperson_righthand":{"translation":[0,4,1.75],"scale":[0.59,0.59,0.59]},"thirdperson_lefthand":{"translation":[0,4,1.75],"scale":[0.59,0.59,0.59]},"firstperson_righthand":{"translation":[1.75,3.5,0]},"firstperson_lefthand":{"translation":[1.75,3.5,0]},"ground":{"rotation":[0,0,39],"translation":[0,2.75,0],"scale":[0.25,0.25,0.25]},"gui":{"rotation":[112,44,-109],"translation":[0.25,-1,-1.75],"scale":[0.43,0.43,0.43]},"head":{"rotation":[0,0,39],"translation":[0,2.75,0],"scale":[0.25,0.25,0.25]},"fixed":{"rotation":[91,-49,92],"translation":[0.5,-1.25,-1.75],"scale":[0.46,0.46,0.46]}}}