{"credit":"MadewithBlockbench","texture_size":[32,32],"textures":{"2":"pandaset:key","particle":"pandaset:key"},"elements":[{"from":[6.04678,-6.90941,6.09924],"to":[9.84678,-5.00941,9.89924],"rotation":{"angle":0,"axis":"y","origin":[8,8,8]},"faces":{"north":{"uv":[5.5,13.5,7.5,14.5],"texture":"#2"},"east":{"uv":[13.5,6.5,15.5,7.5],"texture":"#2"},"south":{"uv":[13.5,7.5,15.5,8.5],"texture":"#2"},"west":{"uv":[13.5,8.5,15.5,9.5],"texture":"#2"},"up":{"uv":[13.5,13,11.5,11],"texture":"#2"},"down":{"uv":[14,0,12,2],"texture":"#2"}}},{"from":[6.42678,-9.54941,6.47924],"to":[9.46678,-3.46941,9.51924],"rotation":{"angle":0,"axis":"y","origin":[8,8,8]},"faces":{"north":{"uv":[8.5,9.5,10,12.5],"texture":"#2"},"east":{"uv":[3.5,10,5,13],"texture":"#2"},"south":{"uv":[10,9,11.5,12],"texture":"#2"},"west":{"uv":[0,10.5,1.5,13.5],"texture":"#2"},"up":{"uv":[10,14,8.5,12.5],"texture":"#2"},"down":{"uv":[1.5,13.5,0,15],"texture":"#2"}}},{"from":[6.04678,-3.46941,6.09924],"to":[9.84678,-0.42941,9.89924],"rotation":{"angle":0,"axis":"y","origin":[8,8,8]},"faces":{"north":{"uv":[1.5,12.5,3.5,14],"texture":"#2"},"east":{"uv":[11.5,13,13.5,14.5],"texture":"#2"},"south":{"uv":[13.5,2,15.5,3.5],"texture":"#2"},"west":{"uv":[3.5,13.5,5.5,15],"texture":"#2"},"up":{"uv":[13.5,7,11.5,5],"texture":"#2"},"down":{"uv":[13.5,9,11.5,11],"texture":"#2"}}},{"from":[6.19878,-6.0084,-5.00948],"to":[9.69478,-2.2084,-1.20948],"rotation":{"angle":-45,"axis":"x","origin":[8,7,8]},"faces":{"north":{"uv":[7,11.5,8.5,13.5],"texture":"#2"},"east":{"uv":[1.5,10.5,3.5,12.5],"texture":"#2"},"south":{"uv":[12,2,13.5,4],"texture":"#2"},"west":{"uv":[5,11.5,7,13.5],"texture":"#2"},"up":{"uv":[13.5,9,12,7],"texture":"#2"},"down":{"uv":[11.5,12,10,14],"texture":"#2"}}},{"from":[5.0816,-1.48517,4.52612],"to":[10.9184,3.98683,11.21412],"rotation":{"angle":0,"axis":"y","origin":[8,3.7,8]},"faces":{"north":{"uv":[9,0,12,2.5],"texture":"#2"},"east":{"uv":[6,7,9.5,9.5],"texture":"#2"},"south":{"uv":[9,2.5,12,5],"texture":"#2"},"west":{"uv":[0,8,3.5,10.5],"texture":"#2"},"up":{"uv":[9,3.5,6,0],"texture":"#2"},"down":{"uv":[9,3.5,6,7],"texture":"#2"}}},{"from":[6.2216,-1.48517,3.91812],"to":[9.7784,0.94683,4.52612],"rotation":{"angle":0,"axis":"y","origin":[8,3.7,8]},"faces":{"north":{"uv":[13.5,9.5,15.5,10.5],"texture":"#2"},"east":{"uv":[8.5,14,9,15],"texture":"#2"},"south":{"uv":[13.5,10.5,15.5,11.5],"texture":"#2"},"west":{"uv":[9,14,9.5,15],"texture":"#2"},"up":{"uv":[15.5,13,13.5,12.5],"texture":"#2"},"down":{"uv":[15.5,13,13.5,13.5],"texture":"#2"}}},{"from":[6.76394,3.44506,6.68403],"to":[9.28349,19.78473,9.27107],"rotation":{"angle":0,"axis":"y","origin":[8.02371,3.8248,8.07366]},"faces":{"north":{"uv":[0,0,1.5,8],"texture":"#2"},"east":{"uv":[1.5,0,3,8],"texture":"#2"},"south":{"uv":[3,0,4.5,8],"texture":"#2"},"west":{"uv":[4.5,0,6,8],"texture":"#2"},"up":{"uv":[15,5,13.5,3.5],"texture":"#2"},"down":{"uv":[15,5,13.5,6.5],"texture":"#2"}}},{"from":[8.15869,13.65196,3.7892],"to":[8.15869,17.61883,8.62584],"rotation":{"angle":22.5,"axis":"x","origin":[8.02371,3.8248,8.07366]},"faces":{"north":{"uv":[0,0,0,2],"texture":"#2"},"east":{"uv":[3.5,8,6,10],"texture":"#2"},"south":{"uv":[0,0,0,2],"texture":"#2"},"west":{"uv":[9,5,11.5,7],"texture":"#2"},"up":{"uv":[0,2.5,0,0],"texture":"#2"},"down":{"uv":[0,0,0,2.5],"texture":"#2"}}},{"from":[8.15869,8.44334,5.81786],"to":[8.15869,12.41021,10.6545],"rotation":{"angle":-22.5,"axis":"x","origin":[8.02371,3.8248,8.07366]},"faces":{"north":{"uv":[0,0,0,2],"texture":"#2"},"east":{"uv":[6,9.5,8.5,11.5],"texture":"#2"},"south":{"uv":[0,0,0,2],"texture":"#2"},"west":{"uv":[9.5,7,12,9],"texture":"#2"},"up":{"uv":[0,2.5,0,0],"texture":"#2"},"down":{"uv":[0,0,0,2.5],"texture":"#2"}}},{"from":[8.7296,3.98683,4.52612],"to":[10.9184,6.17563,5.98532],"rotation":{"angle":0,"axis":"y","origin":[8,3.7,8]},"faces":{"north":{"uv":[5,10,6,11],"texture":"#2"},"east":{"uv":[13,4,13.5,5],"texture":"#2"},"south":{"uv":[12,4,13,5],"texture":"#2"},"west":{"uv":[13.5,13.5,14,14.5],"texture":"#2"},"up":{"uv":[6,11.5,5,11],"texture":"#2"},"down":{"uv":[4.5,13,3.5,13.5],"texture":"#2"}}},{"from":[5.0816,3.98683,4.52612],"to":[7.2704,6.17563,5.98532],"rotation":{"angle":0,"axis":"y","origin":[8,3.7,8]},"faces":{"north":{"uv":[7.5,13.5,8.5,14.5],"texture":"#2"},"east":{"uv":[14,0,14.5,1],"texture":"#2"},"south":{"uv":[13.5,11.5,14.5,12.5],"texture":"#2"},"west":{"uv":[14,1,14.5,2],"texture":"#2"},"up":{"uv":[2.5,14.5,1.5,14],"texture":"#2"},"down":{"uv":[3.5,14,2.5,14.5],"texture":"#2"}}}],"gui_light":"front","display":{"thirdperson_righthand":{"translation":[0,4.5,1.75],"scale":[0.43,0.43,0.43]},"thirdperson_lefthand":{"translation":[0,4.5,1.75],"scale":[0.43,0.43,0.43]},"firstperson_righthand":{"rotation":[-85.75,0,0],"translation":[0,3,0],"scale":[0.5,0.5,0.5]},"firstperson_lefthand":{"rotation":[-85.75,0,0],"translation":[0,3,0],"scale":[0.5,0.5,0.5]},"ground":{"rotation":[0,0,39],"translation":[0,2.75,0],"scale":[0.25,0.25,0.25]},"gui":{"rotation":[112,44,-109],"translation":[1,1.25,-1.75],"scale":[0.5,0.5,0.5]},"fixed":{"rotation":[91,-49,92],"translation":[-0.25,1.25,-1.75],"scale":[0.46,0.46,0.46]}}}