{"credit":"MadewithBlockbench","texture_size":[48,48],"textures":{"2":"pandaset:pickaxe","particle":"pandaset:pickaxe"},"elements":[{"from":[6.04678,-2.80941,6.09924],"to":[9.84678,-0.90941,9.89924],"rotation":{"angle":0,"axis":"y","origin":[8,8,8]},"faces":{"north":{"uv":[8,2.33333,9.33333,3],"texture":"#2"},"east":{"uv":[11.66667,8.33333,13,9],"texture":"#2"},"south":{"uv":[12,1,13.33333,1.66667],"texture":"#2"},"west":{"uv":[12,1.66667,13.33333,2.33333],"texture":"#2"},"up":{"uv":[9.33333,10.33333,8,9],"texture":"#2"},"down":{"uv":[10.66667,2,9.33333,3.33333],"texture":"#2"}}},{"from":[6.42678,-5.44941,6.47924],"to":[9.46678,0.63059,9.51924],"rotation":{"angle":0,"axis":"y","origin":[8,8,8]},"faces":{"north":{"uv":[2,8.33333,3,10.33333],"texture":"#2"},"east":{"uv":[3,8.33333,4,10.33333],"texture":"#2"},"south":{"uv":[8.66667,5,9.66667,7],"texture":"#2"},"west":{"uv":[9,0,10,2],"texture":"#2"},"up":{"uv":[12.33333,11,11.33333,10],"texture":"#2"},"down":{"uv":[12.33333,11,11.33333,12],"texture":"#2"}}},{"from":[6.04678,-7.96941,6.09924],"to":[9.84678,-4.92941,9.89924],"rotation":{"angle":0,"axis":"y","origin":[8,7,8]},"faces":{"north":{"uv":[9.66667,6,11,7],"texture":"#2"},"east":{"uv":[10.33333,7,11.66667,8],"texture":"#2"},"south":{"uv":[8,10.33333,9.33333,11.33333],"texture":"#2"},"west":{"uv":[10.33333,8,11.66667,9],"texture":"#2"},"up":{"uv":[10.66667,4.66667,9.33333,3.33333],"texture":"#2"},"down":{"uv":[10.66667,9,9.33333,10.33333],"texture":"#2"}}},{"from":[6.04678,0.63059,6.09924],"to":[9.84678,3.67059,9.89924],"rotation":{"angle":0,"axis":"y","origin":[8,8,8]},"faces":{"north":{"uv":[10.66667,1.33333,12,2.33333],"texture":"#2"},"east":{"uv":[10.66667,2.33333,12,3.33333],"texture":"#2"},"south":{"uv":[10.66667,3.33333,12,4.33333],"texture":"#2"},"west":{"uv":[10.66667,9,12,10],"texture":"#2"},"up":{"uv":[5.33333,11.33333,4,10],"texture":"#2"},"down":{"uv":[6.66667,10,5.33333,11.33333],"texture":"#2"}}},{"from":[6.04678,14.45441,6.09924],"to":[9.84678,17.76941,9.89924],"rotation":{"angle":0,"axis":"y","origin":[8,6.8,8]},"faces":{"north":{"uv":[11,4.33333,12.33333,5.33333],"texture":"#2"},"east":{"uv":[11,5.33333,12.33333,6.33333],"texture":"#2"},"south":{"uv":[11.33333,0,12.66667,1],"texture":"#2"},"west":{"uv":[3.33333,11.33333,4.66667,12.33333],"texture":"#2"},"up":{"uv":[8,11.33333,6.66667,10],"texture":"#2"},"down":{"uv":[3.33333,10.33333,2,11.66667],"texture":"#2"}}},{"from":[6.19878,-6.0084,-5.00948],"to":[9.69478,-2.2084,-1.20948],"rotation":{"angle":-45,"axis":"x","origin":[8,7,8]},"faces":{"north":{"uv":[9.33333,10.33333,10.33333,11.66667],"texture":"#2"},"east":{"uv":[9.66667,4.66667,11,6],"texture":"#2"},"south":{"uv":[10.33333,10.33333,11.33333,11.66667],"texture":"#2"},"west":{"uv":[10,0,11.33333,1.33333],"texture":"#2"},"up":{"uv":[1,12,0,10.66667],"texture":"#2"},"down":{"uv":[2,10.66667,1,12],"texture":"#2"}}},{"from":[5.0816,17.71483,5.32612],"to":[10.9184,23.18683,12.01412],"rotation":{"angle":22.5,"axis":"x","origin":[8,21.70603,5.84612]},"faces":{"north":{"uv":[0,6.66667,2,8.33333],"texture":"#2"},"east":{"uv":[4,5.33333,6.33333,7],"texture":"#2"},"south":{"uv":[2,6.66667,4,8.33333],"texture":"#2"},"west":{"uv":[6.33333,5.33333,8.66667,7],"texture":"#2"},"up":{"uv":[2,2.33333,0,0],"texture":"#2"},"down":{"uv":[4,0,2,2.33333],"texture":"#2"}}},{"from":[6.2216,17.71483,4.71812],"to":[9.7784,20.14683,5.32612],"rotation":{"angle":22.5,"axis":"x","origin":[8,21.70603,5.84612]},"faces":{"north":{"uv":[12,2.33333,13.33333,3],"texture":"#2"},"east":{"uv":[1,12,1.33333,12.66667],"texture":"#2"},"south":{"uv":[12,3,13.33333,3.66667],"texture":"#2"},"west":{"uv":[1.33333,12,1.66667,12.66667],"texture":"#2"},"up":{"uv":[8.33333,5.33333,7,5],"texture":"#2"},"down":{"uv":[13.33333,3.66667,12,4],"texture":"#2"}}},{"from":[6.70618,3.63651,6.54164],"to":[9.29382,16.41779,9.1986],"rotation":{"angle":0,"axis":"y","origin":[8,11.22652,7.96883]},"faces":{"north":{"uv":[0,2.33333,1,6.66667],"texture":"#2"},"east":{"uv":[1,2.33333,2,6.66667],"texture":"#2"},"south":{"uv":[2,2.33333,3,6.66667],"texture":"#2"},"west":{"uv":[3,2.33333,4,6.66667],"texture":"#2"},"up":{"uv":[3,12.66667,2,11.66667],"texture":"#2"},"down":{"uv":[12.66667,6.33333,11.66667,7.33333],"texture":"#2"}}},{"from":[6.45618,14.69674,-0.92118],"to":[9.54382,18.3537,7.86011],"rotation":{"angle":0,"axis":"y","origin":[8,8.72652,8.76883]},"faces":{"north":{"uv":[4.66667,11.33333,5.66667,12.66667],"texture":"#2"},"east":{"uv":[4,0,7,1.33333],"texture":"#2"},"south":{"uv":[5.66667,11.33333,6.66667,12.66667],"texture":"#2"},"west":{"uv":[4,1.33333,7,2.66667],"texture":"#2"},"up":{"uv":[8,3,7,0],"texture":"#2"},"down":{"uv":[5,7,4,10],"texture":"#2"}}},{"from":[6.70618,18.65904,-1.41117],"to":[9.29382,21.566,5.62011],"rotation":{"angle":-45,"axis":"x","origin":[8,12.18882,6.52884]},"faces":{"north":{"uv":[11.66667,7.33333,12.66667,8.33333],"texture":"#2"},"east":{"uv":[7,3,9.33333,4],"texture":"#2"},"south":{"uv":[8.66667,11.66667,9.66667,12.66667],"texture":"#2"},"west":{"uv":[7,4,9.33333,5],"texture":"#2"},"up":{"uv":[8,9.33333,7,7],"texture":"#2"},"down":{"uv":[9,0,8,2.33333],"texture":"#2"}}},{"from":[6.45618,14.69674,8.13989],"to":[9.54382,18.3537,16.92118],"rotation":{"angle":0,"axis":"y","origin":[8,8.72652,7.23117]},"faces":{"north":{"uv":[6.66667,11.33333,7.66667,12.66667],"texture":"#2"},"east":{"uv":[4,2.66667,7,4],"texture":"#2"},"south":{"uv":[7.66667,11.33333,8.66667,12.66667],"texture":"#2"},"west":{"uv":[4,4,7,5.33333],"texture":"#2"},"up":{"uv":[6,10,5,7],"texture":"#2"},"down":{"uv":[7,7,6,10],"texture":"#2"}}},{"from":[6.70618,18.65904,10.37989],"to":[9.29382,21.566,17.41117],"rotation":{"angle":45,"axis":"x","origin":[8,12.18882,9.47116]},"faces":{"north":{"uv":[9.66667,11.66667,10.66667,12.66667],"texture":"#2"},"east":{"uv":[8,7,10.33333,8],"texture":"#2"},"south":{"uv":[0,12,1,13],"texture":"#2"},"west":{"uv":[8,8,10.33333,9],"texture":"#2"},"up":{"uv":[1,10.66667,0,8.33333],"texture":"#2"},"down":{"uv":[2,8.33333,1,10.66667],"texture":"#2"}}},{"from":[5.0816,23.18683,5.32612],"to":[7.2704,25.37563,6.78532],"rotation":{"angle":22.5,"axis":"x","origin":[8,21.70603,5.84612]},"faces":{"north":{"uv":[7,9.33333,7.66667,10],"texture":"#2"},"east":{"uv":[7.66667,9.33333,8,10],"texture":"#2"},"south":{"uv":[10,1.33333,10.66667,2],"texture":"#2"},"west":{"uv":[3,11.66667,3.33333,12.33333],"texture":"#2"},"up":{"uv":[11.33333,10.33333,10.66667,10],"texture":"#2"},"down":{"uv":[4,11,3.33333,11.33333],"texture":"#2"}}},{"from":[8.7296,23.18683,5.32612],"to":[10.9184,25.37563,6.78532],"rotation":{"angle":22.5,"axis":"x","origin":[8,21.70603,5.84612]},"faces":{"north":{"uv":[3.33333,10.33333,4,11],"texture":"#2"},"east":{"uv":[10.66667,11.66667,11,12.33333],"texture":"#2"},"south":{"uv":[11,6.33333,11.66667,7],"texture":"#2"},"west":{"uv":[11,11.66667,11.33333,12.33333],"texture":"#2"},"up":{"uv":[12,1.33333,11.33333,1],"texture":"#2"},"down":{"uv":[9.33333,11.33333,8.66667,11.66667],"texture":"#2"}}}],"gui_light":"front","display":{"thirdperson_righthand":{"translation":[0,4,1.75],"scale":[0.59,0.59,0.59]},"thirdperson_lefthand":{"translation":[0,4,1.75],"scale":[0.59,0.59,0.59]},"firstperson_righthand":{"translation":[1.75,3.5,0]},"firstperson_lefthand":{"translation":[1.75,3.5,0]},"ground":{"rotation":[0,0,39],"translation":[0,2.75,0],"scale":[0.25,0.25,0.25]},"gui":{"rotation":[112,44,-109],"translation":[0.25,-1,-1.75],"scale":[0.43,0.43,0.43]},"head":{"rotation":[0,0,39],"translation":[0,2.75,0],"scale":[0.25,0.25,0.25]},"fixed":{"rotation":[91,-49,92],"translation":[0,0,-1.75],"scale":[0.46,0.46,0.46]}}}