{"credit":"MadewithBlockbench","texture_size":[48,48],"textures":{"1":"pandaset:shield2"},"elements":[{"from":[5.0816,21.81483,6.32612],"to":[10.9184,27.28683,13.01412],"rotation":{"angle":22.5,"axis":"x","origin":[8,25.70603,6.04612]},"faces":{"north":{"uv":[6.33333,6.66667,8.33333,8.33333],"texture":"#1"},"east":{"uv":[4,4.66667,6.33333,6.33333],"texture":"#1"},"south":{"uv":[0,7.33333,2,9],"texture":"#1"},"west":{"uv":[6,0,8.33333,1.66667],"texture":"#1"},"up":{"uv":[6,2.33333,4,0],"texture":"#1"},"down":{"uv":[6,2.33333,4,4.66667],"texture":"#1"}}},{"from":[6.2216,21.81483,5.71812],"to":[9.7784,24.24683,6.32612],"rotation":{"angle":22.5,"axis":"x","origin":[8,25.70603,6.04612]},"faces":{"north":{"uv":[10,9,11.33333,9.66667],"texture":"#1"},"east":{"uv":[5.66667,10,6,10.66667],"texture":"#1"},"south":{"uv":[9.66667,10,11,10.66667],"texture":"#1"},"west":{"uv":[2.66667,10.66667,3,11.33333],"texture":"#1"},"up":{"uv":[11.33333,6.66667,10,6.33333],"texture":"#1"},"down":{"uv":[11.33333,9.66667,10,10],"texture":"#1"}}},{"from":[6.26519,1.96837,6.2064],"to":[9.76119,24.04901,9.6112],"rotation":{"angle":0,"axis":"y","origin":[7.6,14.5,8]},"faces":{"north":{"uv":[3,0,4,7.33333],"texture":"#1"},"east":{"uv":[0,0,1,7.33333],"texture":"#1"},"south":{"uv":[1,0,2,7.33333],"texture":"#1"},"west":{"uv":[2,0,3,7.33333],"texture":"#1"},"up":{"uv":[5.66667,11,4.66667,10],"rotation":90,"texture":"#1"},"down":{"uv":[11,4.66667,10,5.66667],"rotation":270,"texture":"#1"}}},{"from":[2.51629,16.56791,6.7912],"to":[9.05229,21.92854,6.7912],"rotation":{"angle":22.5,"axis":"z","origin":[7.6,14.5,6.7]},"faces":{"north":{"uv":[6.33333,3.33333,8.66667,5],"texture":"#1"},"east":{"uv":[0,0,0,1.66667],"texture":"#1"},"south":{"uv":[6,1.66667,8.33333,3.33333],"texture":"#1"},"west":{"uv":[0,0,0,1.66667],"texture":"#1"},"up":{"uv":[0,2.33333,0,0],"rotation":90,"texture":"#1"},"down":{"uv":[0,0,0,2.33333],"rotation":270,"texture":"#1"}}},{"from":[8.9734,9.74608,6.7912],"to":[15.5094,15.10671,6.7912],"rotation":{"angle":-22.5,"axis":"z","origin":[7.6,14.5,6.7]},"faces":{"north":{"uv":[6.33333,5,8.66667,6.66667],"texture":"#1"},"east":{"uv":[0,0,0,1.66667],"texture":"#1"},"south":{"uv":[4,6.33333,6.33333,8],"texture":"#1"},"west":{"uv":[0,0,0,1.66667],"texture":"#1"},"up":{"uv":[0,2.33333,0,0],"rotation":90,"texture":"#1"},"down":{"uv":[0,0,0,2.33333],"rotation":270,"texture":"#1"}}},{"from":[8.7296,27.28683,6.32612],"to":[10.9184,29.47563,7.78532],"rotation":{"angle":22.5,"axis":"x","origin":[8,25.70603,6.04612]},"faces":{"north":{"uv":[1.33333,10.33333,2,11],"texture":"#1"},"east":{"uv":[6,3.33333,6.33333,4],"texture":"#1"},"south":{"uv":[2,10.33333,2.66667,11],"texture":"#1"},"west":{"uv":[6,4,6.33333,4.66667],"texture":"#1"},"up":{"uv":[2,9.33333,1.33333,9],"texture":"#1"},"down":{"uv":[11.33333,1.33333,10.66667,1.66667],"texture":"#1"}}},{"from":[5.0816,27.28683,6.32612],"to":[7.2704,29.47563,7.78532],"rotation":{"angle":22.5,"axis":"x","origin":[8,25.70603,6.04612]},"faces":{"north":{"uv":[10.66667,0,11.33333,0.66667],"texture":"#1"},"east":{"uv":[8.33333,2.66667,8.66667,3.33333],"texture":"#1"},"south":{"uv":[10.66667,0.66667,11.33333,1.33333],"texture":"#1"},"west":{"uv":[3.66667,9.33333,4,10],"texture":"#1"},"up":{"uv":[11.33333,2,10.66667,1.66667],"texture":"#1"},"down":{"uv":[11.33333,2,10.66667,2.33333],"texture":"#1"}}},{"from":[-2.33481,1.96837,2.2064],"to":[1.16119,24.04901,5.6112],"rotation":{"angle":22.5,"axis":"y","origin":[14,20.44464,2.06546]},"faces":{"north":{"uv":[3,0,4,7.33333],"texture":"#1"},"east":{"uv":[0,0,1,7.33333],"texture":"#1"},"south":{"uv":[1,0,2,7.33333],"texture":"#1"},"west":{"uv":[2,0,3,7.33333],"texture":"#1"},"up":{"uv":[5.66667,11,4.66667,10],"rotation":90,"texture":"#1"},"down":{"uv":[11,4.66667,10,5.66667],"rotation":270,"texture":"#1"}}},{"from":[1.13929,10.19859,7.62442],"to":[7.67529,15.55922,7.62442],"rotation":{"angle":0,"axis":"y","origin":[4.40729,12.8789,6.82442]},"faces":{"north":{"uv":[6.33333,5,8.66667,6.66667],"texture":"#1"},"east":{"uv":[0,0,0,1.66667],"texture":"#1"},"south":{"uv":[4,6.33333,6.33333,8],"texture":"#1"},"west":{"uv":[0,0,0,1.66667],"texture":"#1"},"up":{"uv":[0,2.33333,0,0],"rotation":90,"texture":"#1"},"down":{"uv":[0,0,0,2.33333],"rotation":270,"texture":"#1"}}},{"from":[8.32471,10.19859,7.62442],"to":[14.86071,15.55922,7.62442],"rotation":{"angle":0,"axis":"y","origin":[11.59271,12.8789,6.82442]},"faces":{"north":{"uv":[8.66667,5,6.33333,6.66667],"texture":"#1"},"east":{"uv":[0,0,0,1.66667],"texture":"#1"},"south":{"uv":[6.33333,6.33333,4,8],"texture":"#1"},"west":{"uv":[0,0,0,1.66667],"texture":"#1"},"up":{"uv":[0,0,0,2.33333],"rotation":90,"texture":"#1"},"down":{"uv":[0,2.33333,0,0],"rotation":270,"texture":"#1"}}},{"from":[14.83881,1.96837,2.2064],"to":[18.33481,24.04901,5.6112],"rotation":{"angle":-22.5,"axis":"y","origin":[2,20.44464,2.06546]},"faces":{"north":{"uv":[4,0,3,7.33333],"texture":"#1"},"east":{"uv":[3,0,2,7.33333],"texture":"#1"},"south":{"uv":[2,0,1,7.33333],"texture":"#1"},"west":{"uv":[1,0,0,7.33333],"texture":"#1"},"up":{"uv":[5.66667,10,4.66667,11],"rotation":90,"texture":"#1"},"down":{"uv":[11,5.66667,10,4.66667],"rotation":270,"texture":"#1"}}},{"from":[-3.04032,6.252,8.7976],"to":[19.04032,9.748,12.2024],"rotation":{"angle":0,"axis":"y","origin":[8,8,8]},"faces":{"north":{"uv":[4,0,3,7.33333],"rotation":90,"texture":"#1"},"east":{"uv":[11,5.66667,10,4.66667],"rotation":180,"texture":"#1"},"south":{"uv":[2,0,1,7.33333],"rotation":270,"texture":"#1"},"west":{"uv":[5.66667,10,4.66667,11],"texture":"#1"},"up":{"uv":[3,0,2,7.33333],"rotation":270,"texture":"#1"},"down":{"uv":[1,0,0,7.33333],"rotation":270,"texture":"#1"}}},{"from":[-3.04032,17.252,8.7976],"to":[19.04032,20.748,12.2024],"rotation":{"angle":0,"axis":"y","origin":[8,8,8]},"faces":{"north":{"uv":[4,7.33333,3,0],"rotation":90,"texture":"#1"},"east":{"uv":[4.66667,10,5.66667,11],"texture":"#1"},"south":{"uv":[2,7.33333,1,0],"rotation":270,"texture":"#1"},"west":{"uv":[10,5.66667,11,4.66667],"rotation":180,"texture":"#1"},"up":{"uv":[3,7.33333,2,0],"rotation":270,"texture":"#1"},"down":{"uv":[1,7.33333,0,0],"rotation":270,"texture":"#1"}}}],"gui_light":"front","display":{"thirdperson_righthand":{"rotation":[-116.44,-88.65,153.19],"translation":[4.25,-2.25,1.5],"scale":[0.59,0.59,0.59]},"thirdperson_lefthand":{"rotation":[-116.44,-88.65,153.19],"translation":[4.25,-2.25,1.5],"scale":[0.59,0.59,0.59]},"firstperson_righthand":{"rotation":[0,-10,0],"translation":[-1.25,-0.5,0],"scale":[0.63,0.63,0.63]},"firstperson_lefthand":{"translation":[0,-2,0],"scale":[0.63,0.63,0.63]},"ground":{"rotation":[0,0,39],"translation":[0,1.5,0],"scale":[0.25,0.25,0.25]},"gui":{"rotation":[19,152,0],"translation":[-0.25,-3.5,0],"scale":[0.57,0.57,0.57]},"fixed":{"translation":[0,-3.75,-3.75],"scale":[0.65,0.65,0.65]}}}