{"credit":"MadewithBlockbench","texture_size":[48,48],"textures":{"1":"pandaset:shovel"},"elements":[{"from":[6.04678,-2.80941,6.09924],"to":[9.84678,-0.90941,9.89924],"rotation":{"angle":0,"axis":"y","origin":[8,8,8]},"faces":{"north":{"uv":[12.66667,11,14,11.66667],"texture":"#1"},"east":{"uv":[13,5.33333,14.33333,6],"texture":"#1"},"south":{"uv":[5.66667,13,7,13.66667],"texture":"#1"},"west":{"uv":[13,6,14.33333,6.66667],"texture":"#1"},"up":{"uv":[11,7.33333,9.66667,6],"texture":"#1"},"down":{"uv":[11,7.33333,9.66667,8.66667],"texture":"#1"}}},{"from":[6.42678,-5.44941,6.47924],"to":[9.46678,0.63059,9.51924],"rotation":{"angle":0,"axis":"y","origin":[8,8,8]},"faces":{"north":{"uv":[1.33333,7.66667,2.33333,9.66667],"texture":"#1"},"east":{"uv":[2.33333,7.66667,3.33333,9.66667],"texture":"#1"},"south":{"uv":[3.33333,7.66667,4.33333,9.66667],"texture":"#1"},"west":{"uv":[7.66667,6.33333,8.66667,8.33333],"texture":"#1"},"up":{"uv":[3,13.66667,2,12.66667],"texture":"#1"},"down":{"uv":[4,12.66667,3,13.66667],"texture":"#1"}}},{"from":[6.04678,-7.96941,6.09924],"to":[9.84678,-4.92941,9.89924],"rotation":{"angle":0,"axis":"y","origin":[8,7,8]},"faces":{"north":{"uv":[3.33333,2.33333,4.66667,3.33333],"texture":"#1"},"east":{"uv":[5.66667,11,7,12],"texture":"#1"},"south":{"uv":[11,7.66667,12.33333,8.66667],"texture":"#1"},"west":{"uv":[11,8.66667,12.33333,9.66667],"texture":"#1"},"up":{"uv":[11,10,9.66667,8.66667],"texture":"#1"},"down":{"uv":[11.33333,0,10,1.33333],"texture":"#1"}}},{"from":[6.04678,0.63059,6.09924],"to":[9.84678,3.67059,9.89924],"rotation":{"angle":0,"axis":"y","origin":[8,8,8]},"faces":{"north":{"uv":[8.33333,11.33333,9.66667,12.33333],"texture":"#1"},"east":{"uv":[9.66667,11.33333,11,12.33333],"texture":"#1"},"south":{"uv":[11.33333,9.66667,12.66667,10.66667],"texture":"#1"},"west":{"uv":[11.33333,10.66667,12.66667,11.66667],"texture":"#1"},"up":{"uv":[11.33333,5.33333,10,4],"texture":"#1"},"down":{"uv":[10,10,8.66667,11.33333],"texture":"#1"}}},{"from":[6.04678,14.45441,6.09924],"to":[9.84678,17.76941,9.89924],"rotation":{"angle":0,"axis":"y","origin":[8,6.8,8]},"faces":{"north":{"uv":[11.66667,5.33333,13,6.33333],"texture":"#1"},"east":{"uv":[11.66667,6.33333,13,7.33333],"texture":"#1"},"south":{"uv":[11,11.66667,12.33333,12.66667],"texture":"#1"},"west":{"uv":[5.66667,12,7,13],"texture":"#1"},"up":{"uv":[11.33333,11.33333,10,10],"texture":"#1"},"down":{"uv":[1.33333,11,0,12.33333],"texture":"#1"}}},{"from":[6.23678,17.94954,10.73974],"to":[9.65678,24.06954,13.72324],"rotation":{"angle":45,"axis":"x","origin":[7.94678,23.4856,11.85122]},"faces":{"north":{"uv":[8,0,9,2],"texture":"#1"},"east":{"uv":[8,2,9,4],"texture":"#1"},"south":{"uv":[8,4,9,6],"texture":"#1"},"west":{"uv":[7.66667,8.33333,8.66667,10.33333],"texture":"#1"},"up":{"uv":[13.66667,11,12.66667,10],"texture":"#1"},"down":{"uv":[12,12.66667,11,13.66667],"texture":"#1"}}},{"from":[6.23678,17.94954,2.27676],"to":[9.65678,24.06954,5.26026],"rotation":{"angle":-45,"axis":"x","origin":[7.94678,23.4856,4.14878]},"faces":{"north":{"uv":[8.66667,6,9.66667,8],"texture":"#1"},"east":{"uv":[8.66667,8,9.66667,10],"texture":"#1"},"south":{"uv":[9,0,10,2],"texture":"#1"},"west":{"uv":[9,2,10,4],"texture":"#1"},"up":{"uv":[14,2.33333,13,1.33333],"texture":"#1"},"down":{"uv":[14,2.33333,13,3.33333],"texture":"#1"}}},{"from":[6.71178,22.6087,2.6233],"to":[9.18178,27.8287,4.4818],"rotation":{"angle":0,"axis":"y","origin":[7.94678,23.4856,4.14878]},"faces":{"north":{"uv":[12.33333,3,13,4.66667],"texture":"#1"},"east":{"uv":[12.33333,7.33333,13,9],"texture":"#1"},"south":{"uv":[8.33333,12.33333,9,14],"texture":"#1"},"west":{"uv":[9,12.33333,9.66667,14],"texture":"#1"},"up":{"uv":[6,14.33333,5.33333,13.66667],"texture":"#1"},"down":{"uv":[6.66667,13.66667,6,14.33333],"texture":"#1"}}},{"from":[6.71178,22.6087,11.5182],"to":[9.18178,27.8287,13.3767],"rotation":{"angle":0,"axis":"y","origin":[7.94678,23.4856,11.85122]},"faces":{"north":{"uv":[9.66667,12.33333,10.33333,14],"texture":"#1"},"east":{"uv":[10.33333,12.33333,11,14],"texture":"#1"},"south":{"uv":[12.33333,11.66667,13,13.33333],"texture":"#1"},"west":{"uv":[1.33333,12.66667,2,14.33333],"texture":"#1"},"up":{"uv":[7.33333,14.33333,6.66667,13.66667],"texture":"#1"},"down":{"uv":[14.33333,6.66667,13.66667,7.33333],"texture":"#1"}}},{"from":[6.23678,17.94954,10.73974],"to":[9.65678,24.06954,13.72324],"rotation":{"angle":45,"axis":"x","origin":[7.94678,23.4856,11.85122]},"faces":{"north":{"uv":[9,4,10,6],"texture":"#1"},"east":{"uv":[1.33333,9.66667,2.33333,11.66667],"texture":"#1"},"south":{"uv":[2.33333,9.66667,3.33333,11.66667],"texture":"#1"},"west":{"uv":[3.33333,9.66667,4.33333,11.66667],"texture":"#1"},"up":{"uv":[14,4.33333,13,3.33333],"texture":"#1"},"down":{"uv":[14,4.33333,13,5.33333],"texture":"#1"}}},{"from":[6.19878,-6.0084,-5.00948],"to":[9.69478,-2.2084,-1.20948],"rotation":{"angle":-45,"axis":"x","origin":[8,7,8]},"faces":{"north":{"uv":[11.33333,0,12.33333,1.33333],"texture":"#1"},"east":{"uv":[10,1.33333,11.33333,2.66667],"texture":"#1"},"south":{"uv":[11.33333,1.33333,12.33333,2.66667],"texture":"#1"},"west":{"uv":[10,2.66667,11.33333,4],"texture":"#1"},"up":{"uv":[12.33333,4,11.33333,2.66667],"texture":"#1"},"down":{"uv":[12.33333,4,11.33333,5.33333],"texture":"#1"}}},{"from":[3.9976,15.7185,4.73139],"to":[11.48816,21.84714,11.26861],"rotation":{"angle":0,"axis":"y","origin":[8,8,8]},"faces":{"north":{"uv":[4.66667,4.66667,7,6.66667],"texture":"#1"},"east":{"uv":[0,5.66667,2.33333,7.66667],"texture":"#1"},"south":{"uv":[5.66667,0,8,2],"texture":"#1"},"west":{"uv":[2.33333,5.66667,4.66667,7.66667],"texture":"#1"},"up":{"uv":[2.33333,5.66667,0,3.33333],"texture":"#1"},"down":{"uv":[5.66667,0,3.33333,2.33333],"texture":"#1"}}},{"from":[7.015,23.79,4.57075],"to":[8.985,31.01,11.42925],"rotation":{"angle":-45,"axis":"x","origin":[8,27.4,8]},"faces":{"north":{"uv":[7.66667,10.33333,8.33333,12.66667],"texture":"#1"},"east":{"uv":[2.33333,3.33333,4.66667,5.66667],"texture":"#1"},"south":{"uv":[4.33333,11,5,13.33333],"texture":"#1"},"west":{"uv":[4.66667,2.33333,7,4.66667],"texture":"#1"},"up":{"uv":[5.66667,13.33333,5,11],"texture":"#1"},"down":{"uv":[11.66667,5.33333,11,7.66667],"texture":"#1"}}},{"from":[6.965,22.73869,3.2325],"to":[9.035,27.27219,12.9775],"rotation":{"angle":0,"axis":"y","origin":[8,23.84294,9.3675]},"faces":{"north":{"uv":[7,11,7.66667,12.66667],"texture":"#1"},"east":{"uv":[0,0,3.33333,1.66667],"texture":"#1"},"south":{"uv":[0,12.33333,0.66667,14],"texture":"#1"},"west":{"uv":[0,1.66667,3.33333,3.33333],"texture":"#1"},"up":{"uv":[0.66667,11,0,7.66667],"texture":"#1"},"down":{"uv":[1.33333,7.66667,0.66667,11],"texture":"#1"}}},{"from":[6.965,21.00519,5.4325],"to":[9.035,22.73869,10.7775],"rotation":{"angle":0,"axis":"y","origin":[8,24.30944,9.3675]},"faces":{"north":{"uv":[2.66667,13.66667,3.33333,14.33333],"texture":"#1"},"east":{"uv":[12.33333,0,14,0.66667],"texture":"#1"},"south":{"uv":[3.33333,13.66667,4,14.33333],"texture":"#1"},"west":{"uv":[12.33333,0.66667,14,1.33333],"texture":"#1"},"up":{"uv":[1.33333,14,0.66667,12.33333],"texture":"#1"},"down":{"uv":[13,1.33333,12.33333,3],"texture":"#1"}}},{"from":[3.31664,15.7185,6.00819],"to":[3.9976,18.44234,9.99181],"rotation":{"angle":0,"axis":"y","origin":[8,8,8]},"faces":{"north":{"uv":[8.33333,10.33333,8.66667,11.33333],"texture":"#1"},"east":{"uv":[1.33333,11.66667,2.66667,12.66667],"texture":"#1"},"south":{"uv":[4,11.66667,4.33333,12.66667],"texture":"#1"},"west":{"uv":[2.66667,11.66667,4,12.66667],"texture":"#1"},"up":{"uv":[4.66667,9,4.33333,7.66667],"texture":"#1"},"down":{"uv":[4.66667,9,4.33333,10.33333],"texture":"#1"}}},{"from":[6.70618,3.63651,6.54164],"to":[9.29382,16.41779,9.1986],"rotation":{"angle":0,"axis":"y","origin":[8,11.22652,7.96883]},"faces":{"north":{"uv":[4.66667,6.66667,5.66667,11],"texture":"#1"},"east":{"uv":[5.66667,6.66667,6.66667,11],"texture":"#1"},"south":{"uv":[6.66667,6.66667,7.66667,11],"texture":"#1"},"west":{"uv":[7,2,8,6.33333],"texture":"#1"},"up":{"uv":[8,13.66667,7,12.66667],"texture":"#1"},"down":{"uv":[13.66667,9,12.66667,10],"texture":"#1"}}},{"from":[3.9976,21.84714,4.73139],"to":[5.6319,24.2986,7.18285],"rotation":{"angle":0,"axis":"y","origin":[8,8,8]},"faces":{"north":{"uv":[10,5.33333,10.66667,6],"texture":"#1"},"east":{"uv":[12.33333,4.66667,13,5.33333],"texture":"#1"},"south":{"uv":[13,6.66667,13.66667,7.33333],"texture":"#1"},"west":{"uv":[13,7.33333,13.66667,8],"texture":"#1"},"up":{"uv":[13.66667,8.66667,13,8],"texture":"#1"},"down":{"uv":[13.66667,11.66667,13,12.33333],"texture":"#1"}}},{"from":[3.9976,21.84714,8.81715],"to":[5.6319,24.2986,11.26861],"rotation":{"angle":0,"axis":"y","origin":[8,8,8]},"faces":{"north":{"uv":[13,12.33333,13.66667,13],"texture":"#1"},"east":{"uv":[13,13,13.66667,13.66667],"texture":"#1"},"south":{"uv":[4,13.33333,4.66667,14],"texture":"#1"},"west":{"uv":[4.66667,13.33333,5.33333,14],"texture":"#1"},"up":{"uv":[12.66667,14,12,13.33333],"texture":"#1"},"down":{"uv":[2.66667,13.66667,2,14.33333],"texture":"#1"}}}],"gui_light":"front","display":{"thirdperson_righthand":{"translation":[0,4,1.75],"scale":[0.59,0.59,0.59]},"thirdperson_lefthand":{"translation":[0,4,1.75],"scale":[0.59,0.59,0.59]},"firstperson_righthand":{"translation":[1.75,-0.75,0.25],"scale":[0.79,0.79,0.79]},"firstperson_lefthand":{"translation":[1.75,-0.75,0.25],"scale":[0.79,0.79,0.79]},"ground":{"rotation":[0,0,39],"translation":[0,2.75,0],"scale":[0.25,0.25,0.25]},"gui":{"rotation":[112,44,-109],"translation":[0.25,-1,-1.75],"scale":[0.43,0.43,0.43]},"head":{"rotation":[0,0,39],"translation":[0,2.75,0],"scale":[0.25,0.25,0.25]},"fixed":{"rotation":[91,-49,92],"translation":[0,0,-1.75],"scale":[0.46,0.46,0.46]}}}