{"credit":"MadewithBlockbench","texture_size":[48,48],"textures":{"1":"pandaset:spear"},"elements":[{"from":[8.21822,-3.79892,-8.4031],"to":[12.01822,0.00108,-6.5031],"rotation":{"angle":-45,"axis":"x","origin":[10.14483,-1.83437,-1.89294]},"faces":{"north":{"uv":[11,7.33333,9.66667,8.66667],"rotation":180,"texture":"#1"},"east":{"uv":[13,5.33333,14.33333,6],"rotation":270,"texture":"#1"},"south":{"uv":[11,7.33333,9.66667,6],"texture":"#1"},"west":{"uv":[13,6,14.33333,6.66667],"rotation":90,"texture":"#1"},"up":{"uv":[12.66667,11,14,11.66667],"rotation":180,"texture":"#1"},"down":{"uv":[5.66667,13,7,13.66667],"texture":"#1"}}},{"from":[8.59822,-3.41892,-11.0431],"to":[11.63822,-0.37892,-4.9631],"rotation":{"angle":-45,"axis":"x","origin":[10.14483,-1.83437,-1.89294]},"faces":{"north":{"uv":[4,12.66667,3,13.66667],"rotation":180,"texture":"#1"},"east":{"uv":[2.33333,7.66667,3.33333,9.66667],"rotation":270,"texture":"#1"},"south":{"uv":[3,13.66667,2,12.66667],"texture":"#1"},"west":{"uv":[7.66667,6.33333,8.66667,8.33333],"rotation":90,"texture":"#1"},"up":{"uv":[1.33333,7.66667,2.33333,9.66667],"rotation":180,"texture":"#1"},"down":{"uv":[3.33333,7.66667,4.33333,9.66667],"texture":"#1"}}},{"from":[8.21822,-3.79892,-13.5631],"to":[12.01822,0.00108,-10.5231],"rotation":{"angle":-45,"axis":"x","origin":[10.14483,-1.83437,-1.89294]},"faces":{"north":{"uv":[11.33333,0,10,1.33333],"rotation":180,"texture":"#1"},"east":{"uv":[5.66667,11,7,12],"rotation":270,"texture":"#1"},"south":{"uv":[11,10,9.66667,8.66667],"texture":"#1"},"west":{"uv":[11,8.66667,12.33333,9.66667],"rotation":90,"texture":"#1"},"up":{"uv":[3.33333,2.33333,4.66667,3.33333],"rotation":180,"texture":"#1"},"down":{"uv":[11,7.66667,12.33333,8.66667],"texture":"#1"}}},{"from":[8.21822,-3.79892,-4.9631],"to":[12.01822,0.00108,-1.9231],"rotation":{"angle":-45,"axis":"x","origin":[10.14483,-1.83437,-1.89294]},"faces":{"north":{"uv":[10,10,8.66667,11.33333],"rotation":180,"texture":"#1"},"east":{"uv":[9.66667,11.33333,11,12.33333],"rotation":270,"texture":"#1"},"south":{"uv":[11.33333,5.33333,10,4],"texture":"#1"},"west":{"uv":[11.33333,10.66667,12.66667,11.66667],"rotation":90,"texture":"#1"},"up":{"uv":[8.33333,11.33333,9.66667,12.33333],"rotation":180,"texture":"#1"},"down":{"uv":[11.33333,9.66667,12.66667,10.66667],"texture":"#1"}}},{"from":[8.21822,-3.79892,8.86072],"to":[12.01822,0.00108,12.17572],"rotation":{"angle":-45,"axis":"x","origin":[10.14483,-1.83437,-1.89294]},"faces":{"north":{"uv":[1.33333,11,0,12.33333],"rotation":180,"texture":"#1"},"east":{"uv":[11.66667,6.33333,13,7.33333],"rotation":270,"texture":"#1"},"south":{"uv":[11.33333,11.33333,10,10],"texture":"#1"},"west":{"uv":[5.66667,12,7,13],"rotation":90,"texture":"#1"},"up":{"uv":[11.66667,5.33333,13,6.33333],"rotation":180,"texture":"#1"},"down":{"uv":[11,11.66667,12.33333,12.66667],"texture":"#1"}}},{"from":[8.21822,14.18839,14.46361],"to":[12.01822,17.98839,17.77861],"rotation":{"angle":-45,"axis":"x","origin":[10.11822,16.08839,16.12111]},"faces":{"north":{"uv":[11.33333,11.33333,10,10],"rotation":180,"texture":"#1"},"east":{"uv":[11.66667,6.33333,13,7.33333],"rotation":90,"texture":"#1"},"south":{"uv":[1.33333,11,0,12.33333],"texture":"#1"},"west":{"uv":[5.66667,12,7,13],"rotation":270,"texture":"#1"},"up":{"uv":[11,11.66667,12.33333,12.66667],"texture":"#1"},"down":{"uv":[11.66667,5.33333,13,6.33333],"rotation":180,"texture":"#1"}}},{"from":[8.40822,17.69048,19.44017],"to":[11.82822,20.67398,25.56017],"rotation":{"angle":0,"axis":"y","origin":[8,21.4051,21.37238]},"faces":{"north":{"uv":[12,12.66667,11,13.66667],"rotation":180,"texture":"#1"},"east":{"uv":[8,2,9,4],"rotation":270,"texture":"#1"},"south":{"uv":[13.66667,11,12.66667,10],"texture":"#1"},"west":{"uv":[7.66667,8.33333,8.66667,10.33333],"rotation":90,"texture":"#1"},"up":{"uv":[8,0,9,2],"rotation":180,"texture":"#1"},"down":{"uv":[8,4,9,6],"texture":"#1"}}},{"from":[8.40822,19.47288,17.65776],"to":[11.82822,25.59288,20.64126],"rotation":{"angle":0,"axis":"y","origin":[8,21.4051,21.37238]},"faces":{"north":{"uv":[8.66667,6,9.66667,8],"texture":"#1"},"east":{"uv":[8.66667,8,9.66667,10],"texture":"#1"},"south":{"uv":[9,0,10,2],"texture":"#1"},"west":{"uv":[9,2,10,4],"texture":"#1"},"up":{"uv":[14,2.33333,13,1.33333],"texture":"#1"},"down":{"uv":[14,2.33333,13,3.33333],"texture":"#1"}}},{"from":[8.88322,21.77359,15.99568],"to":[11.35322,26.99359,17.85418],"rotation":{"angle":45,"axis":"x","origin":[8,21.4051,21.37238]},"faces":{"north":{"uv":[12.33333,3,13,4.66667],"texture":"#1"},"east":{"uv":[12.33333,7.33333,13,9],"texture":"#1"},"south":{"uv":[8.33333,12.33333,9,14],"texture":"#1"},"west":{"uv":[9,12.33333,9.66667,14],"texture":"#1"},"up":{"uv":[6,14.33333,5.33333,13.66667],"texture":"#1"},"down":{"uv":[6.66667,13.66667,6,14.33333],"texture":"#1"}}},{"from":[8.88322,21.77359,24.89058],"to":[11.35322,26.99359,26.74908],"rotation":{"angle":45,"axis":"x","origin":[8,21.4051,21.37238]},"faces":{"north":{"uv":[9.66667,12.33333,10.33333,14],"texture":"#1"},"east":{"uv":[10.33333,12.33333,11,14],"texture":"#1"},"south":{"uv":[12.33333,11.66667,13,13.33333],"texture":"#1"},"west":{"uv":[1.33333,12.66667,2,14.33333],"texture":"#1"},"up":{"uv":[7.33333,14.33333,6.66667,13.66667],"texture":"#1"},"down":{"uv":[14.33333,6.66667,13.66667,7.33333],"texture":"#1"}}},{"from":[8.40822,17.69048,19.44017],"to":[11.82822,20.67398,25.56017],"rotation":{"angle":0,"axis":"y","origin":[8,21.4051,21.37238]},"faces":{"north":{"uv":[14,4.33333,13,5.33333],"rotation":180,"texture":"#1"},"east":{"uv":[1.33333,9.66667,2.33333,11.66667],"rotation":270,"texture":"#1"},"south":{"uv":[14,4.33333,13,3.33333],"texture":"#1"},"west":{"uv":[3.33333,9.66667,4.33333,11.66667],"rotation":90,"texture":"#1"},"up":{"uv":[9,4,10,6],"rotation":180,"texture":"#1"},"down":{"uv":[2.33333,9.66667,3.33333,11.66667],"texture":"#1"}}},{"from":[8.37022,-12.55603,-12.52331],"to":[11.86622,-8.75603,-8.72331],"rotation":{"angle":0,"axis":"y","origin":[10.14483,-1.83437,-1.89294]},"faces":{"north":{"uv":[11.33333,0,12.33333,1.33333],"texture":"#1"},"east":{"uv":[10,1.33333,11.33333,2.66667],"texture":"#1"},"south":{"uv":[11.33333,1.33333,12.33333,2.66667],"texture":"#1"},"west":{"uv":[10,2.66667,11.33333,4],"texture":"#1"},"up":{"uv":[12.33333,4,11.33333,2.66667],"texture":"#1"},"down":{"uv":[12.33333,4,11.33333,5.33333],"texture":"#1"}}},{"from":[6.16904,14.88339,18.10377],"to":[13.6596,21.01203,24.64099],"rotation":{"angle":45,"axis":"x","origin":[8,21.4051,21.37238]},"faces":{"north":{"uv":[4.66667,4.66667,7,6.66667],"texture":"#1"},"east":{"uv":[0,5.66667,2.33333,7.66667],"texture":"#1"},"south":{"uv":[5.66667,0,8,2],"texture":"#1"},"west":{"uv":[2.33333,5.66667,4.66667,7.66667],"texture":"#1"},"up":{"uv":[2.33333,5.66667,0,3.33333],"texture":"#1"},"down":{"uv":[5.66667,0,3.33333,2.33333],"texture":"#1"}}},{"from":[9.18644,21.44362,21.59165],"to":[11.15644,28.66362,28.45015],"rotation":{"angle":0,"axis":"y","origin":[8,21.4051,21.37238]},"faces":{"north":{"uv":[7.66667,10.33333,8.33333,12.66667],"texture":"#1"},"east":{"uv":[2.33333,3.33333,4.66667,5.66667],"texture":"#1"},"south":{"uv":[4.33333,11,5,13.33333],"texture":"#1"},"west":{"uv":[4.66667,2.33333,7,4.66667],"texture":"#1"},"up":{"uv":[5.66667,13.33333,5,11],"texture":"#1"},"down":{"uv":[11.66667,5.33333,11,7.66667],"texture":"#1"}}},{"from":[9.13644,20.17008,18.80488],"to":[11.20644,21.90358,24.14988],"rotation":{"angle":45,"axis":"x","origin":[8,21.4051,21.37238]},"faces":{"north":{"uv":[2.66667,13.66667,3.33333,14.33333],"texture":"#1"},"east":{"uv":[12.33333,0,14,0.66667],"texture":"#1"},"south":{"uv":[3.33333,13.66667,4,14.33333],"texture":"#1"},"west":{"uv":[12.33333,0.66667,14,1.33333],"texture":"#1"},"up":{"uv":[1.33333,14,0.66667,12.33333],"texture":"#1"},"down":{"uv":[13,1.33333,12.33333,3],"texture":"#1"}}},{"from":[5.48808,14.88339,19.38057],"to":[6.16904,17.60723,23.36419],"rotation":{"angle":45,"axis":"x","origin":[8,21.4051,21.37238]},"faces":{"north":{"uv":[8.33333,10.33333,8.66667,11.33333],"texture":"#1"},"east":{"uv":[1.33333,11.66667,2.66667,12.66667],"texture":"#1"},"south":{"uv":[4,11.66667,4.33333,12.66667],"texture":"#1"},"west":{"uv":[2.66667,11.66667,4,12.66667],"texture":"#1"},"up":{"uv":[4.66667,9,4.33333,7.66667],"texture":"#1"},"down":{"uv":[4.66667,9,4.33333,10.33333],"texture":"#1"}}},{"from":[8.87762,-3.09829,-1.95718],"to":[11.46526,-0.44133,10.8241],"rotation":{"angle":-45,"axis":"x","origin":[10.14483,-1.83437,-1.89294]},"faces":{"north":{"uv":[13.66667,9,12.66667,10],"rotation":180,"texture":"#1"},"east":{"uv":[5.66667,6.66667,6.66667,11],"rotation":270,"texture":"#1"},"south":{"uv":[8,13.66667,7,12.66667],"texture":"#1"},"west":{"uv":[7,2,8,6.33333],"rotation":90,"texture":"#1"},"up":{"uv":[4.66667,6.66667,5.66667,11],"rotation":180,"texture":"#1"},"down":{"uv":[6.66667,6.66667,7.66667,11],"texture":"#1"}}},{"from":[8.87762,-3.09829,11.04282],"to":[11.46526,-0.44133,23.8241],"rotation":{"angle":-45,"axis":"x","origin":[10.14483,-1.83437,-1.89294]},"faces":{"north":{"uv":[13.66667,9,12.66667,10],"rotation":180,"texture":"#1"},"east":{"uv":[5.66667,6.66667,6.66667,11],"rotation":270,"texture":"#1"},"south":{"uv":[8,13.66667,7,12.66667],"texture":"#1"},"west":{"uv":[7,2,8,6.33333],"rotation":90,"texture":"#1"},"up":{"uv":[4.66667,6.66667,5.66667,11],"rotation":180,"texture":"#1"},"down":{"uv":[6.66667,6.66667,7.66667,11],"texture":"#1"}}},{"from":[6.16904,21.01203,18.10377],"to":[7.80334,23.46348,20.55523],"rotation":{"angle":45,"axis":"x","origin":[8,21.4051,21.37238]},"faces":{"north":{"uv":[10,5.33333,10.66667,6],"texture":"#1"},"east":{"uv":[12.33333,4.66667,13,5.33333],"texture":"#1"},"south":{"uv":[13,6.66667,13.66667,7.33333],"texture":"#1"},"west":{"uv":[13,7.33333,13.66667,8],"texture":"#1"},"up":{"uv":[13.66667,8.66667,13,8],"texture":"#1"},"down":{"uv":[13.66667,11.66667,13,12.33333],"texture":"#1"}}},{"from":[6.16904,21.01203,22.18953],"to":[7.80334,23.46348,24.64099],"rotation":{"angle":45,"axis":"x","origin":[8,21.4051,21.37238]},"faces":{"north":{"uv":[13,12.33333,13.66667,13],"texture":"#1"},"east":{"uv":[13,13,13.66667,13.66667],"texture":"#1"},"south":{"uv":[4,13.33333,4.66667,14],"texture":"#1"},"west":{"uv":[4.66667,13.33333,5.33333,14],"texture":"#1"},"up":{"uv":[12.66667,14,12,13.33333],"texture":"#1"},"down":{"uv":[2.66667,13.66667,2,14.33333],"texture":"#1"}}}],"gui_light":"front","display":{"thirdperson_righthand":{"rotation":[-46,0,0],"translation":[-1.25,5.25,2],"scale":[0.59,0.59,0.59]},"thirdperson_lefthand":{"rotation":[-46,0,0],"translation":[-1.25,5.25,2],"scale":[0.59,0.59,0.59]},"firstperson_righthand":{"rotation":[-60.5,0,0],"translation":[4.75,-2.25,-5.5]},"firstperson_lefthand":{"rotation":[-60.5,0,0],"translation":[4.75,-2.25,-5.5]},"ground":{"rotation":[0,0,39],"translation":[0,2.75,0],"scale":[0.25,0.25,0.25]},"gui":{"rotation":[112,91,-109],"translation":[0.25,0,-1.75],"scale":[0.34,0.34,0.34]},"head":{"scale":[0,0,0]},"fixed":{"rotation":[91,-92,92],"translation":[0,0,-3.25],"scale":[0.46,0.46,0.46]}}}