{"credit":"MadewithBlockbench","texture_size":[48,48],"textures":{"1":"pandaset:staff"},"elements":[{"from":[6.04678,-2.80941,6.09924],"to":[9.84678,-0.90941,9.89924],"rotation":{"angle":0,"axis":"y","origin":[8,8,8]},"faces":{"north":{"uv":[2.33333,6,3.66667,6.66667],"texture":"#1"},"east":{"uv":[9,10,10.33333,10.66667],"texture":"#1"},"south":{"uv":[10.33333,2,11.66667,2.66667],"texture":"#1"},"west":{"uv":[10.33333,7,11.66667,7.66667],"texture":"#1"},"up":{"uv":[2.33333,8.66667,1,7.33333],"texture":"#1"},"down":{"uv":[3.66667,7.33333,2.33333,8.66667],"texture":"#1"}}},{"from":[6.42678,-5.44941,6.47924],"to":[9.46678,0.63059,9.51924],"rotation":{"angle":0,"axis":"y","origin":[8,8,8]},"faces":{"north":{"uv":[6.66667,2,7.66667,4],"texture":"#1"},"east":{"uv":[6.66667,4,7.66667,6],"texture":"#1"},"south":{"uv":[6.66667,6,7.66667,8],"texture":"#1"},"west":{"uv":[0,7.33333,1,9.33333],"texture":"#1"},"up":{"uv":[5,11,4,10],"texture":"#1"},"down":{"uv":[11,4,10,5],"texture":"#1"}}},{"from":[6.04678,-7.96941,6.09924],"to":[9.84678,-4.92941,9.89924],"rotation":{"angle":0,"axis":"y","origin":[8,7,8]},"faces":{"north":{"uv":[5,8.66667,6.33333,9.66667],"texture":"#1"},"east":{"uv":[6.33333,8.66667,7.66667,9.66667],"texture":"#1"},"south":{"uv":[7.66667,8.66667,9,9.66667],"texture":"#1"},"west":{"uv":[9,2,10.33333,3],"texture":"#1"},"up":{"uv":[9,3.33333,7.66667,2],"texture":"#1"},"down":{"uv":[9,3.33333,7.66667,4.66667],"texture":"#1"}}},{"from":[6.04678,0.63059,6.09924],"to":[9.84678,3.67059,9.89924],"rotation":{"angle":0,"axis":"y","origin":[8,8,8]},"faces":{"north":{"uv":[9,7,10.33333,8],"texture":"#1"},"east":{"uv":[9,8,10.33333,9],"texture":"#1"},"south":{"uv":[9,9,10.33333,10],"texture":"#1"},"west":{"uv":[5,9.66667,6.33333,10.66667],"texture":"#1"},"up":{"uv":[9,8.66667,7.66667,7.33333],"texture":"#1"},"down":{"uv":[2.33333,8.66667,1,10],"texture":"#1"}}},{"from":[6.04678,14.45441,6.09924],"to":[9.84678,17.76941,9.89924],"rotation":{"angle":0,"axis":"y","origin":[8,6.8,8]},"faces":{"north":{"uv":[0,10,1.33333,11],"texture":"#1"},"east":{"uv":[1.33333,10,2.66667,11],"texture":"#1"},"south":{"uv":[2.66667,10,4,11],"texture":"#1"},"west":{"uv":[10,3,11.33333,4],"texture":"#1"},"up":{"uv":[3.66667,10,2.33333,8.66667],"texture":"#1"},"down":{"uv":[5,8.66667,3.66667,10],"texture":"#1"}}},{"from":[6.19878,-6.0084,-5.00948],"to":[9.69478,-2.2084,-1.20948],"rotation":{"angle":-45,"axis":"x","origin":[8,7,8]},"faces":{"north":{"uv":[3.66667,7.33333,4.66667,8.66667],"texture":"#1"},"east":{"uv":[7.66667,4.66667,9,6],"texture":"#1"},"south":{"uv":[9,3,10,4.33333],"texture":"#1"},"west":{"uv":[7.66667,6,9,7.33333],"texture":"#1"},"up":{"uv":[10,5.66667,9,4.33333],"texture":"#1"},"down":{"uv":[10,5.66667,9,7],"texture":"#1"}}},{"from":[4.73139,17.59137,4.16498],"to":[11.26861,23.72001,11.65554],"rotation":{"angle":0,"axis":"y","origin":[8,21.50101,6.01459]},"faces":{"north":{"uv":[2.33333,0,4.66667,2],"texture":"#1"},"east":{"uv":[2.33333,2,4.66667,4],"texture":"#1"},"south":{"uv":[2.33333,4,4.66667,6],"texture":"#1"},"west":{"uv":[0,4.66667,2.33333,6.66667],"texture":"#1"},"up":{"uv":[2.33333,2.33333,0,0],"texture":"#1"},"down":{"uv":[2.33333,2.33333,0,4.66667],"texture":"#1"}}},{"from":[1.25793,16.83556,2.87679],"to":[14.74207,19.16444,5.12321],"rotation":{"angle":0,"axis":"y","origin":[8,8,8]},"faces":{"north":{"uv":[0,6.66667,4.33333,7.33333],"texture":"#1"},"east":{"uv":[9,10.66667,9.66667,11.33333],"texture":"#1"},"south":{"uv":[6.66667,0,11,0.66667],"texture":"#1"},"west":{"uv":[9.66667,10.66667,10.33333,11.33333],"texture":"#1"},"up":{"uv":[11,1.33333,6.66667,0.66667],"texture":"#1"},"down":{"uv":[11,1.33333,6.66667,2],"texture":"#1"}}},{"from":[6.00819,17.59137,3.48402],"to":[9.99181,20.31521,4.16498],"rotation":{"angle":0,"axis":"y","origin":[8,21.50101,6.01459]},"faces":{"north":{"uv":[6.33333,9.66667,7.66667,10.66667],"texture":"#1"},"east":{"uv":[4.33333,6,4.66667,7],"texture":"#1"},"south":{"uv":[7.66667,9.66667,9,10.66667],"texture":"#1"},"west":{"uv":[0,11,0.33333,12],"texture":"#1"},"up":{"uv":[11.66667,3,10.33333,2.66667],"texture":"#1"},"down":{"uv":[9,10.66667,7.66667,11],"texture":"#1"}}},{"from":[6.70618,3.63651,6.54164],"to":[9.29382,16.41779,9.1986],"rotation":{"angle":0,"axis":"y","origin":[8,11.22652,7.96883]},"faces":{"north":{"uv":[4.66667,0,5.66667,4.33333],"texture":"#1"},"east":{"uv":[4.66667,4.33333,5.66667,8.66667],"texture":"#1"},"south":{"uv":[5.66667,0,6.66667,4.33333],"texture":"#1"},"west":{"uv":[5.66667,4.33333,6.66667,8.66667],"texture":"#1"},"up":{"uv":[11,6,10,5],"texture":"#1"},"down":{"uv":[11,6,10,7],"texture":"#1"}}},{"from":[4.73139,23.72001,4.16498],"to":[7.18285,26.17147,5.79928],"rotation":{"angle":0,"axis":"y","origin":[8,21.50101,6.01459]},"faces":{"north":{"uv":[3.66667,6,4.33333,6.66667],"texture":"#1"},"east":{"uv":[6.66667,8,7.33333,8.66667],"texture":"#1"},"south":{"uv":[0,9.33333,0.66667,10],"texture":"#1"},"west":{"uv":[10.33333,7.66667,11,8.33333],"texture":"#1"},"up":{"uv":[11,9,10.33333,8.33333],"texture":"#1"},"down":{"uv":[11,9,10.33333,9.66667],"texture":"#1"}}},{"from":[8.81715,23.72001,4.16498],"to":[11.26861,26.17147,5.79928],"rotation":{"angle":0,"axis":"y","origin":[8,21.50101,6.01459]},"faces":{"north":{"uv":[10.33333,9.66667,11,10.33333],"texture":"#1"},"east":{"uv":[10.33333,10.33333,11,11],"texture":"#1"},"south":{"uv":[5,10.66667,5.66667,11.33333],"texture":"#1"},"west":{"uv":[5.66667,10.66667,6.33333,11.33333],"texture":"#1"},"up":{"uv":[7,11.33333,6.33333,10.66667],"texture":"#1"},"down":{"uv":[7.66667,10.66667,7,11.33333],"texture":"#1"}}}],"gui_light":"front","display":{"thirdperson_righthand":{"translation":[0,4,1.75],"scale":[0.59,0.59,0.59]},"thirdperson_lefthand":{"translation":[0,4,1.75],"scale":[0.59,0.59,0.59]},"firstperson_righthand":{"translation":[1.75,1.75,0.25],"scale":[0.79,0.79,0.79]},"firstperson_lefthand":{"translation":[1.75,1.75,0.25],"scale":[0.79,0.79,0.79]},"ground":{"rotation":[0,0,39],"translation":[0,2.75,0],"scale":[0.25,0.25,0.25]},"gui":{"rotation":[112,44,-109],"translation":[0.25,-1,-1.75],"scale":[0.43,0.43,0.43]},"head":{"scale":[0,0,0]},"fixed":{"rotation":[91,-49,92],"translation":[0,0,-1.75],"scale":[0.46,0.46,0.46]}}}