{"credit":"MadewithBlockbench","texture_size":[48,48],"textures":{"1":"pandaset:sword"},"elements":[{"from":[6.04678,-2.80941,6.09924],"to":[9.84678,-0.90941,9.89924],"rotation":{"angle":0,"axis":"y","origin":[8,8,8]},"faces":{"north":{"uv":[10,5.66667,11.33333,6.33333],"texture":"#1"},"east":{"uv":[10,7.66667,11.33333,8.33333],"texture":"#1"},"south":{"uv":[8.33333,10,9.66667,10.66667],"texture":"#1"},"west":{"uv":[10,8.33333,11.33333,9],"texture":"#1"},"up":{"uv":[9.66667,1.33333,8.33333,0],"texture":"#1"},"down":{"uv":[9.66667,1.33333,8.33333,2.66667],"texture":"#1"}}},{"from":[6.42678,-5.44941,6.47924],"to":[9.46678,0.63059,9.51924],"rotation":{"angle":0,"axis":"y","origin":[8,8,8]},"faces":{"north":{"uv":[2,7.33333,3,9.33333],"texture":"#1"},"east":{"uv":[3,7.33333,4,9.33333],"texture":"#1"},"south":{"uv":[4,8,5,10],"texture":"#1"},"west":{"uv":[5,8,6,10],"texture":"#1"},"up":{"uv":[4.66667,11,3.66667,10],"texture":"#1"},"down":{"uv":[11,3.66667,10,4.66667],"texture":"#1"}}},{"from":[6.04678,-7.96941,6.09924],"to":[9.84678,-4.92941,9.89924],"rotation":{"angle":0,"axis":"y","origin":[8,7,8]},"faces":{"north":{"uv":[8.66667,8,10,9],"texture":"#1"},"east":{"uv":[0,9,1.33333,10],"texture":"#1"},"south":{"uv":[8.66667,9,10,10],"texture":"#1"},"west":{"uv":[1.33333,9.33333,2.66667,10.33333],"texture":"#1"},"up":{"uv":[7.33333,9.66667,6,8.33333],"texture":"#1"},"down":{"uv":[9.66667,6.66667,8.33333,8],"texture":"#1"}}},{"from":[6.04678,0.63059,6.09924],"to":[9.84678,3.67059,9.89924],"rotation":{"angle":0,"axis":"y","origin":[8,8,8]},"faces":{"north":{"uv":[9.66667,6.66667,11,7.66667],"texture":"#1"},"east":{"uv":[7,9.66667,8.33333,10.66667],"texture":"#1"},"south":{"uv":[0,10,1.33333,11],"texture":"#1"},"west":{"uv":[10,2.66667,11.33333,3.66667],"texture":"#1"},"up":{"uv":[10,5.33333,8.66667,4],"texture":"#1"},"down":{"uv":[10,5.33333,8.66667,6.66667],"texture":"#1"}}},{"from":[6.19878,-6.0084,-5.00948],"to":[9.69478,-2.2084,-1.20948],"rotation":{"angle":-45,"axis":"x","origin":[8,7,8]},"faces":{"north":{"uv":[2.66667,9.33333,3.66667,10.66667],"texture":"#1"},"east":{"uv":[7.33333,8.33333,8.66667,9.66667],"texture":"#1"},"south":{"uv":[9.66667,0,10.66667,1.33333],"texture":"#1"},"west":{"uv":[8.66667,2.66667,10,4],"texture":"#1"},"up":{"uv":[10.66667,2.66667,9.66667,1.33333],"texture":"#1"},"down":{"uv":[7,9.66667,6,11],"texture":"#1"}}},{"from":[5.0816,3.51483,4.52612],"to":[10.9184,8.98683,11.21412],"rotation":{"angle":0,"axis":"y","origin":[8,8.7,8]},"faces":{"north":{"uv":[6.33333,6.66667,8.33333,8.33333],"texture":"#1"},"east":{"uv":[4,4.66667,6.33333,6.33333],"texture":"#1"},"south":{"uv":[0,7.33333,2,9],"texture":"#1"},"west":{"uv":[6,0,8.33333,1.66667],"texture":"#1"},"up":{"uv":[6,2.33333,4,0],"texture":"#1"},"down":{"uv":[6,2.33333,4,4.66667],"texture":"#1"}}},{"from":[6.2216,3.51483,3.91812],"to":[9.7784,5.94683,4.52612],"rotation":{"angle":0,"axis":"y","origin":[8,8.7,8]},"faces":{"north":{"uv":[10,9,11.33333,9.66667],"texture":"#1"},"east":{"uv":[5.66667,10,6,10.66667],"texture":"#1"},"south":{"uv":[9.66667,10,11,10.66667],"texture":"#1"},"west":{"uv":[2.66667,10.66667,3,11.33333],"texture":"#1"},"up":{"uv":[11.33333,6.66667,10,6.33333],"texture":"#1"},"down":{"uv":[11.33333,9.66667,10,10],"texture":"#1"}}},{"from":[6.2976,8.18683,6.12212],"to":[9.7024,30.26747,9.61812],"rotation":{"angle":0,"axis":"y","origin":[8,8.7,8]},"faces":{"north":{"uv":[0,0,1,7.33333],"texture":"#1"},"east":{"uv":[1,0,2,7.33333],"texture":"#1"},"south":{"uv":[2,0,3,7.33333],"texture":"#1"},"west":{"uv":[3,0,4,7.33333],"texture":"#1"},"up":{"uv":[5.66667,11,4.66667,10],"texture":"#1"},"down":{"uv":[11,4.66667,10,5.66667],"texture":"#1"}}},{"from":[8.1824,21.97994,2.21019],"to":[8.1824,27.34058,8.74619],"rotation":{"angle":22.5,"axis":"x","origin":[8,8.7,8]},"faces":{"north":{"uv":[0,0,0,1.66667],"texture":"#1"},"east":{"uv":[6,1.66667,8.33333,3.33333],"texture":"#1"},"south":{"uv":[0,0,0,1.66667],"texture":"#1"},"west":{"uv":[6.33333,3.33333,8.66667,5],"texture":"#1"},"up":{"uv":[0,2.33333,0,0],"texture":"#1"},"down":{"uv":[0,0,0,2.33333],"texture":"#1"}}},{"from":[8.1824,14.94127,4.95161],"to":[8.1824,20.30191,11.48761],"rotation":{"angle":-22.5,"axis":"x","origin":[8,8.7,8]},"faces":{"north":{"uv":[0,0,0,1.66667],"texture":"#1"},"east":{"uv":[4,6.33333,6.33333,8],"texture":"#1"},"south":{"uv":[0,0,0,1.66667],"texture":"#1"},"west":{"uv":[6.33333,5,8.66667,6.66667],"texture":"#1"},"up":{"uv":[0,2.33333,0,0],"texture":"#1"},"down":{"uv":[0,0,0,2.33333],"texture":"#1"}}},{"from":[8.7296,8.98683,4.52612],"to":[10.9184,11.17563,5.98532],"rotation":{"angle":0,"axis":"y","origin":[8,8.7,8]},"faces":{"north":{"uv":[1.33333,10.33333,2,11],"texture":"#1"},"east":{"uv":[6,3.33333,6.33333,4],"texture":"#1"},"south":{"uv":[2,10.33333,2.66667,11],"texture":"#1"},"west":{"uv":[6,4,6.33333,4.66667],"texture":"#1"},"up":{"uv":[2,9.33333,1.33333,9],"texture":"#1"},"down":{"uv":[11.33333,1.33333,10.66667,1.66667],"texture":"#1"}}},{"from":[5.0816,8.98683,4.52612],"to":[7.2704,11.17563,5.98532],"rotation":{"angle":0,"axis":"y","origin":[8,8.7,8]},"faces":{"north":{"uv":[10.66667,0,11.33333,0.66667],"texture":"#1"},"east":{"uv":[8.33333,2.66667,8.66667,3.33333],"texture":"#1"},"south":{"uv":[10.66667,0.66667,11.33333,1.33333],"texture":"#1"},"west":{"uv":[3.66667,9.33333,4,10],"texture":"#1"},"up":{"uv":[11.33333,2,10.66667,1.66667],"texture":"#1"},"down":{"uv":[11.33333,2,10.66667,2.33333],"texture":"#1"}}}],"gui_light":"front","display":{"thirdperson_righthand":{"translation":[0,4,1.75],"scale":[0.59,0.59,0.59]},"thirdperson_lefthand":{"translation":[0,4,1.75],"scale":[0.59,0.59,0.59]},"firstperson_righthand":{"translation":[2.5,0.5,-0.75]},"firstperson_lefthand":{"translation":[2.5,0.5,-0.75]},"ground":{"rotation":[0,0,39],"translation":[0,2.75,0],"scale":[0.25,0.25,0.25]},"gui":{"rotation":[112,44,-109],"translation":[0.25,-1,-1.75],"scale":[0.43,0.43,0.43]},"head":{"scale":[0,0,0]},"fixed":{"rotation":[91,-49,92],"translation":[0,0,-1.75],"scale":[0.46,0.46,0.46]}}}