{"credit":"Made with Blockbench","texture_size":[64,64],"textures":{"2":"halloweenset:bow_0_1","3":"halloweenset:bow_0_2","particle":"halloweenset:bow_0_2"},"elements":[{"from":[7.375,9,5.175],"to":[8.625,11,6.425],"rotation":{"angle":0,"axis":"y","origin":[8,6.59645,5.8]},"faces":{"north":{"uv":[12,8.25,12.3125,8.75],"texture":"#3"},"east":{"uv":[10.25,12,10.5625,12.5],"texture":"#3"},"south":{"uv":[10.75,12,11.0625,12.5],"texture":"#3"},"west":{"uv":[11.25,12,11.5625,12.5],"texture":"#3"},"up":{"uv":[6.5625,12.8125,6.25,12.5],"texture":"#3"},"down":{"uv":[12.8125,6.25,12.5,6.5625],"texture":"#3"}}},{"from":[7.475,4.35,5.275],"to":[8.525,6.35,6.325],"rotation":{"angle":0,"axis":"y","origin":[8,7.19645,5.8]},"faces":{"north":{"uv":[0.75,12.5,1,13],"texture":"#3"},"east":{"uv":[12.5,0.75,12.75,1.25],"texture":"#3"},"south":{"uv":[1,12.5,1.25,13],"texture":"#3"},"west":{"uv":[1.25,12.5,1.5,13],"texture":"#3"},"up":{"uv":[10.5,10.75,10.25,10.5],"texture":"#3"},"down":{"uv":[11,8.75,10.75,9],"texture":"#3"}}},{"from":[7.575,6.35,5.375],"to":[8.425,9.1,6.225],"rotation":{"angle":0,"axis":"y","origin":[8,7.19645,5.8]},"faces":{"north":{"uv":[0,12.5,0.1875,13.1875],"texture":"#3"},"east":{"uv":[12.5,0,12.6875,0.6875],"texture":"#3"},"south":{"uv":[0.25,12.5,0.4375,13.1875],"texture":"#3"},"west":{"uv":[0.5,12.5,0.6875,13.1875],"texture":"#3"},"up":{"uv":[12.6875,10.6875,12.5,10.5],"texture":"#3"},"down":{"uv":[12.6875,10.75,12.5,10.9375],"texture":"#3"}}},{"from":[6.85,12.325,4.4],"to":[9.15,14.075,7.2],"rotation":{"angle":0,"axis":"y","origin":[8,7.2,-21.7]},"faces":{"north":{"uv":[11.75,8.75,12.3125,9.1875],"texture":"#3"},"east":{"uv":[11,8.75,11.6875,9.1875],"texture":"#3"},"south":{"uv":[9,11.75,9.5625,12.1875],"texture":"#3"},"west":{"uv":[11,9.25,11.6875,9.6875],"texture":"#3"},"up":{"uv":[10.3125,10.4375,9.75,9.75],"texture":"#3"},"down":{"uv":[9.0625,10,8.5,10.6875],"texture":"#3"}}},{"from":[6.65,14.075,4.2],"to":[9.35,14.525,7.4],"rotation":{"angle":0,"axis":"y","origin":[8,6.95,-21.7]},"faces":{"north":{"uv":[6.75,12.5,7.4375,12.625],"texture":"#3"},"east":{"uv":[12.5,5.75,13.3125,5.875],"texture":"#3"},"south":{"uv":[12.5,6.75,13.1875,6.875],"texture":"#3"},"west":{"uv":[12.5,6,13.3125,6.125],"texture":"#3"},"up":{"uv":[9.6875,8.8125,9,8],"texture":"#3"},"down":{"uv":[9.6875,9,9,9.8125],"texture":"#3"}}},{"from":[7.15,14.525,4.95],"to":[8.85,16.475,6.65],"rotation":{"angle":0,"axis":"y","origin":[8,6.4,-21.7]},"faces":{"north":{"uv":[11.75,10,12.1875,10.5],"texture":"#3"},"east":{"uv":[12,1.5,12.4375,2],"texture":"#3"},"south":{"uv":[12,2,12.4375,2.5],"texture":"#3"},"west":{"uv":[12,2.5,12.4375,3],"texture":"#3"},"up":{"uv":[12.4375,5.4375,12,5],"texture":"#3"},"down":{"uv":[12.4375,5.5,12,5.9375],"texture":"#3"}}},{"from":[6.65,14.525,4.2],"to":[9.35,15.325,4.65],"rotation":{"angle":0,"axis":"y","origin":[8,9.5,-23.075]},"faces":{"north":{"uv":[12.25,10.25,12.9375,10.4375],"texture":"#3"},"east":{"uv":[11,12.5,11.125,12.6875],"texture":"#3"},"south":{"uv":[12.25,11.5,12.9375,11.6875],"texture":"#3"},"west":{"uv":[12.5,11,12.625,11.1875],"texture":"#3"},"up":{"uv":[13.1875,7.125,12.5,7],"texture":"#3"},"down":{"uv":[13.1875,7.25,12.5,7.375],"texture":"#3"}}},{"from":[6.9,15.325,4.2],"to":[9.1,15.625,4.65],"rotation":{"angle":0,"axis":"y","origin":[8,9.3,-23.075]},"faces":{"north":{"uv":[12.5,9.5,13.0625,9.5625],"texture":"#3"},"east":{"uv":[11.5,12.5,11.625,12.5625],"texture":"#3"},"south":{"uv":[12.5,9.75,13.0625,9.8125],"texture":"#3"},"west":{"uv":[11.75,12.5,11.875,12.5625],"texture":"#3"},"up":{"uv":[13.0625,8.625,12.5,8.5],"texture":"#3"},"down":{"uv":[9.3125,12.5,8.75,12.625],"texture":"#3"}}},{"from":[6.9,15.325,6.95],"to":[9.1,15.625,7.4],"rotation":{"angle":0,"axis":"y","origin":[8,9.3,-20.325]},"faces":{"north":{"uv":[12.5,10,13.0625,10.0625],"texture":"#3"},"east":{"uv":[12,12.5,12.125,12.5625],"texture":"#3"},"south":{"uv":[10.25,12.5,10.8125,12.5625],"texture":"#3"},"west":{"uv":[12.25,12.5,12.375,12.5625],"texture":"#3"},"up":{"uv":[13.0625,8.875,12.5,8.75],"texture":"#3"},"down":{"uv":[13.0625,9,12.5,9.125],"texture":"#3"}}},{"from":[6.65,14.525,6.95],"to":[9.35,15.325,7.4],"rotation":{"angle":0,"axis":"y","origin":[8,9.5,-20.325]},"faces":{"north":{"uv":[11.75,12.25,12.4375,12.4375],"texture":"#3"},"east":{"uv":[11.25,12.5,11.375,12.6875],"texture":"#3"},"south":{"uv":[12.25,11.75,12.9375,11.9375],"texture":"#3"},"west":{"uv":[12.5,11.25,12.625,11.4375],"texture":"#3"},"up":{"uv":[8.1875,12.625,7.5,12.5],"texture":"#3"},"down":{"uv":[13.1875,7.5,12.5,7.625],"texture":"#3"}}},{"from":[8,16.55,3.5],"to":[8,22.55,8.1],"rotation":{"angle":0,"axis":"y","origin":[8,39.675,19.25]},"faces":{"north":{"uv":[0,0,0,0.5],"texture":"#missing"},"east":{"uv":[0.75,8.75,5.85,14.75],"texture":"#2"},"south":{"uv":[0,0,0,0.5],"texture":"#missing"},"west":{"uv":[5.85,8.75,0.75,14.75],"texture":"#2"},"up":{"uv":[0,0,0,0.26563],"texture":"#missing"},"down":{"uv":[0,0.26563,0,0],"texture":"#missing"}}},{"from":[7,9.12545,7.37545],"to":[9,11.37545,9.62545],"rotation":{"angle":-45,"axis":"x","origin":[8,7.55,5.8]},"faces":{"north":{"uv":[9.25,11,9.75,11.5625],"texture":"#3"},"east":{"uv":[10.5,10,11.0625,10.5625],"texture":"#3"},"south":{"uv":[11,10.75,11.5,11.3125],"texture":"#3"},"west":{"uv":[10.75,8,11.3125,8.5625],"texture":"#3"},"up":{"uv":[11.75,10.3125,11.25,9.75],"texture":"#3"},"down":{"uv":[7.5,11.5,7,12.0625],"texture":"#3"}}},{"from":[7.25,11.6,1.4],"to":[8.75,12.75,4.9],"rotation":{"angle":45,"axis":"x","origin":[8,12.3,5.8]},"faces":{"north":{"uv":[12.5,1.25,12.875,1.5625],"texture":"#3"},"east":{"uv":[9.75,11.5,10.625,11.8125],"texture":"#3"},"south":{"uv":[1.5,12.5,1.875,12.8125],"texture":"#3"},"west":{"uv":[11.5,10.5,12.375,10.8125],"texture":"#3"},"up":{"uv":[9.625,10.875,9.25,10],"texture":"#3"},"down":{"uv":[10.625,8,10.25,8.875],"texture":"#3"}}},{"from":[7.25,14.9163,2.19376],"to":[8.75,21.4163,3.34376],"rotation":{"angle":0,"axis":"y","origin":[8,16.6663,2.76876]},"faces":{"north":{"uv":[7,8,7.375,9.625],"texture":"#3"},"east":{"uv":[7,9.75,7.3125,11.375],"texture":"#3"},"south":{"uv":[7.5,8,7.875,9.625],"texture":"#3"},"west":{"uv":[7.5,9.75,7.8125,11.375],"texture":"#3"},"up":{"uv":[12.875,2.0625,12.5,1.75],"texture":"#3"},"down":{"uv":[2.375,12.5,2,12.8125],"texture":"#3"}}},{"from":[7.25,24.20668,4.2481],"to":[8.75,25.45668,6.7481],"rotation":{"angle":-45,"axis":"x","origin":[8,20.95668,8.0981]},"faces":{"north":{"uv":[12.5,2.25,12.875,2.5625],"texture":"#3"},"east":{"uv":[12,3,12.625,3.3125],"texture":"#3"},"south":{"uv":[2.5,12.5,2.875,12.8125],"texture":"#3"},"west":{"uv":[12,3.5,12.625,3.8125],"texture":"#3"},"up":{"uv":[12.125,9.875,11.75,9.25],"texture":"#3"},"down":{"uv":[12.125,11.5,11.75,12.125],"texture":"#3"}}},{"from":[7.35,22.55999,4.10555],"to":[8.65,23.60999,6.40555],"rotation":{"angle":-22.5,"axis":"x","origin":[8,23.08499,5.35555]},"faces":{"north":{"uv":[8.5,9.75,8.8125,10],"texture":"#3"},"east":{"uv":[7,12.25,7.5625,12.5],"texture":"#3"},"south":{"uv":[12.5,7.75,12.8125,8],"texture":"#3"},"west":{"uv":[7.75,12.25,8.3125,12.5],"texture":"#3"},"up":{"uv":[12.3125,6.5625,12,6],"texture":"#3"},"down":{"uv":[12.3125,6.75,12,7.3125],"texture":"#3"}}},{"from":[7.45,23.12185,6.12471],"to":[8.55,23.87185,8.42471],"rotation":{"angle":0,"axis":"y","origin":[8,23.44685,7.37471]},"faces":{"north":{"uv":[11,9.75,11.25,9.9375],"texture":"#3"},"east":{"uv":[12.25,12,12.8125,12.1875],"texture":"#3"},"south":{"uv":[11.25,10.5,11.5,10.6875],"texture":"#3"},"west":{"uv":[12.5,2.75,13.0625,2.9375],"texture":"#3"},"up":{"uv":[10.5,9.5625,10.25,9],"texture":"#3"},"down":{"uv":[8.75,12.25,8.5,12.8125],"texture":"#3"}}},{"from":[7.25,-5.1163,2.19376],"to":[8.75,1.3837,3.34376],"rotation":{"angle":0,"axis":"y","origin":[8,-0.3663,2.76876]},"faces":{"north":{"uv":[8,8,8.375,9.625],"texture":"#3"},"east":{"uv":[8,9.75,8.3125,11.375],"texture":"#3"},"south":{"uv":[8.5,8,8.875,9.625],"texture":"#3"},"west":{"uv":[9.75,8,10.0625,9.625],"texture":"#3"},"up":{"uv":[4.375,12.8125,4,12.5],"texture":"#3"},"down":{"uv":[4.875,12.5,4.5,12.8125],"texture":"#3"}}},{"from":[7.25,-9.15668,4.2481],"to":[8.75,-7.90668,6.7481],"rotation":{"angle":45,"axis":"x","origin":[8,-4.65668,8.0981]},"faces":{"north":{"uv":[3,12.5,3.375,12.8125],"texture":"#3"},"east":{"uv":[12,4,12.625,4.3125],"texture":"#3"},"south":{"uv":[3.5,12.5,3.875,12.8125],"texture":"#3"},"west":{"uv":[12,4.5,12.625,4.8125],"texture":"#3"},"up":{"uv":[12.375,0.625,12,0],"texture":"#3"},"down":{"uv":[12.375,0.75,12,1.375],"texture":"#3"}}},{"from":[7.35,-7.30999,4.10555],"to":[8.65,-6.25999,6.40555],"rotation":{"angle":22.5,"axis":"x","origin":[8,-6.78499,5.35555]},"faces":{"north":{"uv":[12.5,8,12.8125,8.25],"texture":"#3"},"east":{"uv":[8.75,12.25,9.3125,12.5],"texture":"#3"},"south":{"uv":[12.5,8.25,12.8125,8.5],"texture":"#3"},"west":{"uv":[12.25,9.25,12.8125,9.5],"texture":"#3"},"up":{"uv":[12.3125,8.0625,12,7.5],"texture":"#3"},"down":{"uv":[10.0625,12,9.75,12.5625],"texture":"#3"}}},{"from":[7,4.32455,7.37545],"to":[9,6.57455,9.62545],"rotation":{"angle":45,"axis":"x","origin":[8,8.15,5.8]},"faces":{"north":{"uv":[7.5,11.5,8,12.0625],"texture":"#3"},"east":{"uv":[8.5,10.75,9.0625,11.3125],"texture":"#3"},"south":{"uv":[8,11.5,8.5,12.0625],"texture":"#3"},"west":{"uv":[10.25,10.75,10.8125,11.3125],"texture":"#3"},"up":{"uv":[12,8.5625,11.5,8],"texture":"#3"},"down":{"uv":[9,11.5,8.5,12.0625],"texture":"#3"}}},{"from":[8,14.03905,-2.38539],"to":[8,31.93905,4.01461],"rotation":{"angle":45,"axis":"x","origin":[8,22.68905,2.11461]},"faces":{"north":{"uv":[0,0,0,4.5],"texture":"#3"},"east":{"uv":[0,8,1.625,12.5],"texture":"#3"},"south":{"uv":[0,0,0,4.5],"texture":"#3"},"west":{"uv":[1.75,8,3.375,12.5],"texture":"#3"},"up":{"uv":[0,1.625,0,0],"texture":"#3"},"down":{"uv":[0,0,0,1.625],"texture":"#3"}}},{"from":[7.45,-7.57185,6.12471],"to":[8.55,-6.82185,8.42471],"rotation":{"angle":0,"axis":"y","origin":[8,-7.14685,7.37471]},"faces":{"north":{"uv":[9,11.5,9.25,11.6875],"texture":"#3"},"east":{"uv":[5.5,12.5,6.0625,12.6875],"texture":"#3"},"south":{"uv":[8.25,12.5,8.5,12.6875],"texture":"#3"},"west":{"uv":[12.5,5.5,13.0625,5.6875],"texture":"#3"},"up":{"uv":[9.75,12.8125,9.5,12.25],"texture":"#3"},"down":{"uv":[12.5,9.5,12.25,10.0625],"texture":"#3"}}},{"from":[8,-15.63905,-2.38539],"to":[8,2.26095,4.01461],"rotation":{"angle":-45,"axis":"x","origin":[8,-6.38905,2.11461]},"faces":{"north":{"uv":[0,0,0,4.5],"texture":"#3"},"east":{"uv":[3.5,8,5.125,12.5],"texture":"#3"},"south":{"uv":[0,0,0,4.5],"texture":"#3"},"west":{"uv":[5.25,8,6.875,12.5],"texture":"#3"},"up":{"uv":[0,1.625,0,0],"texture":"#3"},"down":{"uv":[0,0,0,1.625],"texture":"#3"}}},{"from":[7.25,3.55,1.4],"to":[8.75,4.7,4.9],"rotation":{"angle":-45,"axis":"x","origin":[8,4,5.8]},"faces":{"north":{"uv":[5,12.5,5.375,12.8125],"texture":"#3"},"east":{"uv":[10.75,11.5,11.625,11.8125],"texture":"#3"},"south":{"uv":[12.5,5,12.875,5.3125],"texture":"#3"},"west":{"uv":[11.5,11,12.375,11.3125],"texture":"#3"},"up":{"uv":[10.875,9.875,10.5,9],"texture":"#3"},"down":{"uv":[10.125,10.5,9.75,11.375],"texture":"#3"}}},{"from":[8,-7.5,8.225],"to":[8,23.825,32],"rotation":{"angle":0,"axis":"y","origin":[8,16,0]},"faces":{"north":{"uv":[0,0,0,7.8125],"texture":"#3"},"east":{"uv":[0,0,5.9375,7.8125],"texture":"#3"},"south":{"uv":[0,0,0,7.8125],"texture":"#3"},"west":{"uv":[6,0,11.9375,7.8125],"texture":"#3"},"up":{"uv":[0,5.9375,0,0],"texture":"#3"},"down":{"uv":[0,0,0,5.9375],"texture":"#3"}}}],"gui_light":"front","display":{"thirdperson_righthand":{"translation":[0,-1.75,2.75],"scale":[0.69,0.69,0.69]},"thirdperson_lefthand":{"translation":[0,-1.75,2.75],"scale":[0.69,0.69,0.69]},"firstperson_righthand":{"translation":[1,0.25,0],"scale":[0.94,0.94,0.94]},"firstperson_lefthand":{"translation":[1,0.25,0],"scale":[0.94,0.94,0.94]},"ground":{"rotation":[45,0,0],"translation":[0,3,0],"scale":[0.32,0.32,0.32]},"gui":{"rotation":[-99,125,93],"translation":[1.25,-0.5,0],"scale":[0.47,0.47,0.47]},"head":{"scale":[0,0,0]},"fixed":{"rotation":[0,-90,0],"translation":[-0.75,0,-0.5],"scale":[0.48,0.48,0.48]}}}