{
	"credit": "Made with Blockbench",
	"texture_size": [64, 64],
	"textures": {
		"2": "halloweenset:bow_2_1",
		"3": "halloweenset:bow_2_2",
		"particle": "halloweenset:bow_2_2"
	},
	"elements": [
		{
			"from": [7.375, 9, 5.175],
			"to": [8.625, 11, 6.425],
			"rotation": {"angle": 0, "axis": "y", "origin": [8, 6.59645, 5.8]},
			"faces": {
				"north": {"uv": [3, 12.5, 3.3125, 13], "texture": "#3"},
				"east": {"uv": [12.5, 3, 12.8125, 3.5], "texture": "#3"},
				"south": {"uv": [3.5, 12.5, 3.8125, 13], "texture": "#3"},
				"west": {"uv": [12.5, 3.5, 12.8125, 4], "texture": "#3"},
				"up": {"uv": [13.0625, 10.0625, 12.75, 9.75], "texture": "#3"},
				"down": {"uv": [13.0625, 10.25, 12.75, 10.5625], "texture": "#3"}
			}
		},
		{
			"from": [7.475, 4.35, 5.275],
			"to": [8.525, 6.35, 6.325],
			"rotation": {"angle": 0, "axis": "y", "origin": [8, 7.19645, 5.8]},
			"faces": {
				"north": {"uv": [12.5, 6, 12.75, 6.5], "texture": "#3"},
				"east": {"uv": [6.75, 12.5, 7, 13], "texture": "#3"},
				"south": {"uv": [12.5, 8, 12.75, 8.5], "texture": "#3"},
				"west": {"uv": [12.5, 8.5, 12.75, 9], "texture": "#3"},
				"up": {"uv": [9.5, 12.25, 9.25, 12], "texture": "#3"},
				"down": {"uv": [10, 12.75, 9.75, 13], "texture": "#3"}
			}
		},
		{
			"from": [7.575, 6.35, 5.375],
			"to": [8.425, 9.1, 6.225],
			"rotation": {"angle": 0, "axis": "y", "origin": [8, 7.19645, 5.8]},
			"faces": {
				"north": {"uv": [12.5, 5.25, 12.6875, 5.9375], "texture": "#3"},
				"east": {"uv": [6, 12.5, 6.1875, 13.1875], "texture": "#3"},
				"south": {"uv": [6.25, 12.5, 6.4375, 13.1875], "texture": "#3"},
				"west": {"uv": [6.5, 12.5, 6.6875, 13.1875], "texture": "#3"},
				"up": {"uv": [3.1875, 13.1875, 3, 13], "texture": "#3"},
				"down": {"uv": [13.1875, 3, 13, 3.1875], "texture": "#3"}
			}
		},
		{
			"from": [6.85, 12.325, 4.4],
			"to": [9.15, 14.075, 7.2],
			"rotation": {"angle": 0, "axis": "y", "origin": [8, 7.2, -21.7]},
			"faces": {
				"north": {"uv": [8.5, 12.25, 9.0625, 12.6875], "texture": "#3"},
				"east": {"uv": [11.5, 11.75, 12.1875, 12.1875], "texture": "#3"},
				"south": {"uv": [9.25, 12.25, 9.8125, 12.6875], "texture": "#3"},
				"west": {"uv": [12, 0, 12.6875, 0.4375], "texture": "#3"},
				"up": {"uv": [11.0625, 8.6875, 10.5, 8], "texture": "#3"},
				"down": {"uv": [8.0625, 11.25, 7.5, 11.9375], "texture": "#3"}
			}
		},
		{
			"from": [6.65, 14.075, 4.2],
			"to": [9.35, 14.525, 7.4],
			"rotation": {"angle": 0, "axis": "y", "origin": [8, 6.95, -21.7]},
			"faces": {
				"north": {"uv": [12.75, 10.75, 13.4375, 10.875], "texture": "#3"},
				"east": {"uv": [12.75, 9.25, 13.5625, 9.375], "texture": "#3"},
				"south": {"uv": [11, 12.75, 11.6875, 12.875], "texture": "#3"},
				"west": {"uv": [12.75, 9.5, 13.5625, 9.625], "texture": "#3"},
				"up": {"uv": [10.1875, 10.3125, 9.5, 9.5], "texture": "#3"},
				"down": {"uv": [10.9375, 9.5, 10.25, 10.3125], "texture": "#3"}
			}
		},
		{
			"from": [7.15, 14.525, 4.95],
			"to": [8.85, 16.475, 6.65],
			"rotation": {"angle": 0, "axis": "y", "origin": [8, 6.4, -21.7]},
			"faces": {
				"north": {"uv": [11, 12.25, 11.4375, 12.75], "texture": "#3"},
				"east": {"uv": [12.25, 11, 12.6875, 11.5], "texture": "#3"},
				"south": {"uv": [11.5, 12.25, 11.9375, 12.75], "texture": "#3"},
				"west": {"uv": [12.25, 11.5, 12.6875, 12], "texture": "#3"},
				"up": {"uv": [12.9375, 1.4375, 12.5, 1], "texture": "#3"},
				"down": {"uv": [1.9375, 12.5, 1.5, 12.9375], "texture": "#3"}
			}
		},
		{
			"from": [6.65, 14.525, 4.2],
			"to": [9.35, 15.325, 4.65],
			"rotation": {"angle": 0, "axis": "y", "origin": [8, 9.5, -23.075]},
			"faces": {
				"north": {"uv": [4.5, 12.5, 5.1875, 12.6875], "texture": "#3"},
				"east": {"uv": [3.25, 13, 3.375, 13.1875], "texture": "#3"},
				"south": {"uv": [12.5, 4.75, 13.1875, 4.9375], "texture": "#3"},
				"west": {"uv": [13, 3.25, 13.125, 3.4375], "texture": "#3"},
				"up": {"uv": [13.4375, 11.125, 12.75, 11], "texture": "#3"},
				"down": {"uv": [13.4375, 11.25, 12.75, 11.375], "texture": "#3"}
			}
		},
		{
			"from": [6.9, 15.325, 4.2],
			"to": [9.1, 15.625, 4.65],
			"rotation": {"angle": 0, "axis": "y", "origin": [8, 9.3, -23.075]},
			"faces": {
				"north": {"uv": [13, 2, 13.5625, 2.0625], "texture": "#3"},
				"east": {"uv": [13, 6.5, 13.125, 6.5625], "texture": "#3"},
				"south": {"uv": [13, 2.25, 13.5625, 2.3125], "texture": "#3"},
				"west": {"uv": [6.75, 13, 6.875, 13.0625], "texture": "#3"},
				"up": {"uv": [0.5625, 13.125, 0, 13], "texture": "#3"},
				"down": {"uv": [1.3125, 13, 0.75, 13.125], "texture": "#3"}
			}
		},
		{
			"from": [6.9, 15.325, 6.95],
			"to": [9.1, 15.625, 7.4],
			"rotation": {"angle": 0, "axis": "y", "origin": [8, 9.3, -20.325]},
			"faces": {
				"north": {"uv": [13, 2.5, 13.5625, 2.5625], "texture": "#3"},
				"east": {"uv": [13, 6.75, 13.125, 6.8125], "texture": "#3"},
				"south": {"uv": [13, 2.75, 13.5625, 2.8125], "texture": "#3"},
				"west": {"uv": [13, 7, 13.125, 7.0625], "texture": "#3"},
				"up": {"uv": [13.5625, 1.125, 13, 1], "texture": "#3"},
				"down": {"uv": [13.5625, 1.25, 13, 1.375], "texture": "#3"}
			}
		},
		{
			"from": [6.65, 14.525, 6.95],
			"to": [9.35, 15.325, 7.4],
			"rotation": {"angle": 0, "axis": "y", "origin": [8, 9.5, -20.325]},
			"faces": {
				"north": {"uv": [12.5, 5, 13.1875, 5.1875], "texture": "#3"},
				"east": {"uv": [3.5, 13, 3.625, 13.1875], "texture": "#3"},
				"south": {"uv": [5.25, 12.5, 5.9375, 12.6875], "texture": "#3"},
				"west": {"uv": [13, 3.5, 13.125, 3.6875], "texture": "#3"},
				"up": {"uv": [13.4375, 11.625, 12.75, 11.5], "texture": "#3"},
				"down": {"uv": [12.4375, 12.75, 11.75, 12.875], "texture": "#3"}
			}
		},
		{
			"from": [8, 16.55, 3.5],
			"to": [8, 22.55, 8.1],
			"rotation": {"angle": 0, "axis": "y", "origin": [8, 39.675, 19.25]},
			"faces": {
				"north": {"uv": [0, 0, 0, 0.5], "texture": "#missing"},
				"east": {"uv": [0.75, 8.75, 5.85, 14.75], "texture": "#2"},
				"south": {"uv": [0, 0, 0, 0.5], "texture": "#missing"},
				"west": {"uv": [5.85, 8.75, 0.75, 14.75], "texture": "#2"},
				"up": {"uv": [0, 0, 0, 0.26563], "texture": "#missing"},
				"down": {"uv": [0, 0.26563, 0, 0], "texture": "#missing"}
			}
		},
		{
			"from": [7, 9.12545, 7.37545],
			"to": [9, 11.37545, 9.62545],
			"rotation": {"angle": -45, "axis": "x", "origin": [8, 7.55, 5.8]},
			"faces": {
				"north": {"uv": [12, 0.5, 12.5, 1.0625], "texture": "#3"},
				"east": {"uv": [11.5, 9.5, 12.0625, 10.0625], "texture": "#3"},
				"south": {"uv": [12, 1.25, 12.5, 1.8125], "texture": "#3"},
				"west": {"uv": [11.5, 10.25, 12.0625, 10.8125], "texture": "#3"},
				"up": {"uv": [12.5, 2.5625, 12, 2], "texture": "#3"},
				"down": {"uv": [12.5, 2.75, 12, 3.3125], "texture": "#3"}
			}
		},
		{
			"from": [7.25, 11.6, 1.4],
			"to": [8.75, 12.75, 4.9],
			"rotation": {"angle": 45, "axis": "x", "origin": [8, 12.3, 5.8]},
			"faces": {
				"north": {"uv": [12.75, 0, 13.125, 0.3125], "texture": "#3"},
				"east": {"uv": [12, 6.5, 12.875, 6.8125], "texture": "#3"},
				"south": {"uv": [12.75, 4, 13.125, 4.3125], "texture": "#3"},
				"west": {"uv": [12, 7, 12.875, 7.3125], "texture": "#3"},
				"up": {"uv": [11.625, 8.875, 11.25, 8], "texture": "#3"},
				"down": {"uv": [8.625, 11.25, 8.25, 12.125], "texture": "#3"}
			}
		},
		{
			"from": [7.25, 14.9163, 2.19376],
			"to": [8.75, 21.4163, 3.34376],
			"rotation": {"angle": 0, "axis": "y", "origin": [8, 16.6663, 2.76876]},
			"faces": {
				"north": {"uv": [7.5, 9.5, 7.875, 11.125], "texture": "#3"},
				"east": {"uv": [9.5, 10.5, 9.8125, 12.125], "texture": "#3"},
				"south": {"uv": [8, 9.5, 8.375, 11.125], "texture": "#3"},
				"west": {"uv": [10, 10.5, 10.3125, 12.125], "texture": "#3"},
				"up": {"uv": [4.875, 13.0625, 4.5, 12.75], "texture": "#3"},
				"down": {"uv": [5.375, 12.75, 5, 13.0625], "texture": "#3"}
			}
		},
		{
			"from": [7.25, 24.20668, 4.2481],
			"to": [8.75, 25.45668, 6.7481],
			"rotation": {"angle": -45, "axis": "x", "origin": [8, 20.95668, 8.0981]},
			"faces": {
				"north": {"uv": [12.75, 5.25, 13.125, 5.5625], "texture": "#3"},
				"east": {"uv": [12, 12.25, 12.625, 12.5625], "texture": "#3"},
				"south": {"uv": [5.5, 12.75, 5.875, 13.0625], "texture": "#3"},
				"west": {"uv": [0, 12.5, 0.625, 12.8125], "texture": "#3"},
				"up": {"uv": [12.625, 10.125, 12.25, 9.5], "texture": "#3"},
				"down": {"uv": [10.375, 12.25, 10, 12.875], "texture": "#3"}
			}
		},
		{
			"from": [7.35, 22.55999, 4.10555],
			"to": [8.65, 23.60999, 6.40555],
			"rotation": {"angle": -22.5, "axis": "x", "origin": [8, 23.08499, 5.35555]},
			"faces": {
				"north": {"uv": [12.75, 11.75, 13.0625, 12], "texture": "#3"},
				"east": {"uv": [10.5, 8.75, 11.0625, 9], "texture": "#3"},
				"south": {"uv": [12.75, 12.25, 13.0625, 12.5], "texture": "#3"},
				"west": {"uv": [11.75, 8.75, 12.3125, 9], "texture": "#3"},
				"up": {"uv": [12.8125, 2.0625, 12.5, 1.5], "texture": "#3"},
				"down": {"uv": [2.3125, 12.5, 2, 13.0625], "texture": "#3"}
			}
		},
		{
			"from": [7.45, 23.12185, 6.12471],
			"to": [8.55, 23.87185, 8.42471],
			"rotation": {"angle": 0, "axis": "y", "origin": [8, 23.44685, 7.37471]},
			"faces": {
				"north": {"uv": [1.5, 13, 1.75, 13.1875], "texture": "#3"},
				"east": {"uv": [12.75, 4.5, 13.3125, 4.6875], "texture": "#3"},
				"south": {"uv": [13, 1.5, 13.25, 1.6875], "texture": "#3"},
				"west": {"uv": [12.75, 6.25, 13.3125, 6.4375], "texture": "#3"},
				"up": {"uv": [9.5, 11.8125, 9.25, 11.25], "texture": "#3"},
				"down": {"uv": [4.25, 12.5, 4, 13.0625], "texture": "#3"}
			}
		},
		{
			"from": [7.25, -5.1163, 2.19376],
			"to": [8.75, 1.3837, 3.34376],
			"rotation": {"angle": 0, "axis": "y", "origin": [8, -0.3663, 2.76876]},
			"faces": {
				"north": {"uv": [8.5, 9.5, 8.875, 11.125], "texture": "#3"},
				"east": {"uv": [10.5, 10.5, 10.8125, 12.125], "texture": "#3"},
				"south": {"uv": [9, 9.5, 9.375, 11.125], "texture": "#3"},
				"west": {"uv": [11, 9.5, 11.3125, 11.125], "texture": "#3"},
				"up": {"uv": [8.375, 13.0625, 8, 12.75], "texture": "#3"},
				"down": {"uv": [13.125, 8, 12.75, 8.3125], "texture": "#3"}
			}
		},
		{
			"from": [7.25, -9.15668, 4.2481],
			"to": [8.75, -7.90668, 6.7481],
			"rotation": {"angle": 45, "axis": "x", "origin": [8, -4.65668, 8.0981]},
			"faces": {
				"north": {"uv": [12.75, 5.75, 13.125, 6.0625], "texture": "#3"},
				"east": {"uv": [12.5, 0.5, 13.125, 0.8125], "texture": "#3"},
				"south": {"uv": [7.5, 12.75, 7.875, 13.0625], "texture": "#3"},
				"west": {"uv": [0.75, 12.5, 1.375, 12.8125], "texture": "#3"},
				"up": {"uv": [12.625, 10.875, 12.25, 10.25], "texture": "#3"},
				"down": {"uv": [10.875, 12.25, 10.5, 12.875], "texture": "#3"}
			}
		},
		{
			"from": [7.35, -7.30999, 4.10555],
			"to": [8.65, -6.25999, 6.40555],
			"rotation": {"angle": 22.5, "axis": "x", "origin": [8, -6.78499, 5.35555]},
			"faces": {
				"north": {"uv": [12.5, 12.75, 12.8125, 13], "texture": "#3"},
				"east": {"uv": [7.5, 12, 8.0625, 12.25], "texture": "#3"},
				"south": {"uv": [12.75, 12.5, 13.0625, 12.75], "texture": "#3"},
				"west": {"uv": [12.25, 12, 12.8125, 12.25], "texture": "#3"},
				"up": {"uv": [12.8125, 2.8125, 12.5, 2.25], "texture": "#3"},
				"down": {"uv": [2.8125, 12.5, 2.5, 13.0625], "texture": "#3"}
			}
		},
		{
			"from": [7, 4.32455, 7.37545],
			"to": [9, 6.57455, 9.62545],
			"rotation": {"angle": 45, "axis": "x", "origin": [8, 8.15, 5.8]},
			"faces": {
				"north": {"uv": [12, 3.5, 12.5, 4.0625], "texture": "#3"},
				"east": {"uv": [11.5, 11, 12.0625, 11.5625], "texture": "#3"},
				"south": {"uv": [12, 4.25, 12.5, 4.8125], "texture": "#3"},
				"west": {"uv": [11.75, 8, 12.3125, 8.5625], "texture": "#3"},
				"up": {"uv": [12.5, 5.5625, 12, 5], "texture": "#3"},
				"down": {"uv": [12.5, 5.75, 12, 6.3125], "texture": "#3"}
			}
		},
		{
			"from": [8, 14.03905, -2.38539],
			"to": [8, 31.93905, 4.01461],
			"rotation": {"angle": 45, "axis": "x", "origin": [8, 22.68905, 2.11461]},
			"faces": {
				"north": {"uv": [0, 0, 0, 4.5], "texture": "#3"},
				"east": {"uv": [0, 8, 1.625, 12.5], "texture": "#3"},
				"south": {"uv": [0, 0, 0, 4.5], "texture": "#3"},
				"west": {"uv": [1.75, 8, 3.375, 12.5], "texture": "#3"},
				"up": {"uv": [0, 1.625, 0, 0], "texture": "#3"},
				"down": {"uv": [0, 0, 0, 1.625], "texture": "#3"}
			}
		},
		{
			"from": [7.45, -7.57185, 6.12471],
			"to": [8.55, -6.82185, 8.42471],
			"rotation": {"angle": 0, "axis": "y", "origin": [8, -7.14685, 7.37471]},
			"faces": {
				"north": {"uv": [1.75, 13, 2, 13.1875], "texture": "#3"},
				"east": {"uv": [9, 12.75, 9.5625, 12.9375], "texture": "#3"},
				"south": {"uv": [13, 1.75, 13.25, 1.9375], "texture": "#3"},
				"west": {"uv": [12.75, 9, 13.3125, 9.1875], "texture": "#3"},
				"up": {"uv": [12.75, 4.5625, 12.5, 4], "texture": "#3"},
				"down": {"uv": [4.5, 12.5, 4.25, 13.0625], "texture": "#3"}
			}
		},
		{
			"from": [8, -15.63905, -2.38539],
			"to": [8, 2.26095, 4.01461],
			"rotation": {"angle": -45, "axis": "x", "origin": [8, -6.38905, 2.11461]},
			"faces": {
				"north": {"uv": [0, 0, 0, 4.5], "texture": "#3"},
				"east": {"uv": [3.5, 8, 5.125, 12.5], "texture": "#3"},
				"south": {"uv": [0, 0, 0, 4.5], "texture": "#3"},
				"west": {"uv": [5.25, 8, 6.875, 12.5], "texture": "#3"},
				"up": {"uv": [0, 1.625, 0, 0], "texture": "#3"},
				"down": {"uv": [0, 0, 0, 1.625], "texture": "#3"}
			}
		},
		{
			"from": [7.25, 3.55, 1.4],
			"to": [8.75, 4.7, 4.9],
			"rotation": {"angle": -45, "axis": "x", "origin": [8, 4, 5.8]},
			"faces": {
				"north": {"uv": [8.5, 12.75, 8.875, 13.0625], "texture": "#3"},
				"east": {"uv": [12, 7.5, 12.875, 7.8125], "texture": "#3"},
				"south": {"uv": [12.75, 8.5, 13.125, 8.8125], "texture": "#3"},
				"west": {"uv": [7.5, 12.25, 8.375, 12.5625], "texture": "#3"},
				"up": {"uv": [9.125, 12.125, 8.75, 11.25], "texture": "#3"},
				"down": {"uv": [11.375, 11.25, 11, 12.125], "texture": "#3"}
			}
		},
		{
			"from": [8, -7.5, 8.225],
			"to": [8, 23.825, 32],
			"rotation": {"angle": 0, "axis": "y", "origin": [8, 16, 0]},
			"faces": {
				"north": {"uv": [0, 0, 0, 7.8125], "texture": "#3"},
				"east": {"uv": [11.9375, 0, 6, 7.8125], "texture": "#3"},
				"south": {"uv": [0, 0, 0, 7.8125], "texture": "#3"},
				"west": {"uv": [6, 0, 11.9375, 7.8125], "texture": "#3"},
				"up": {"uv": [0, 5.9375, 0, 0], "texture": "#3"},
				"down": {"uv": [0, 0, 0, 5.9375], "texture": "#3"}
			}
		},
		{
			"from": [7.8, 7.8, -8.5],
			"to": [8.2, 8.2, 14.2],
			"rotation": {"angle": 0, "axis": "y", "origin": [8, 6.6, 8]},
			"faces": {
				"north": {"uv": [3.75, 13, 3.875, 13.125], "texture": "#3"},
				"east": {"uv": [7, 9, 12.6875, 9.125], "texture": "#3"},
				"south": {"uv": [13, 3.75, 13.125, 3.875], "texture": "#3"},
				"west": {"uv": [7, 9.25, 12.6875, 9.375], "texture": "#3"},
				"up": {"uv": [7.125, 15.1875, 7, 9.5], "texture": "#3"},
				"down": {"uv": [7.375, 9.5, 7.25, 15.1875], "texture": "#3"}
			}
		},
		{
			"from": [8, 8.2, -8.5],
			"to": [8, 11.7, -1.4],
			"rotation": {"angle": 0, "axis": "y", "origin": [8, 2.5, 8]},
			"faces": {
				"north": {"uv": [0, 0, 0, 0.875], "texture": "#3"},
				"east": {"uv": [7, 8, 8.75, 8.875], "texture": "#3"},
				"south": {"uv": [0, 0, 0, 0.875], "texture": "#3"},
				"west": {"uv": [8.75, 8, 10.5, 8.875], "texture": "#3"},
				"up": {"uv": [0, 1.75, 0, 0], "texture": "#3"},
				"down": {"uv": [0, 0, 0, 1.75], "texture": "#3"}
			}
		},
		{
			"from": [8, 4.35, -8.5],
			"to": [8, 7.85, -1.4],
			"rotation": {"angle": 0, "axis": "y", "origin": [8, 13.5, 8]},
			"faces": {
				"north": {"uv": [0, 0.875, 0, 0], "texture": "#3"},
				"east": {"uv": [7, 8.875, 8.75, 8], "texture": "#3"},
				"south": {"uv": [0, 0.875, 0, 0], "texture": "#3"},
				"west": {"uv": [8.75, 8.875, 10.5, 8], "texture": "#3"},
				"up": {"uv": [0, 1.75, 0, 0], "texture": "#3"},
				"down": {"uv": [0, 0, 0, 1.75], "texture": "#3"}
			}
		}
	],
	"gui_light": "front",
	"display": {
		"thirdperson_righthand": {
			"translation": [-1, -1.75, 2.5],
			"scale": [0, 0, 0]
		},
		"thirdperson_lefthand": {
			"translation": [-1, -1.75, 2.5],
			"scale": [0.69, 0.69, 0.69]
		},
		"firstperson_righthand": {
			"rotation": [20.07, 22.56, 1.34],
			"translation": [0.25, 3.75, -0.5],
			"scale": [0.65, 0.65, 0.65]
		},
		"firstperson_lefthand": {
			"rotation": [180, 180, 180],
			"translation": [-0.5, 8.25, -0.5],
			"scale": [0.65, 0.65, 0.65]
		},
		"ground": {
			"rotation": [45, 0, 0],
			"translation": [0, 3, 0],
			"scale": [0.32, 0.32, 0.32]
		},
		"gui": {
			"rotation": [-99, 125, 93],
			"translation": [1.25, -0.5, 0],
			"scale": [0.47, 0.47, 0.47]
		},
		"fixed": {
			"rotation": [0, -90, 0],
			"translation": [-0.75, 0, -0.5],
			"scale": [0.48, 0.48, 0.48]
		}
	}
}