{
	"credit": "Made with Blockbench",
	"texture_size": [64, 64],
	"textures": {
		"2": "halloweenset:fishing_1_1",
		"4": "halloweenset:fishing_1_2"
	},
	"elements": [
		{
			"from": [7.375, -1.9, 7.375],
			"to": [8.625, 0.1, 8.625],
			"rotation": {"angle": 0, "axis": "y", "origin": [8, -5.6, 8]},
			"faces": {
				"north": {"uv": [6.25, 4.75, 6.5625, 5.25], "texture": "#4"},
				"east": {"uv": [6.25, 5.25, 6.5625, 5.75], "texture": "#4"},
				"south": {"uv": [6, 6.25, 6.3125, 6.75], "texture": "#4"},
				"west": {"uv": [2, 6.5, 2.3125, 7], "texture": "#4"},
				"up": {"uv": [7.3125, 0.3125, 7, 0], "texture": "#4"},
				"down": {"uv": [0.8125, 7, 0.5, 7.3125], "texture": "#4"}
			}
		},
		{
			"from": [7.475, -6.65, 7.475],
			"to": [8.525, -4.65, 8.525],
			"rotation": {"angle": 0, "axis": "y", "origin": [8, -5.6, 8]},
			"faces": {
				"north": {"uv": [6.75, 2, 7, 2.5], "texture": "#4"},
				"east": {"uv": [6.75, 2.5, 7, 3], "texture": "#4"},
				"south": {"uv": [6.75, 3, 7, 3.5], "texture": "#4"},
				"west": {"uv": [6.75, 3.5, 7, 4], "texture": "#4"},
				"up": {"uv": [6, 7.5, 5.75, 7.25], "texture": "#4"},
				"down": {"uv": [6.25, 7.25, 6, 7.5], "texture": "#4"}
			}
		},
		{
			"from": [7.575, -4.65, 7.575],
			"to": [8.425, -1.9, 8.425],
			"rotation": {"angle": 0, "axis": "y", "origin": [8, -4.6, 8]},
			"faces": {
				"north": {"uv": [1.25, 6.75, 1.4375, 7.4375], "texture": "#4"},
				"east": {"uv": [6.75, 1.25, 6.9375, 1.9375], "texture": "#4"},
				"south": {"uv": [1.5, 6.75, 1.6875, 7.4375], "texture": "#4"},
				"west": {"uv": [1.75, 6.75, 1.9375, 7.4375], "texture": "#4"},
				"up": {"uv": [2.6875, 7.6875, 2.5, 7.5], "texture": "#4"},
				"down": {"uv": [7.6875, 2.5, 7.5, 2.6875], "texture": "#4"}
			}
		},
		{
			"from": [6.85, 1.5, 6.7],
			"to": [9.15, 3.25, 9.5],
			"rotation": {"angle": 0, "axis": "y", "origin": [8, -11.1, 8]},
			"faces": {
				"north": {"uv": [6, 5.75, 6.5625, 6.1875], "texture": "#4"},
				"east": {"uv": [5.5, 4.75, 6.1875, 5.1875], "texture": "#4"},
				"south": {"uv": [6.25, 0, 6.8125, 0.4375], "texture": "#4"},
				"west": {"uv": [5.5, 5.25, 6.1875, 5.6875], "texture": "#4"},
				"up": {"uv": [6.0625, 2.4375, 5.5, 1.75], "texture": "#4"},
				"down": {"uv": [6.0625, 2.5, 5.5, 3.1875], "texture": "#4"}
			}
		},
		{
			"from": [6.65, 3.25, 6.5],
			"to": [9.35, 3.7, 9.7],
			"rotation": {"angle": 0, "axis": "y", "origin": [8, -11.35, 8]},
			"faces": {
				"north": {"uv": [7, 3.75, 7.6875, 3.875], "texture": "#4"},
				"east": {"uv": [6.75, 6, 7.5625, 6.125], "texture": "#4"},
				"south": {"uv": [4.5, 7, 5.1875, 7.125], "texture": "#4"},
				"west": {"uv": [6.75, 6.75, 7.5625, 6.875], "texture": "#4"},
				"up": {"uv": [4.6875, 0.8125, 4, 0], "texture": "#4"},
				"down": {"uv": [4.6875, 1, 4, 1.8125], "texture": "#4"}
			}
		},
		{
			"from": [7.15, 3.7, 7.25],
			"to": [8.85, 5.65, 8.95],
			"rotation": {"angle": 0, "axis": "y", "origin": [8, -11.9, 8]},
			"faces": {
				"north": {"uv": [6.25, 0.5, 6.6875, 1], "texture": "#4"},
				"east": {"uv": [6.25, 1, 6.6875, 1.5], "texture": "#4"},
				"south": {"uv": [6.25, 1.5, 6.6875, 2], "texture": "#4"},
				"west": {"uv": [6.25, 2, 6.6875, 2.5], "texture": "#4"},
				"up": {"uv": [6.6875, 2.9375, 6.25, 2.5], "texture": "#4"},
				"down": {"uv": [6.6875, 3, 6.25, 3.4375], "texture": "#4"}
			}
		},
		{
			"from": [6.65, 3.7, 6.5],
			"to": [9.35, 4.5, 6.95],
			"rotation": {"angle": 0, "axis": "y", "origin": [8, -8.8, 6.625]},
			"faces": {
				"north": {"uv": [0.5, 6.75, 1.1875, 6.9375], "texture": "#4"},
				"east": {"uv": [7.5, 7, 7.625, 7.1875], "texture": "#4"},
				"south": {"uv": [6.75, 0.5, 7.4375, 0.6875], "texture": "#4"},
				"west": {"uv": [7.25, 7.5, 7.375, 7.6875], "texture": "#4"},
				"up": {"uv": [7.6875, 4.625, 7, 4.5], "texture": "#4"},
				"down": {"uv": [7.6875, 4.75, 7, 4.875], "texture": "#4"}
			}
		},
		{
			"from": [6.9, 4.5, 6.5],
			"to": [9.1, 4.8, 6.95],
			"rotation": {"angle": 0, "axis": "y", "origin": [8, -9, 6.625]},
			"faces": {
				"north": {"uv": [1.75, 7.5, 2.3125, 7.5625], "texture": "#4"},
				"east": {"uv": [1, 7.75, 1.125, 7.8125], "texture": "#4"},
				"south": {"uv": [7.5, 1.75, 8.0625, 1.8125], "texture": "#4"},
				"west": {"uv": [1.25, 7.75, 1.375, 7.8125], "texture": "#4"},
				"up": {"uv": [7.8125, 2.875, 7.25, 2.75], "texture": "#4"},
				"down": {"uv": [3.5625, 7.25, 3, 7.375], "texture": "#4"}
			}
		},
		{
			"from": [6.9, 4.5, 9.25],
			"to": [9.1, 4.8, 9.7],
			"rotation": {"angle": 0, "axis": "y", "origin": [8, -9, 9.375]},
			"faces": {
				"north": {"uv": [7.5, 2, 8.0625, 2.0625], "texture": "#4"},
				"east": {"uv": [7.75, 1.25, 7.875, 1.3125], "texture": "#4"},
				"south": {"uv": [7.5, 2.25, 8.0625, 2.3125], "texture": "#4"},
				"west": {"uv": [7.75, 1.5, 7.875, 1.5625], "texture": "#4"},
				"up": {"uv": [7.8125, 3.125, 7.25, 3], "texture": "#4"},
				"down": {"uv": [7.8125, 4, 7.25, 4.125], "texture": "#4"}
			}
		},
		{
			"from": [6.65, 3.7, 9.25],
			"to": [9.35, 4.5, 9.7],
			"rotation": {"angle": 0, "axis": "y", "origin": [8, -8.8, 9.375]},
			"faces": {
				"north": {"uv": [6.75, 0.75, 7.4375, 0.9375], "texture": "#4"},
				"east": {"uv": [7.5, 7.25, 7.625, 7.4375], "texture": "#4"},
				"south": {"uv": [6.75, 1, 7.4375, 1.1875], "texture": "#4"},
				"west": {"uv": [7.5, 7.5, 7.625, 7.6875], "texture": "#4"},
				"up": {"uv": [7.6875, 5.125, 7, 5], "texture": "#4"},
				"down": {"uv": [7.6875, 5.25, 7, 5.375], "texture": "#4"}
			}
		},
		{
			"from": [7.425, -7.20711, 7.5],
			"to": [8.575, -6.20711, 8.5],
			"rotation": {"angle": 45, "axis": "x", "origin": [8, -6.70711, 8]},
			"faces": {
				"north": {"uv": [7, 5.5, 7.3125, 5.75], "texture": "#4"},
				"east": {"uv": [6.25, 7.25, 6.5, 7.5], "texture": "#4"},
				"south": {"uv": [7, 5.75, 7.3125, 6], "texture": "#4"},
				"west": {"uv": [7.25, 6.25, 7.5, 6.5], "texture": "#4"},
				"up": {"uv": [7.0625, 7.25, 6.75, 7], "texture": "#4"},
				"down": {"uv": [2.8125, 7.25, 2.5, 7.5], "texture": "#4"}
			}
		},
		{
			"from": [8, 4, 9],
			"to": [8, 12, 16.3],
			"rotation": {"angle": 0, "axis": "y", "origin": [8, 13.3, 8]},
			"faces": {
				"north": {"uv": [0, 0, 0, 2], "texture": "#missing"},
				"east": {"uv": [7.3, 8, 0, 16], "texture": "#2"},
				"south": {"uv": [0, 0, 0, 2], "texture": "#missing"},
				"west": {"uv": [0, 8, 7.3, 16], "texture": "#2"},
				"up": {"uv": [0, 1.0625, 0, 0], "texture": "#missing"},
				"down": {"uv": [0, 0, 0, 1.0625], "texture": "#missing"}
			}
		},
		{
			"from": [8, -15.1, 4.325],
			"to": [8, -7.1, 11.625],
			"rotation": {"angle": 0, "axis": "y", "origin": [8, 5.5, -0.775]},
			"faces": {
				"north": {"uv": [0, 0, 0, 2], "texture": "#missing"},
				"east": {"uv": [16, 0, 8.7, 8], "texture": "#2"},
				"south": {"uv": [0, 0, 0, 2], "texture": "#missing"},
				"west": {"uv": [8.7, 0, 16, 8], "texture": "#2"},
				"up": {"uv": [0, 1.0625, 0, 0], "texture": "#missing"},
				"down": {"uv": [0, 0, 0, 1.0625], "texture": "#missing"}
			}
		},
		{
			"from": [7.5, -9.8, 7.3],
			"to": [8.5, -6.7, 8.7],
			"rotation": {"angle": 0, "axis": "y", "origin": [8, -6, 8]},
			"faces": {
				"north": {"uv": [6.25, 4, 6.5, 4.75], "texture": "#4"},
				"east": {"uv": [4.5, 5.5, 4.875, 6.25], "texture": "#4"},
				"south": {"uv": [4.5, 6.25, 4.75, 7], "texture": "#4"},
				"west": {"uv": [5.75, 0, 6.125, 0.75], "texture": "#4"},
				"up": {"uv": [1.25, 7.375, 1, 7], "texture": "#4"},
				"down": {"uv": [7.25, 2.75, 7, 3.125], "texture": "#4"}
			}
		},
		{
			"from": [7.6, -9.9, 6.65],
			"to": [8.4, -6.95, 7.3],
			"rotation": {"angle": 0, "axis": "y", "origin": [8, -6, 8.6]},
			"faces": {
				"north": {"uv": [4.75, 6.25, 4.9375, 7], "texture": "#4"},
				"east": {"uv": [2.5, 6.5, 2.6875, 7.25], "texture": "#4"},
				"south": {"uv": [2.75, 6.5, 2.9375, 7.25], "texture": "#4"},
				"west": {"uv": [3, 6.5, 3.1875, 7.25], "texture": "#4"},
				"up": {"uv": [2.9375, 7.6875, 2.75, 7.5], "texture": "#4"},
				"down": {"uv": [3.1875, 7.5, 3, 7.6875], "texture": "#4"}
			}
		},
		{
			"from": [7.6, -9.9, 8.7],
			"to": [8.4, -6.95, 9.35],
			"rotation": {"angle": 0, "axis": "y", "origin": [8, -6, 7.4]},
			"faces": {
				"north": {"uv": [3.25, 6.5, 3.4375, 7.25], "texture": "#4"},
				"east": {"uv": [6.5, 4, 6.6875, 4.75], "texture": "#4"},
				"south": {"uv": [5.5, 6.5, 5.6875, 7.25], "texture": "#4"},
				"west": {"uv": [5.75, 6.5, 5.9375, 7.25], "texture": "#4"},
				"up": {"uv": [3.4375, 7.6875, 3.25, 7.5], "texture": "#4"},
				"down": {"uv": [3.6875, 7.5, 3.5, 7.6875], "texture": "#4"}
			}
		},
		{
			"from": [7, -0.6, 6.875],
			"to": [9, 1.65, 9.125],
			"rotation": {"angle": -45, "axis": "x", "origin": [8, 0.525, 8]},
			"faces": {
				"north": {"uv": [0, 6, 0.5, 6.5625], "texture": "#4"},
				"east": {"uv": [5.5, 3.25, 6.0625, 3.8125], "texture": "#4"},
				"south": {"uv": [0.5, 6, 1, 6.5625], "texture": "#4"},
				"west": {"uv": [5.5, 4, 6.0625, 4.5625], "texture": "#4"},
				"up": {"uv": [1.5, 6.5625, 1, 6], "texture": "#4"},
				"down": {"uv": [2, 6, 1.5, 6.5625], "texture": "#4"}
			}
		},
		{
			"from": [8, -1, 0.25],
			"to": [8, 23, 8.25],
			"rotation": {"angle": 0, "axis": "y", "origin": [8, 4, 4.5]},
			"faces": {
				"north": {"uv": [0, 0, 0, 6], "texture": "#4"},
				"east": {"uv": [0, 0, 2, 6], "texture": "#4"},
				"south": {"uv": [0, 0, 0, 6], "texture": "#4"},
				"west": {"uv": [2, 0, 4, 6], "texture": "#4"},
				"up": {"uv": [0, 2, 0, 0], "texture": "#4"},
				"down": {"uv": [0, 0, 0, 2], "texture": "#4"}
			}
		},
		{
			"from": [7.33, 5.33, 7.43],
			"to": [8.67, 11.67, 8.77],
			"rotation": {"angle": 0, "axis": "y", "origin": [8, 7, 8]},
			"faces": {
				"north": {"uv": [4.5, 2, 4.8125, 3.5625], "texture": "#4"},
				"east": {"uv": [4.5, 3.75, 4.8125, 5.3125], "texture": "#4"},
				"south": {"uv": [4, 4.5, 4.3125, 6.0625], "texture": "#4"},
				"west": {"uv": [4.75, 0, 5.0625, 1.5625], "texture": "#4"},
				"up": {"uv": [7.3125, 1.5625, 7, 1.25], "texture": "#4"},
				"down": {"uv": [7.3125, 1.75, 7, 2.0625], "texture": "#4"}
			}
		},
		{
			"from": [7.43, 11.67, 7.53],
			"to": [8.57, 18.01, 8.67],
			"rotation": {"angle": 0, "axis": "y", "origin": [8, 9.34, 8]},
			"faces": {
				"north": {"uv": [5, 1.75, 5.3125, 3.3125], "texture": "#4"},
				"east": {"uv": [5, 3.5, 5.3125, 5.0625], "texture": "#4"},
				"south": {"uv": [5.25, 0, 5.5625, 1.5625], "texture": "#4"},
				"west": {"uv": [5, 5.25, 5.3125, 6.8125], "texture": "#4"},
				"up": {"uv": [2.3125, 7.3125, 2, 7], "texture": "#4"},
				"down": {"uv": [7.3125, 2.25, 7, 2.5625], "texture": "#4"}
			}
		},
		{
			"from": [7.53, 15.67, 6.49],
			"to": [8.47, 16.21, 7.53],
			"rotation": {"angle": 0, "axis": "y", "origin": [8, 9.34, 7.86]},
			"faces": {
				"north": {"uv": [7.5, 5.75, 7.75, 5.875], "texture": "#4"},
				"east": {"uv": [6, 7.5, 6.25, 7.625], "texture": "#4"},
				"south": {"uv": [6.25, 7.5, 6.5, 7.625], "texture": "#4"},
				"west": {"uv": [7.5, 6.25, 7.75, 6.375], "texture": "#4"},
				"up": {"uv": [5.25, 7.5, 5, 7.25], "texture": "#4"},
				"down": {"uv": [5.75, 7.25, 5.5, 7.5], "texture": "#4"}
			}
		},
		{
			"from": [7.53, 13.67, 6.49],
			"to": [8.47, 14.21, 7.53],
			"rotation": {"angle": 0, "axis": "y", "origin": [8, 9.34, 7.86]},
			"faces": {
				"north": {"uv": [7.5, 5.75, 7.75, 5.875], "texture": "#4"},
				"east": {"uv": [6, 7.5, 6.25, 7.625], "texture": "#4"},
				"south": {"uv": [6.25, 7.5, 6.5, 7.625], "texture": "#4"},
				"west": {"uv": [7.5, 6.25, 7.75, 6.375], "texture": "#4"},
				"up": {"uv": [5.25, 7.5, 5, 7.25], "texture": "#4"},
				"down": {"uv": [5.75, 7.25, 5.5, 7.5], "texture": "#4"}
			}
		},
		{
			"from": [7.53, 9.67, 6.49],
			"to": [8.47, 10.21, 7.53],
			"rotation": {"angle": 0, "axis": "y", "origin": [8, 9.34, 7.86]},
			"faces": {
				"north": {"uv": [7.5, 5.75, 7.75, 5.875], "texture": "#4"},
				"east": {"uv": [6, 7.5, 6.25, 7.625], "texture": "#4"},
				"south": {"uv": [6.25, 7.5, 6.5, 7.625], "texture": "#4"},
				"west": {"uv": [7.5, 6.25, 7.75, 6.375], "texture": "#4"},
				"up": {"uv": [5.25, 7.5, 5, 7.25], "texture": "#4"},
				"down": {"uv": [5.75, 7.25, 5.5, 7.5], "texture": "#4"}
			}
		},
		{
			"from": [7.53, 11.67, 6.49],
			"to": [8.47, 12.21, 7.53],
			"rotation": {"angle": 0, "axis": "y", "origin": [8, 9.34, 7.86]},
			"faces": {
				"north": {"uv": [7.5, 5.75, 7.75, 5.875], "texture": "#4"},
				"east": {"uv": [6, 7.5, 6.25, 7.625], "texture": "#4"},
				"south": {"uv": [6.25, 7.5, 6.5, 7.625], "texture": "#4"},
				"west": {"uv": [7.5, 6.25, 7.75, 6.375], "texture": "#4"},
				"up": {"uv": [5.25, 7.5, 5, 7.25], "texture": "#4"},
				"down": {"uv": [5.75, 7.25, 5.5, 7.5], "texture": "#4"}
			}
		},
		{
			"from": [7.53, 7.67, 6.49],
			"to": [8.47, 8.21, 7.53],
			"rotation": {"angle": 0, "axis": "y", "origin": [8, 9.34, 7.86]},
			"faces": {
				"north": {"uv": [7.5, 5.75, 7.75, 5.875], "texture": "#4"},
				"east": {"uv": [6, 7.5, 6.25, 7.625], "texture": "#4"},
				"south": {"uv": [6.25, 7.5, 6.5, 7.625], "texture": "#4"},
				"west": {"uv": [7.5, 6.25, 7.75, 6.375], "texture": "#4"},
				"up": {"uv": [5.25, 7.5, 5, 7.25], "texture": "#4"},
				"down": {"uv": [5.75, 7.25, 5.5, 7.5], "texture": "#4"}
			}
		},
		{
			"from": [7.53, 5.67, 6.49],
			"to": [8.47, 6.21, 7.53],
			"rotation": {"angle": 0, "axis": "y", "origin": [8, 9.34, 7.86]},
			"faces": {
				"north": {"uv": [7.5, 5.75, 7.75, 5.875], "texture": "#4"},
				"east": {"uv": [6, 7.5, 6.25, 7.625], "texture": "#4"},
				"south": {"uv": [6.25, 7.5, 6.5, 7.625], "texture": "#4"},
				"west": {"uv": [7.5, 6.25, 7.75, 6.375], "texture": "#4"},
				"up": {"uv": [5.25, 7.5, 5, 7.25], "texture": "#4"},
				"down": {"uv": [5.75, 7.25, 5.5, 7.5], "texture": "#4"}
			}
		},
		{
			"from": [7.53, 17.55057, 6.46028],
			"to": [8.47, 19.19057, 7.40028],
			"rotation": {"angle": -22.5, "axis": "x", "origin": [8, 20.72057, 6.93028]},
			"faces": {
				"north": {"uv": [6.75, 5.5, 7, 5.9375], "texture": "#4"},
				"east": {"uv": [6, 6.75, 6.25, 7.1875], "texture": "#4"},
				"south": {"uv": [6.25, 6.75, 6.5, 7.1875], "texture": "#4"},
				"west": {"uv": [6.5, 6.75, 6.75, 7.1875], "texture": "#4"},
				"up": {"uv": [6.75, 7.5, 6.5, 7.25], "texture": "#4"},
				"down": {"uv": [7.5, 6.5, 7.25, 6.75], "texture": "#4"}
			}
		},
		{
			"from": [7.63, 18.91438, 6.66784],
			"to": [8.37, 20.45438, 7.40784],
			"rotation": {"angle": -45, "axis": "x", "origin": [8, 19.73438, 7.03784]},
			"faces": {
				"north": {"uv": [5.25, 7, 5.4375, 7.375], "texture": "#4"},
				"east": {"uv": [3.75, 7.25, 3.9375, 7.625], "texture": "#4"},
				"south": {"uv": [4.5, 7.25, 4.6875, 7.625], "texture": "#4"},
				"west": {"uv": [4.75, 7.25, 4.9375, 7.625], "texture": "#4"},
				"up": {"uv": [7.6875, 4.4375, 7.5, 4.25], "texture": "#4"},
				"down": {"uv": [5.1875, 7.5, 5, 7.6875], "texture": "#4"}
			}
		},
		{
			"from": [7.73, 20.20709, 5.17118],
			"to": [8.27, 20.74709, 6.71118],
			"rotation": {"angle": 22.5, "axis": "x", "origin": [8, 20.47709, 5.89118]},
			"faces": {
				"north": {"uv": [0, 7.75, 0.125, 7.875], "texture": "#4"},
				"east": {"uv": [1, 7.5, 1.375, 7.625], "texture": "#4"},
				"south": {"uv": [7.75, 0, 7.875, 0.125], "texture": "#4"},
				"west": {"uv": [7.5, 1, 7.875, 1.125], "texture": "#4"},
				"up": {"uv": [7.625, 1.625, 7.5, 1.25], "texture": "#4"},
				"down": {"uv": [1.625, 7.5, 1.5, 7.875], "texture": "#4"}
			}
		},
		{
			"from": [6.6, 0.4, 7.9],
			"to": [7, 0.9, 10.9],
			"rotation": {"angle": 45, "axis": "x", "origin": [6.5, 0.75, 8]},
			"faces": {
				"north": {"uv": [7.75, 0.25, 7.875, 0.375], "texture": "#4"},
				"east": {"uv": [7, 3.25, 7.75, 3.375], "texture": "#4"},
				"south": {"uv": [0.5, 7.75, 0.625, 7.875], "texture": "#4"},
				"west": {"uv": [7, 3.5, 7.75, 3.625], "texture": "#4"},
				"up": {"uv": [4.125, 7.75, 4, 7], "texture": "#4"},
				"down": {"uv": [4.375, 7, 4.25, 7.75], "texture": "#4"}
			}
		},
		{
			"from": [5.7, 0.4, 10.4],
			"to": [6.6, 0.9, 10.9],
			"rotation": {"angle": 45, "axis": "x", "origin": [7.1, 0.75, 8]},
			"faces": {
				"north": {"uv": [6.5, 7.5, 6.75, 7.625], "texture": "#4"},
				"east": {"uv": [7.75, 0.5, 7.875, 0.625], "texture": "#4"},
				"south": {"uv": [7.5, 6.5, 7.75, 6.625], "texture": "#4"},
				"west": {"uv": [0.75, 7.75, 0.875, 7.875], "texture": "#4"},
				"up": {"uv": [7, 7.625, 6.75, 7.5], "texture": "#4"},
				"down": {"uv": [7.25, 7.5, 7, 7.625], "texture": "#4"}
			}
		}
	],
	"gui_light": "front",
	"display": {
		"thirdperson_righthand": {
			"rotation": [20.75, 0, 0],
			"translation": [0, 6, 4.5],
			"scale": [0.89, 0.89, 0.89]
		},
		"thirdperson_lefthand": {
			"rotation": [20.75, 0, 0],
			"translation": [0, 6, 4.5],
			"scale": [0.89, 0.89, 0.89]
		},
		"firstperson_righthand": {
			"rotation": [-66.25, 0, 0],
			"translation": [0.25, 7, -1.25],
			"scale": [0.92, 0.92, 0.92]
		},
		"firstperson_lefthand": {
			"rotation": [-66.25, 0, 0],
			"translation": [0.25, 7, -1.25],
			"scale": [0.92, 0.92, 0.92]
		},
		"ground": {
			"rotation": [-45, 0, 0],
			"translation": [0, 3, 0],
			"scale": [0.35, 0.35, 0.35]
		},
		"gui": {
			"rotation": [95.22, 41.3, -94.94],
			"translation": [1.75, 1, 0],
			"scale": [0.6, 0.6, 0.6]
		},
		"fixed": {
			"rotation": [0, -90, 0],
			"translation": [0, 1.5, 0],
			"scale": [0.56, 0.56, 0.56]
		}
	}
}