{"credit":"Made with Blockbench","texture_size":[32,32],"textures":{"0":"halloweenset:gun_1","particle":"halloweenset:gun_1"},"elements":[{"from":[7.33813,5.85074,-8.78562],"to":[8.38693,6.89954,3.16918],"rotation":{"angle":0,"axis":"y","origin":[7.42197,5.4278,7.535]},"faces":{"north":{"uv":[9,6,9.5,6.5],"texture":"#0"},"east":{"uv":[6,0.5,0,1],"texture":"#0"},"south":{"uv":[9,6.5,9.5,7],"texture":"#0"},"west":{"uv":[0,0.5,6,1],"texture":"#0"},"up":{"uv":[0.5,7,0,1],"texture":"#0"},"down":{"uv":[1,1,0.5,7],"texture":"#0"}}},{"from":[7.33813,5.69342,3.69358],"to":[8.40004,6.74222,11.03518],"rotation":{"angle":0,"axis":"y","origin":[7.42197,5.4278,7.535]},"faces":{"north":{"uv":[7,9,7.5,9.5],"texture":"#0"},"east":{"uv":[4.625,1.5,1,2],"texture":"#0"},"south":{"uv":[9,7,9.5,7.5],"texture":"#0"},"west":{"uv":[1,1.5,4.625,2],"texture":"#0"},"up":{"uv":[1.5,5.625,1,2],"texture":"#0"},"down":{"uv":[2,2,1.5,5.625],"texture":"#0"}}},{"from":[7.27556,7.52928,8.23899],"to":[8.46261,8.70636,9.2282],"rotation":{"angle":0,"axis":"y","origin":[7.42197,5.4278,7.535]},"faces":{"north":{"uv":[8,7,8.625,7.625],"texture":"#0"},"east":{"uv":[6,9,5.5,9.625],"texture":"#0"},"south":{"uv":[7.5,8,8.125,8.625],"texture":"#0"},"west":{"uv":[5.5,9,6,9.625],"texture":"#0"},"up":{"uv":[9.625,6,9,5.5],"texture":"#0"},"down":{"uv":[6.625,9,6,9.5],"texture":"#0"}}},{"from":[5.69847,6.29754,8.42899],"to":[6.01152,7.01863,9.0382],"rotation":{"angle":-45,"axis":"z","origin":[7.42197,5.4278,7.535]},"faces":{"north":{"uv":[3,10.5,3.125,10.875],"texture":"#0"},"east":{"uv":[0,10.5,0.25,10.875],"texture":"#0"},"south":{"uv":[10.5,3,10.625,3.375],"texture":"#0"},"west":{"uv":[0.5,10.5,0.75,10.875],"texture":"#0"},"up":{"uv":[10.625,5.25,10.5,5],"texture":"#0"},"down":{"uv":[5.625,10.5,5.5,10.75],"texture":"#0"}}},{"from":[6.21016,6.33047,8.42899],"to":[7.23525,6.64352,9.0382],"rotation":{"angle":-22.5,"axis":"z","origin":[7.42197,5.4278,7.535]},"faces":{"north":{"uv":[1.5,10.5,2,10.625],"texture":"#0"},"east":{"uv":[10.5,5.5,10.75,5.625],"texture":"#0"},"south":{"uv":[10.5,1.5,11,1.625],"texture":"#0"},"west":{"uv":[6,10.5,6.25,10.625],"texture":"#0"},"up":{"uv":[10.5,6.75,10,6.5],"texture":"#0"},"down":{"uv":[7.5,10,7,10.25],"texture":"#0"}}},{"from":[7.46556,7.71928,4.96977],"to":[8.27261,8.51636,8.23899],"rotation":{"angle":0,"axis":"y","origin":[7.42197,5.4278,7.535]},"faces":{"north":{"uv":[10,3,10.375,3.375],"texture":"#0"},"east":{"uv":[7.625,0,6,0.375],"texture":"#0"},"south":{"uv":[10,3.5,10.375,3.875],"texture":"#0"},"west":{"uv":[6,0,7.625,0.375],"texture":"#0"},"up":{"uv":[0.375,8.625,0,7],"texture":"#0"},"down":{"uv":[0.875,7,0.5,8.625],"texture":"#0"}}},{"from":[7.38956,7.64328,8.76977],"to":[8.34861,8.59236,12.03899],"rotation":{"angle":0,"axis":"y","origin":[7.42197,5.4278,7.535]},"faces":{"north":{"uv":[9.5,1.5,10,2],"texture":"#0"},"east":{"uv":[7.125,2,5.5,2.5],"texture":"#0"},"south":{"uv":[9.5,2,10,2.5],"texture":"#0"},"west":{"uv":[5.5,2,7.125,2.5],"texture":"#0"},"up":{"uv":[5.5,7.125,5,5.5],"texture":"#0"},"down":{"uv":[6,5.5,5.5,7.125],"texture":"#0"}}},{"from":[7.72605,6.72923,7.62977],"to":[8.3051,7.29832,9.37899],"rotation":{"angle":45,"axis":"z","origin":[7.42197,5.4278,7.535]},"faces":{"north":{"uv":[1,10.5,1.25,10.75],"texture":"#0"},"east":{"uv":[9.5,4.5,10.375,4.75],"texture":"#0"},"south":{"uv":[10.5,1,10.75,1.25],"texture":"#0"},"west":{"uv":[9.5,5,10.375,5.25],"texture":"#0"},"up":{"uv":[6.25,10.375,6,9.5],"texture":"#0"},"down":{"uv":[9.75,6,9.5,6.875],"texture":"#0"}}},{"from":[7.19956,7.45328,12.03899],"to":[8.53861,8.78236,12.4962],"rotation":{"angle":0,"axis":"y","origin":[7.42197,5.4278,7.535]},"faces":{"north":{"uv":[1,8.5,1.625,9.125],"texture":"#0"},"east":{"uv":[9.25,9.5,9,10.125],"texture":"#0"},"south":{"uv":[8.5,2,9.125,2.625],"texture":"#0"},"west":{"uv":[9,9.5,9.25,10.125],"texture":"#0"},"up":{"uv":[10.125,9.25,9.5,9],"texture":"#0"},"down":{"uv":[10.125,9.5,9.5,9.75],"texture":"#0"}}},{"from":[6.43325,6.29795,3.69358],"to":[6.80033,6.69125,11.03518],"rotation":{"angle":-45,"axis":"z","origin":[7.42197,5.4278,7.535]},"faces":{"north":{"uv":[3.5,10.5,3.625,10.75],"texture":"#0"},"east":{"uv":[3,4.5,6.625,4.75],"texture":"#0"},"south":{"uv":[10.5,3.5,10.625,3.75],"texture":"#0"},"west":{"uv":[5,1,8.625,1.25],"texture":"#0"},"up":{"uv":[2.125,11.625,2,8],"texture":"#0"},"down":{"uv":[8.125,2,8,5.625],"texture":"#0"}}},{"from":[8.67061,5.67095,3.69358],"to":[9.03769,6.06425,11.03518],"rotation":{"angle":45,"axis":"z","origin":[7.42197,5.4278,7.535]},"faces":{"north":{"uv":[10.5,4,10.625,4.25],"texture":"#0"},"east":{"uv":[8.625,1,5,1.25],"texture":"#0"},"south":{"uv":[4.5,10.5,4.625,10.75],"texture":"#0"},"west":{"uv":[3,5,6.625,5.25],"texture":"#0"},"up":{"uv":[2.625,11.625,2.5,8],"texture":"#0"},"down":{"uv":[4.125,8,4,11.625],"texture":"#0"}}},{"from":[7.61623,6.65324,3.69358],"to":[8.11441,7.02032,11.03518],"rotation":{"angle":0,"axis":"y","origin":[7.42197,5.4278,7.535]},"faces":{"north":{"uv":[10.5,4.5,10.75,4.625],"texture":"#0"},"east":{"uv":[8,0,11.625,0.125],"texture":"#0"},"south":{"uv":[5,10.5,5.25,10.625],"texture":"#0"},"west":{"uv":[8,0.5,11.625,0.625],"texture":"#0"},"up":{"uv":[3.25,9.125,3,5.5],"texture":"#0"},"down":{"uv":[3.75,5.5,3.5,9.125],"texture":"#0"}}},{"from":[7.46923,5.98184,3.16918],"to":[8.25583,6.76844,3.69358],"rotation":{"angle":0,"axis":"y","origin":[7.42197,5.4278,7.535]},"faces":{"north":{"uv":[0,10,0.375,10.375],"texture":"#0"},"east":{"uv":[10.25,8.5,10,8.875],"texture":"#0"},"south":{"uv":[0.5,10,0.875,10.375],"texture":"#0"},"west":{"uv":[10,8.5,10.25,8.875],"texture":"#0"},"up":{"uv":[9.875,10.25,9.5,10],"texture":"#0"},"down":{"uv":[10.375,10,10,10.25],"texture":"#0"}}},{"from":[7.35124,4.8907,5.63151],"to":[8.38693,5.9395,6.10347],"rotation":{"angle":0,"axis":"y","origin":[7.42197,5.4278,7.535]},"faces":{"north":{"uv":[7.5,9,8,9.5],"texture":"#0"},"east":{"uv":[5.25,10,5,10.5],"texture":"#0"},"south":{"uv":[9,7.5,9.5,8],"texture":"#0"},"west":{"uv":[5,10,5.25,10.5],"texture":"#0"},"up":{"uv":[6,10.25,5.5,10],"texture":"#0"},"down":{"uv":[10.5,5.5,10,5.75],"texture":"#0"}}},{"from":[7.37624,4.20315,3.88434],"to":[8.36193,5.25195,5.98194],"rotation":{"angle":22.5,"axis":"x","origin":[7.42197,5.4278,7.535]},"faces":{"north":{"uv":[8,9,8.5,9.5],"texture":"#0"},"east":{"uv":[8,0.5,7,1],"texture":"#0"},"south":{"uv":[9,8.5,9.5,9],"texture":"#0"},"west":{"uv":[7,0.5,8,1],"texture":"#0"},"up":{"uv":[8,3,7.5,2],"texture":"#0"},"down":{"uv":[8,3,7.5,4],"texture":"#0"}}},{"from":[7.33813,4.64462,6.2107],"to":[8.38693,5.69342,7.88878],"rotation":{"angle":0,"axis":"y","origin":[7.42197,5.4278,7.535]},"faces":{"north":{"uv":[9,9,9.5,9.5],"texture":"#0"},"east":{"uv":[8.875,6.5,8,7],"texture":"#0"},"south":{"uv":[1,9.5,1.5,10],"texture":"#0"},"west":{"uv":[8,6.5,8.875,7],"texture":"#0"},"up":{"uv":[5,8.875,4.5,8],"texture":"#0"},"down":{"uv":[7.5,8,7,8.875],"texture":"#0"}}},{"from":[7.33813,4.64462,9.56686],"to":[8.38693,5.69342,11.03518],"rotation":{"angle":0,"axis":"y","origin":[7.42197,5.4278,7.535]},"faces":{"north":{"uv":[9.5,1,10,1.5],"texture":"#0"},"east":{"uv":[9.25,3.5,8.5,4],"texture":"#0"},"south":{"uv":[1.5,9.5,2,10],"texture":"#0"},"west":{"uv":[8.5,3.5,9.25,4],"texture":"#0"},"up":{"uv":[9,4.75,8.5,4],"texture":"#0"},"down":{"uv":[9,5,8.5,5.75],"texture":"#0"}}},{"from":[7.49013,1.48984,9.18654],"to":[8.23493,3.94616,10.23534],"rotation":{"angle":-22.5,"axis":"x","origin":[7.42197,5.4278,7.535]},"faces":{"north":{"uv":[5.5,7.5,5.875,8.75],"texture":"#0"},"east":{"uv":[3,6.5,2.5,7.75],"texture":"#0"},"south":{"uv":[7.5,5.5,7.875,6.75],"texture":"#0"},"west":{"uv":[2.5,6.5,3,7.75],"texture":"#0"},"up":{"uv":[6.875,10,6.5,9.5],"texture":"#0"},"down":{"uv":[7.375,9.5,7,10],"texture":"#0"}}},{"from":[7.50913,2.42162,10.56781],"to":[8.21593,3.05394,17.46861],"rotation":{"angle":0,"axis":"y","origin":[7.42197,5.4278,7.535]},"faces":{"north":{"uv":[1.5,10,1.875,10.375],"texture":"#0"},"east":{"uv":[5.5,2.5,2,2.875],"texture":"#0"},"south":{"uv":[10,1.5,10.375,1.875],"texture":"#0"},"west":{"uv":[2,2.5,5.5,2.875],"texture":"#0"},"up":{"uv":[2.375,6.5,2,3],"texture":"#0"},"down":{"uv":[2.875,3,2.5,6.5],"texture":"#0"}}},{"from":[7.49013,4.64462,11.03518],"to":[8.23493,5.92142,12.7315],"rotation":{"angle":0,"axis":"y","origin":[7.42197,5.4278,7.535]},"faces":{"north":{"uv":[3.5,9.5,3.875,10.125],"texture":"#0"},"east":{"uv":[1.875,7.5,1,8.125],"texture":"#0"},"south":{"uv":[9.5,3.5,9.875,4.125],"texture":"#0"},"west":{"uv":[1,7.5,1.875,8.125],"texture":"#0"},"up":{"uv":[0.875,9.875,0.5,9],"texture":"#0"},"down":{"uv":[9.375,1,9,1.875],"texture":"#0"}}},{"from":[7.49013,4.64462,12.7315],"to":[8.23493,5.46542,17.46782],"rotation":{"angle":0,"axis":"y","origin":[7.42197,5.4278,7.535]},"faces":{"north":{"uv":[1,10,1.375,10.375],"texture":"#0"},"east":{"uv":[7.375,3.5,5,3.875],"texture":"#0"},"south":{"uv":[10,1,10.375,1.375],"texture":"#0"},"west":{"uv":[5,3.5,7.375,3.875],"texture":"#0"},"up":{"uv":[4.375,7.875,4,5.5],"texture":"#0"},"down":{"uv":[4.875,5.5,4.5,7.875],"texture":"#0"}}},{"from":[7.49013,2.4201,17.46782],"to":[8.23493,5.46542,18.28862],"rotation":{"angle":0,"axis":"y","origin":[7.42197,5.4278,7.535]},"faces":{"north":{"uv":[7,4,7.375,5.5],"texture":"#0"},"east":{"uv":[6.875,7,6.5,8.5],"texture":"#0"},"south":{"uv":[6,7,6.375,8.5],"texture":"#0"},"west":{"uv":[6.5,7,6.875,8.5],"texture":"#0"},"up":{"uv":[10.375,2.375,10,2],"texture":"#0"},"down":{"uv":[10.375,2.5,10,2.875],"texture":"#0"}}},{"from":[7.56613,5.70138,14.41127],"to":[8.15893,8.1387,15.99207],"rotation":{"angle":22.5,"axis":"x","origin":[7.42197,5.4278,7.535]},"faces":{"north":{"uv":[9,4,9.25,5.25],"texture":"#0"},"east":{"uv":[4.75,3,4,4.25],"texture":"#0"},"south":{"uv":[4.5,9,4.75,10.25],"texture":"#0"},"west":{"uv":[4,3,4.75,4.25],"texture":"#0"},"up":{"uv":[9.75,7.75,9.5,7],"texture":"#0"},"down":{"uv":[7.75,9.5,7.5,10.25],"texture":"#0"}}},{"from":[7.58513,1.36316,13.22093],"to":[8.13993,2.28048,14.80173],"rotation":{"angle":-22.5,"axis":"x","origin":[7.42197,5.4278,7.535]},"faces":{"north":{"uv":[10,6,10.25,6.5],"texture":"#0"},"east":{"uv":[9.25,8,8.5,8.5],"texture":"#0"},"south":{"uv":[6.5,10,6.75,10.5],"texture":"#0"},"west":{"uv":[8.5,8,9.25,8.5],"texture":"#0"},"up":{"uv":[8.25,10.25,8,9.5],"texture":"#0"},"down":{"uv":[9.75,8,9.5,8.75],"texture":"#0"}}},{"from":[7.46923,4.64462,7.88878],"to":[8.25583,4.90682,9.56686],"rotation":{"angle":0,"axis":"y","origin":[7.42197,5.4278,7.535]},"faces":{"north":{"uv":[10.5,2,10.875,2.125],"texture":"#0"},"east":{"uv":[10,7,10.875,7.125],"texture":"#0"},"south":{"uv":[10.5,2.5,10.875,2.625],"texture":"#0"},"west":{"uv":[10,7.5,10.875,7.625],"texture":"#0"},"up":{"uv":[8.875,9.375,8.5,8.5],"texture":"#0"},"down":{"uv":[0.375,9,0,9.875],"texture":"#0"}}},{"from":[7.44301,2.2786,6.67797],"to":[8.28205,4.9006,8.04141],"rotation":{"angle":22.5,"axis":"x","origin":[7.42197,5.4278,7.535]},"faces":{"north":{"uv":[7.5,4,7.875,5.25],"texture":"#0"},"east":{"uv":[6.625,5.5,6,6.75],"texture":"#0"},"south":{"uv":[5,7.5,5.375,8.75],"texture":"#0"},"west":{"uv":[6,5.5,6.625,6.75],"texture":"#0"},"up":{"uv":[9.875,3.125,9.5,2.5],"texture":"#0"},"down":{"uv":[3.375,9.5,3,10.125],"texture":"#0"}}}],"gui_light":"front","display":{"thirdperson_righthand":{"translation":[0,4,0],"scale":[1.12,1.12,1.12]},"thirdperson_lefthand":{"translation":[0,4,0],"scale":[1.12,1.12,1.12]},"firstperson_righthand":{"translation":[-2,7.5,-1.25],"scale":[1.15,1.15,1.15]},"firstperson_lefthand":{"translation":[-2,7.5,-1.25],"scale":[1.15,1.15,1.15]},"ground":{"rotation":[0,0,81],"translation":[-0.5,2.5,0],"scale":[0.61,0.61,0.61]},"gui":{"rotation":[81,-46,73],"translation":[-3,0,0],"scale":[0.73,0.73,0.73]},"head":{"scale":[0,0,0]},"fixed":{"rotation":[90,0,90],"translation":[-2.75,-2.25,-0.75],"scale":[0.94,0.94,0.94]}}}