{"credit":"Made with Blockbench","textures":{"2":"halloweenset:hat","particle":"halloweenset:hat"},"elements":[{"from":[0.12,8.12,0.12],"to":[15.88,8.12,15.88],"rotation":{"angle":0,"axis":"y","origin":[8,1,8]},"faces":{"north":{"uv":[0,0,4,0],"texture":"#2"},"east":{"uv":[0,0,4,0],"texture":"#2"},"south":{"uv":[0,0,4,0],"texture":"#2"},"west":{"uv":[0,0,4,0],"texture":"#2"},"up":{"uv":[4,4,0,0],"texture":"#2"},"down":{"uv":[4,4,0,8],"texture":"#2"}}},{"from":[5,8,5],"to":[11,14,11],"rotation":{"angle":0,"axis":"y","origin":[8,1,8]},"faces":{"north":{"uv":[4,0,5.5,1.5],"texture":"#2"},"east":{"uv":[4,1.5,5.5,3],"texture":"#2"},"south":{"uv":[4,3,5.5,4.5],"texture":"#2"},"west":{"uv":[4,4.5,5.5,6],"texture":"#2"},"up":{"uv":[7,1.5,5.5,0],"texture":"#2"},"down":{"uv":[7,1.5,5.5,3],"texture":"#2"}}},{"from":[5.6,12.32359,6.41969],"to":[10.3,18.32359,10.91969],"rotation":{"angle":22.5,"axis":"x","origin":[8,15.62359,8.91969]},"faces":{"north":{"uv":[5.5,3,6.625,4.5],"texture":"#2"},"east":{"uv":[5.5,4.5,6.625,6],"texture":"#2"},"south":{"uv":[4,6,5.125,7.5],"texture":"#2"},"west":{"uv":[5.25,6,6.375,7.5],"texture":"#2"},"up":{"uv":[7.625,7.125,6.5,6],"texture":"#2"},"down":{"uv":[7.875,3,6.75,4.125],"texture":"#2"}}},{"from":[6.35,16.34046,9.99445],"to":[9.55,21.34046,12.74445],"rotation":{"angle":45,"axis":"x","origin":[8,19.64046,11.74445]},"faces":{"north":{"uv":[6.75,4.25,7.5,5.5],"texture":"#2"},"east":{"uv":[7,0,7.75,1.25],"texture":"#2"},"south":{"uv":[7,1.25,7.75,2.5],"texture":"#2"},"west":{"uv":[6.5,7.25,7.25,8.5],"texture":"#2"},"up":{"uv":[8,8,7.25,7.25],"texture":"#2"},"down":{"uv":[4.75,7.5,4,8.25],"texture":"#2"}}}],"gui_light":"front","display":{"thirdperson_righthand":{"translation":[0,0.5,0],"scale":[0.52,0.52,0.52]},"thirdperson_lefthand":{"translation":[0,0.5,0],"scale":[0.52,0.52,0.52]},"firstperson_righthand":{"rotation":[0,25,0],"translation":[-5.75,0.5,-1],"scale":[0.53,0.53,0.53]},"firstperson_lefthand":{"rotation":[0,25,0],"translation":[-5.75,0.5,-1],"scale":[0.53,0.53,0.53]},"ground":{"rotation":[45,0,0],"translation":[0,3,0],"scale":[0.55,0.55,0.55]},"gui":{"rotation":[22,139,0],"translation":[0,-4.25,0],"scale":[0.77,0.77,0.77]},"head":{"rotation":[19,0,0],"translation":[0,1,0],"scale":[2.74,2.74,2.74]},"fixed":{"translation":[0,-5,-7]}}}