{"credit":"Made with Blockbench","texture_size":[64,64],"textures":{"2":"halloweenset:hoe_1","4":"halloweenset:hoe_2","particle":"halloweenset:hoe_2"},"elements":[{"from":[7.375,-1.9,7.375],"to":[8.625,0.1,8.625],"rotation":{"angle":0,"axis":"y","origin":[8,-5.6,8]},"faces":{"north":{"uv":[6,7,6.3125,7.5],"texture":"#4"},"east":{"uv":[4,7.25,4.3125,7.75],"texture":"#4"},"south":{"uv":[7.25,4,7.5625,4.5],"texture":"#4"},"west":{"uv":[4.5,7.25,4.8125,7.75],"texture":"#4"},"up":{"uv":[8.3125,1.5625,8,1.25],"texture":"#4"},"down":{"uv":[1.8125,8,1.5,8.3125],"texture":"#4"}}},{"from":[7.475,-6.65,7.475],"to":[8.525,-4.65,8.525],"rotation":{"angle":0,"axis":"y","origin":[8,-5.6,8]},"faces":{"north":{"uv":[3.75,6,4,6.5],"texture":"#4"},"east":{"uv":[7.75,1.5,8,2],"texture":"#4"},"south":{"uv":[2.5,7.75,2.75,8.25],"texture":"#4"},"west":{"uv":[2.75,7.75,3,8.25],"texture":"#4"},"up":{"uv":[3.5,5.25,3.25,5],"texture":"#4"},"down":{"uv":[5,5.25,4.75,5.5],"texture":"#4"}}},{"from":[7.575,-4.65,7.575],"to":[8.425,-1.9,8.425],"rotation":{"angle":0,"axis":"y","origin":[8,-4.6,8]},"faces":{"north":{"uv":[2.25,7.5,2.4375,8.1875],"texture":"#4"},"east":{"uv":[7.5,7.25,7.6875,7.9375],"texture":"#4"},"south":{"uv":[7.75,0,7.9375,0.6875],"texture":"#4"},"west":{"uv":[7.75,0.75,7.9375,1.4375],"texture":"#4"},"up":{"uv":[7.6875,8.1875,7.5,8],"texture":"#4"},"down":{"uv":[0.9375,8.5,0.75,8.6875],"texture":"#4"}}},{"from":[6.85,14,2.2],"to":[9.15,15.75,5],"rotation":{"angle":0,"axis":"y","origin":[8,1.9,8]},"faces":{"north":{"uv":[6.5,6.25,7.0625,6.6875],"texture":"#4"},"east":{"uv":[5.75,5,6.4375,5.4375],"texture":"#4"},"south":{"uv":[4,6.75,4.5625,7.1875],"texture":"#4"},"west":{"uv":[3,6,3.6875,6.4375],"texture":"#4"},"up":{"uv":[3.0625,5.6875,2.5,5],"texture":"#4"},"down":{"uv":[5.5625,4,5,4.6875],"texture":"#4"}}},{"from":[6.65,15.75,2],"to":[9.35,16.2,5.2],"rotation":{"angle":0,"axis":"y","origin":[8,1.65,8]},"faces":{"north":{"uv":[8,1.75,8.6875,1.875],"texture":"#4"},"east":{"uv":[7.75,6,8.5625,6.125],"texture":"#4"},"south":{"uv":[8,5.25,8.6875,5.375],"texture":"#4"},"west":{"uv":[8,1,8.8125,1.125],"texture":"#4"},"up":{"uv":[2.6875,4.8125,2,4],"texture":"#4"},"down":{"uv":[3.4375,4,2.75,4.8125],"texture":"#4"}}},{"from":[7.15,16.2,2.75],"to":[8.85,18.15,4.45],"rotation":{"angle":0,"axis":"y","origin":[8,1.1,8]},"faces":{"north":{"uv":[2.5,6.75,2.9375,7.25],"texture":"#4"},"east":{"uv":[7,0,7.4375,0.5],"texture":"#4"},"south":{"uv":[7,0.5,7.4375,1],"texture":"#4"},"west":{"uv":[7,1,7.4375,1.5],"texture":"#4"},"up":{"uv":[7.4375,1.9375,7,1.5],"texture":"#4"},"down":{"uv":[2.4375,7,2,7.4375],"texture":"#4"}}},{"from":[6.65,16.2,2],"to":[9.35,17,2.45],"rotation":{"angle":0,"axis":"y","origin":[8,4.2,6.625]},"faces":{"north":{"uv":[7.5,3.75,8.1875,3.9375],"texture":"#4"},"east":{"uv":[1.5,8.5,1.625,8.6875],"texture":"#4"},"south":{"uv":[7.5,5,8.1875,5.1875],"texture":"#4"},"west":{"uv":[8.5,1.5,8.625,1.6875],"texture":"#4"},"up":{"uv":[2.6875,8.375,2,8.25],"texture":"#4"},"down":{"uv":[8.9375,2,8.25,2.125],"texture":"#4"}}},{"from":[6.9,17,2],"to":[9.1,17.3,2.45],"rotation":{"angle":0,"axis":"y","origin":[8,4,6.625]},"faces":{"north":{"uv":[0,8.5,0.5625,8.5625],"texture":"#4"},"east":{"uv":[2.25,8.5,2.375,8.5625],"texture":"#4"},"south":{"uv":[8.5,0,9.0625,0.0625],"texture":"#4"},"west":{"uv":[8.5,2.25,8.625,2.3125],"texture":"#4"},"up":{"uv":[8.8125,5.125,8.25,5],"texture":"#4"},"down":{"uv":[8.8125,5.5,8.25,5.625],"texture":"#4"}}},{"from":[6.9,17,4.75],"to":[9.1,17.3,5.2],"rotation":{"angle":0,"axis":"y","origin":[8,4,9.375]},"faces":{"north":{"uv":[8.5,0.25,9.0625,0.3125],"texture":"#4"},"east":{"uv":[2.5,8.5,2.625,8.5625],"texture":"#4"},"south":{"uv":[8.5,0.5,9.0625,0.5625],"texture":"#4"},"west":{"uv":[8.5,2.5,8.625,2.5625],"texture":"#4"},"up":{"uv":[8.8125,5.875,8.25,5.75],"texture":"#4"},"down":{"uv":[7.3125,8.25,6.75,8.375],"texture":"#4"}}},{"from":[6.65,16.2,4.75],"to":[9.35,17,5.2],"rotation":{"angle":0,"axis":"y","origin":[8,4.2,9.375]},"faces":{"north":{"uv":[7.5,6.75,8.1875,6.9375],"texture":"#4"},"east":{"uv":[1.75,8.5,1.875,8.6875],"texture":"#4"},"south":{"uv":[7.5,7,8.1875,7.1875],"texture":"#4"},"west":{"uv":[2,8.5,2.125,8.6875],"texture":"#4"},"up":{"uv":[3.4375,8.375,2.75,8.25],"texture":"#4"},"down":{"uv":[8.9375,3.75,8.25,3.875],"texture":"#4"}}},{"from":[7.425,-7.20711,7.5],"to":[8.575,-6.20711,8.5],"rotation":{"angle":45,"axis":"x","origin":[8,-6.70711,8]},"faces":{"north":{"uv":[6.75,8,7.0625,8.25],"texture":"#4"},"east":{"uv":[3,5.75,3.25,6],"texture":"#4"},"south":{"uv":[8.25,4,8.5625,4.25],"texture":"#4"},"west":{"uv":[4.5,5.75,4.75,6],"texture":"#4"},"up":{"uv":[8.5625,4.5,8.25,4.25],"texture":"#4"},"down":{"uv":[4.8125,8.25,4.5,8.5],"texture":"#4"}}},{"from":[8,18.2,-4.725],"to":[8,26.2,2.575],"rotation":{"angle":0,"axis":"y","origin":[8,7.4,16.575]},"faces":{"north":{"uv":[0,0,0,2],"texture":"#missing"},"east":{"uv":[0,8,7.3,16],"texture":"#2"},"south":{"uv":[0,0,0,2],"texture":"#missing"},"west":{"uv":[7.3,8,0,16],"texture":"#2"},"up":{"uv":[0,0,0,1.0625],"texture":"#missing"},"down":{"uv":[0,1.0625,0,0],"texture":"#missing"}}},{"from":[8,-15.1,4.325],"to":[8,-7.1,11.625],"rotation":{"angle":0,"axis":"y","origin":[8,5.5,-0.775]},"faces":{"north":{"uv":[0,0,0,2],"texture":"#missing"},"east":{"uv":[16,0,8.7,8],"texture":"#2"},"south":{"uv":[0,0,0,2],"texture":"#missing"},"west":{"uv":[8.7,0,16,8],"texture":"#2"},"up":{"uv":[0,1.0625,0,0],"texture":"#missing"},"down":{"uv":[0,0,0,1.0625],"texture":"#missing"}}},{"from":[7.5,-9.8,7.3],"to":[8.5,-6.7,8.7],"rotation":{"angle":0,"axis":"y","origin":[8,-6,8]},"faces":{"north":{"uv":[7,4,7.25,4.75],"texture":"#4"},"east":{"uv":[4.5,6,4.875,6.75],"texture":"#4"},"south":{"uv":[7,4.75,7.25,5.5],"texture":"#4"},"west":{"uv":[5,6,5.375,6.75],"texture":"#4"},"up":{"uv":[7.5,8.125,7.25,7.75],"texture":"#4"},"down":{"uv":[6.75,8,6.5,8.375],"texture":"#4"}}},{"from":[7.6,-9.9,6.65],"to":[8.4,-6.95,7.3],"rotation":{"angle":0,"axis":"y","origin":[8,-6,8.6]},"faces":{"north":{"uv":[5.25,7.25,5.4375,8],"texture":"#4"},"east":{"uv":[7.25,6.25,7.4375,7],"texture":"#4"},"south":{"uv":[6.5,7.25,6.6875,8],"texture":"#4"},"west":{"uv":[6.75,7.25,6.9375,8],"texture":"#4"},"up":{"uv":[8.6875,0.9375,8.5,0.75],"texture":"#4"},"down":{"uv":[1.1875,8.5,1,8.6875],"texture":"#4"}}},{"from":[7.6,-9.9,8.7],"to":[8.4,-6.95,9.35],"rotation":{"angle":0,"axis":"y","origin":[8,-6,7.4]},"faces":{"north":{"uv":[7,7.25,7.1875,8],"texture":"#4"},"east":{"uv":[7.25,7,7.4375,7.75],"texture":"#4"},"south":{"uv":[7.5,0,7.6875,0.75],"texture":"#4"},"west":{"uv":[7.5,0.75,7.6875,1.5],"texture":"#4"},"up":{"uv":[1.4375,8.6875,1.25,8.5],"texture":"#4"},"down":{"uv":[8.6875,1.25,8.5,1.4375],"texture":"#4"}}},{"from":[7.4192,0.02642,7.4192],"to":[8.5808,16.14802,8.5808],"rotation":{"angle":0,"axis":"y","origin":[8,8.08722,8]},"faces":{"north":{"uv":[0,4,0.3125,8],"texture":"#4"},"east":{"uv":[0.5,4,0.8125,8],"texture":"#4"},"south":{"uv":[1,4,1.3125,8],"texture":"#4"},"west":{"uv":[1.5,4,1.8125,8],"texture":"#4"},"up":{"uv":[5.3125,8.3125,5,8],"texture":"#4"},"down":{"uv":[5.8125,8,5.5,8.3125],"texture":"#4"}}},{"from":[7.3192,3.42642,7.3192],"to":[8.6808,7.54802,8.6808],"rotation":{"angle":0,"axis":"y","origin":[8,8.08722,8]},"faces":{"north":{"uv":[5.5,5.5,5.8125,6.5],"texture":"#4"},"east":{"uv":[2.5,5.75,2.8125,6.75],"texture":"#4"},"south":{"uv":[4,5.75,4.3125,6.75],"texture":"#4"},"west":{"uv":[5.75,4,6.0625,5],"texture":"#4"},"up":{"uv":[6.3125,8.3125,6,8],"texture":"#4"},"down":{"uv":[8.3125,6.25,8,6.5625],"texture":"#4"}}},{"from":[7.4192,14.08518,11.23774],"to":[8.5808,15.68678,12.39934],"rotation":{"angle":45,"axis":"x","origin":[8,19.72598,11.81854]},"faces":{"north":{"uv":[7.75,5.5,8.0625,5.875],"texture":"#4"},"east":{"uv":[7.75,7.25,8.0625,7.625],"texture":"#4"},"south":{"uv":[7.75,7.75,8.0625,8.125],"texture":"#4"},"west":{"uv":[0,8,0.3125,8.375],"texture":"#4"},"up":{"uv":[8.3125,2.5625,8,2.25],"texture":"#4"},"down":{"uv":[8.3125,2.75,8,3.0625],"texture":"#4"}}},{"from":[7.4192,16.11892,8.5517],"to":[8.5808,17.28052,10.3733],"rotation":{"angle":0,"axis":"y","origin":[8,16.69972,9.3525]},"faces":{"north":{"uv":[8,3.25,8.3125,3.5625],"texture":"#4"},"east":{"uv":[7.5,2.25,7.9375,2.5625],"texture":"#4"},"south":{"uv":[3.5,8,3.8125,8.3125],"texture":"#4"},"west":{"uv":[7.5,2.75,7.9375,3.0625],"texture":"#4"},"up":{"uv":[7.8125,3.6875,7.5,3.25],"texture":"#4"},"down":{"uv":[7.8125,4.5,7.5,4.9375],"texture":"#4"}}},{"from":[7.4192,15.645,9.69585],"to":[8.5808,16.8066,11.16545],"rotation":{"angle":45,"axis":"x","origin":[8,16.2258,10.60665]},"faces":{"north":{"uv":[4,8,4.3125,8.3125],"texture":"#4"},"east":{"uv":[8,0,8.375,0.3125],"texture":"#4"},"south":{"uv":[8,4.5,8.3125,4.8125],"texture":"#4"},"west":{"uv":[0.5,8,0.875,8.3125],"texture":"#4"},"up":{"uv":[8.3125,0.875,8,0.5],"texture":"#4"},"down":{"uv":[1.3125,8,1,8.375],"texture":"#4"}}},{"from":[7.4192,14.41975,10.25087],"to":[8.5808,16.24135,11.41247],"rotation":{"angle":0,"axis":"y","origin":[8,15.33055,10.83167]},"faces":{"north":{"uv":[4.75,6.75,5.3125,7.1875],"texture":"#4"},"east":{"uv":[6,7.5,6.3125,7.9375],"texture":"#4"},"south":{"uv":[6.5,6.75,7.0625,7.1875],"texture":"#4"},"west":{"uv":[7.5,6.25,7.8125,6.6875],"texture":"#4"},"up":{"uv":[3.0625,7.5625,2.5,7.25],"texture":"#4"},"down":{"uv":[3.8125,7.25,3.25,7.5625],"texture":"#4"}}},{"from":[8,9.3,-14.175],"to":[8,17.3,13.825],"rotation":{"angle":-22.5,"axis":"x","origin":[8,16.9,0.825]},"faces":{"north":{"uv":[0,0,0,2],"texture":"#4"},"east":{"uv":[0,0,7,2],"texture":"#4"},"south":{"uv":[0,0,0,2],"texture":"#4"},"west":{"uv":[0,2,7,4],"texture":"#4"},"up":{"uv":[0,7,0,0],"texture":"#4"},"down":{"uv":[0,0,0,7],"texture":"#4"}}},{"from":[7.5,12.5,5.1],"to":[8.5,14.5,7.5],"rotation":{"angle":0,"axis":"y","origin":[8,15.8,7.3]},"faces":{"north":{"uv":[3,7.75,3.25,8.25],"texture":"#4"},"east":{"uv":[4,5.25,4.625,5.75],"texture":"#4"},"south":{"uv":[3.25,7.75,3.5,8.25],"texture":"#4"},"west":{"uv":[4.75,5.5,5.375,6],"texture":"#4"},"up":{"uv":[7.5,5.125,7.25,4.5],"texture":"#4"},"down":{"uv":[5.25,7.25,5,7.875],"texture":"#4"}}},{"from":[7,13,1.6],"to":[9,14,5.9],"rotation":{"angle":0,"axis":"y","origin":[8,13.2,3.75]},"faces":{"north":{"uv":[7.75,2,8.25,2.25],"texture":"#4"},"east":{"uv":[6.5,5.75,7.5625,6],"texture":"#4"},"south":{"uv":[3.5,7.75,4,8],"texture":"#4"},"west":{"uv":[6.5,6,7.5625,6.25],"texture":"#4"},"up":{"uv":[4,5.0625,3.5,4],"texture":"#4"},"down":{"uv":[4.5,4,4,5.0625],"texture":"#4"}}},{"from":[7.1,12.8,-0.1],"to":[8.9,13.4,1.7],"rotation":{"angle":-22.5,"axis":"x","origin":[8,13.5,0.7]},"faces":{"north":{"uv":[8.25,6.75,8.6875,6.875],"texture":"#4"},"east":{"uv":[8.25,7,8.6875,7.125],"texture":"#4"},"south":{"uv":[8.25,7.25,8.6875,7.375],"texture":"#4"},"west":{"uv":[7.5,8.25,7.9375,8.375],"texture":"#4"},"up":{"uv":[7.4375,2.4375,7,2],"texture":"#4"},"down":{"uv":[7.4375,2.5,7,2.9375],"texture":"#4"}}},{"from":[7.5,12.5,8.6],"to":[8.5,14.5,10.8],"rotation":{"angle":0,"axis":"y","origin":[8,15.8,8]},"faces":{"north":{"uv":[4.5,7.75,4.75,8.25],"texture":"#4"},"east":{"uv":[6.25,4,6.8125,4.5],"texture":"#4"},"south":{"uv":[4.75,7.75,5,8.25],"texture":"#4"},"west":{"uv":[6.25,4.5,6.8125,5],"texture":"#4"},"up":{"uv":[7.75,2.0625,7.5,1.5],"texture":"#4"},"down":{"uv":[2.25,7.5,2,8.0625],"texture":"#4"}}},{"from":[7,13,10],"to":[9,14,12.3],"rotation":{"angle":0,"axis":"y","origin":[8,13.2,11.55]},"faces":{"north":{"uv":[4,7.75,4.5,8],"texture":"#4"},"east":{"uv":[7,5.5,7.5625,5.75],"texture":"#4"},"south":{"uv":[7.75,4,8.25,4.25],"texture":"#4"},"west":{"uv":[7.25,5.25,7.8125,5.5],"texture":"#4"},"up":{"uv":[6.5,6.0625,6,5.5],"texture":"#4"},"down":{"uv":[2.5,6.25,2,6.8125],"texture":"#4"}}},{"from":[7,8.7,11.3],"to":[9,13,12.3],"rotation":{"angle":0,"axis":"y","origin":[8,12.85,11.5]},"faces":{"north":{"uv":[4.5,4,5,5.0625],"texture":"#4"},"east":{"uv":[5.5,6.5,5.75,7.5625],"texture":"#4"},"south":{"uv":[2,5,2.5,6.0625],"texture":"#4"},"west":{"uv":[5.75,6.5,6,7.5625],"texture":"#4"},"up":{"uv":[8.25,4.5,7.75,4.25],"texture":"#4"},"down":{"uv":[6,7.75,5.5,8],"texture":"#4"}}},{"from":[7.1,6.9,11.5],"to":[8.9,8.7,12.1],"rotation":{"angle":0,"axis":"y","origin":[8,13.5,14.6]},"faces":{"north":{"uv":[7,3,7.4375,3.4375],"texture":"#4"},"east":{"uv":[8.25,7.5,8.375,7.9375],"texture":"#4"},"south":{"uv":[7,3.5,7.4375,3.9375],"texture":"#4"},"west":{"uv":[8,8.25,8.125,8.6875],"texture":"#4"},"up":{"uv":[8.6875,8.125,8.25,8],"texture":"#4"},"down":{"uv":[8.6875,8.25,8.25,8.375],"texture":"#4"}}},{"from":[7,12.4,7],"to":[9,14.65,9.25],"rotation":{"angle":-45,"axis":"x","origin":[8,13.525,8.125]},"faces":{"north":{"uv":[6,6.25,6.5,6.8125],"texture":"#4"},"east":{"uv":[5,4.75,5.5625,5.3125],"texture":"#4"},"south":{"uv":[3,6.5,3.5,7.0625],"texture":"#4"},"west":{"uv":[3.25,5.25,3.8125,5.8125],"texture":"#4"},"up":{"uv":[4,7.0625,3.5,6.5],"texture":"#4"},"down":{"uv":[7,5,6.5,5.5625],"texture":"#4"}}}],"gui_light":"front","display":{"thirdperson_righthand":{"translation":[0,8,1],"scale":[0.89,0.89,0.89]},"thirdperson_lefthand":{"translation":[0,8,1],"scale":[0.89,0.89,0.89]},"firstperson_righthand":{"translation":[0.25,6.75,0],"scale":[0.81,0.81,0.81]},"firstperson_lefthand":{"translation":[0.25,6.75,0],"scale":[0.81,0.81,0.81]},"ground":{"rotation":[45,0,0],"translation":[0,3,0],"scale":[0.27,0.27,0.27]},"gui":{"rotation":[90,45,-87],"translation":[0.75,0.75,0],"scale":[0.53,0.53,0.53]},"head":{"scale":[0,0,0]},"fixed":{"rotation":[0,-90,0],"translation":[0,2.5,-0.75],"scale":[0.52,0.52,0.52]}}}