{"credit":"Made with Blockbench","texture_size":[64,64],"textures":{"2":"halloweenset:pickaxe_1","3":"halloweenset:pickaxe_2"},"elements":[{"from":[7.375,-1.9,7.375],"to":[8.625,0.1,8.625],"rotation":{"angle":0,"axis":"y","origin":[8,-5.6,8]},"faces":{"north":{"uv":[6.25,3.5,6.5625,4],"texture":"#3"},"east":{"uv":[3.75,6.25,4.0625,6.75],"texture":"#3"},"south":{"uv":[6.25,4,6.5625,4.5],"texture":"#3"},"west":{"uv":[5.5,6.25,5.8125,6.75],"texture":"#3"},"up":{"uv":[7.5625,1.5625,7.25,1.25],"texture":"#3"},"down":{"uv":[7.5625,1.75,7.25,2.0625],"texture":"#3"}}},{"from":[7.475,-6.65,7.475],"to":[8.525,-4.65,8.525],"rotation":{"angle":0,"axis":"y","origin":[8,-5.6,8]},"faces":{"north":{"uv":[3.25,5.75,3.5,6.25],"texture":"#3"},"east":{"uv":[5.75,6.75,6,7.25],"texture":"#3"},"south":{"uv":[6.75,5.75,7,6.25],"texture":"#3"},"west":{"uv":[6.75,6.25,7,6.75],"texture":"#3"},"up":{"uv":[5.75,1.25,5.5,1],"texture":"#3"},"down":{"uv":[5.25,5.75,5,6],"texture":"#3"}}},{"from":[7.575,-4.65,7.575],"to":[8.425,-1.9,8.425],"rotation":{"angle":0,"axis":"y","origin":[8,-4.6,8]},"faces":{"north":{"uv":[3.75,6.75,3.9375,7.4375],"texture":"#3"},"east":{"uv":[4,6.75,4.1875,7.4375],"texture":"#3"},"south":{"uv":[6.75,5,6.9375,5.6875],"texture":"#3"},"west":{"uv":[5.5,6.75,5.6875,7.4375],"texture":"#3"},"up":{"uv":[5.6875,7.6875,5.5,7.5],"texture":"#3"},"down":{"uv":[3.4375,7.75,3.25,7.9375],"texture":"#3"}}},{"from":[6.85,14.5,6.6],"to":[9.15,16.25,9.4],"rotation":{"angle":0,"axis":"y","origin":[8,16.025,8]},"faces":{"north":{"uv":[2.5,5.75,3.0625,6.1875],"texture":"#3"},"east":{"uv":[5.5,3.75,6.1875,4.1875],"texture":"#3"},"south":{"uv":[4.5,6,5.0625,6.4375],"texture":"#3"},"west":{"uv":[5.5,4.25,6.1875,4.6875],"texture":"#3"},"up":{"uv":[5.5625,1.9375,5,1.25],"texture":"#3"},"down":{"uv":[2.5625,5,2,5.6875],"texture":"#3"}}},{"from":[6.65,16.25,6.4],"to":[9.35,16.7,9.6],"rotation":{"angle":0,"axis":"y","origin":[8,16.025,8]},"faces":{"north":{"uv":[7.5,5,8.1875,5.125],"texture":"#3"},"east":{"uv":[7,3.25,7.8125,3.375],"texture":"#3"},"south":{"uv":[7.5,5.25,8.1875,5.375],"texture":"#3"},"west":{"uv":[7.25,1,8.0625,1.125],"texture":"#3"},"up":{"uv":[2.6875,4.8125,2,4],"texture":"#3"},"down":{"uv":[3.4375,4,2.75,4.8125],"texture":"#3"}}},{"from":[7.15,16.7,7.15],"to":[8.85,18.65,8.85],"rotation":{"angle":0,"axis":"y","origin":[8,16.025,8]},"faces":{"north":{"uv":[6,4.75,6.4375,5.25],"texture":"#3"},"east":{"uv":[6,5.25,6.4375,5.75],"texture":"#3"},"south":{"uv":[6,5.75,6.4375,6.25],"texture":"#3"},"west":{"uv":[6.25,0,6.6875,0.5],"texture":"#3"},"up":{"uv":[6.6875,0.9375,6.25,0.5],"texture":"#3"},"down":{"uv":[6.6875,1,6.25,1.4375],"texture":"#3"}}},{"from":[6.65,16.7,6.4],"to":[9.35,17.5,6.85],"rotation":{"angle":0,"axis":"y","origin":[8,16.025,8]},"faces":{"north":{"uv":[6.75,4,7.4375,4.1875],"texture":"#3"},"east":{"uv":[5.75,7.75,5.875,7.9375],"texture":"#3"},"south":{"uv":[6.75,4.25,7.4375,4.4375],"texture":"#3"},"west":{"uv":[6,7.75,6.125,7.9375],"texture":"#3"},"up":{"uv":[8.1875,5.625,7.5,5.5],"texture":"#3"},"down":{"uv":[8.1875,5.75,7.5,5.875],"texture":"#3"}}},{"from":[6.9,17.5,6.4],"to":[9.1,17.8,6.85],"rotation":{"angle":0,"axis":"y","origin":[8,16.025,8]},"faces":{"north":{"uv":[2.5,7.75,3.0625,7.8125],"texture":"#3"},"east":{"uv":[6.75,7.75,6.875,7.8125],"texture":"#3"},"south":{"uv":[7.75,3.5,8.3125,3.5625],"texture":"#3"},"west":{"uv":[7,7.75,7.125,7.8125],"texture":"#3"},"up":{"uv":[8.0625,7.125,7.5,7],"texture":"#3"},"down":{"uv":[8.0625,7.25,7.5,7.375],"texture":"#3"}}},{"from":[6.9,17.5,9.15],"to":[9.1,17.8,9.6],"rotation":{"angle":0,"axis":"y","origin":[8,16.025,8]},"faces":{"north":{"uv":[7.75,3.75,8.3125,3.8125],"texture":"#3"},"east":{"uv":[7.25,7.75,7.375,7.8125],"texture":"#3"},"south":{"uv":[4.5,7.75,5.0625,7.8125],"texture":"#3"},"west":{"uv":[7.5,7.75,7.625,7.8125],"texture":"#3"},"up":{"uv":[8.0625,7.625,7.5,7.5],"texture":"#3"},"down":{"uv":[8.3125,0,7.75,0.125],"texture":"#3"}}},{"from":[6.65,16.7,9.15],"to":[9.35,17.5,9.6],"rotation":{"angle":0,"axis":"y","origin":[8,16.025,8]},"faces":{"north":{"uv":[6.75,4.5,7.4375,4.6875],"texture":"#3"},"east":{"uv":[6.25,7.75,6.375,7.9375],"texture":"#3"},"south":{"uv":[6.75,4.75,7.4375,4.9375],"texture":"#3"},"west":{"uv":[6.5,7.75,6.625,7.9375],"texture":"#3"},"up":{"uv":[8.1875,6.125,7.5,6],"texture":"#3"},"down":{"uv":[8.1875,6.25,7.5,6.375],"texture":"#3"}}},{"from":[7.425,-7.20711,7.5],"to":[8.575,-6.20711,8.5],"rotation":{"angle":45,"axis":"x","origin":[8,-6.70711,8]},"faces":{"north":{"uv":[6,7.5,6.3125,7.75],"texture":"#3"},"east":{"uv":[6.25,4.5,6.5,4.75],"texture":"#3"},"south":{"uv":[7.5,6.5,7.8125,6.75],"texture":"#3"},"west":{"uv":[7.25,2.25,7.5,2.5],"texture":"#3"},"up":{"uv":[7.8125,7,7.5,6.75],"texture":"#3"},"down":{"uv":[7.3125,7.5,7,7.75],"texture":"#3"}}},{"from":[8,17.3,9.525],"to":[8,25.3,16.825],"rotation":{"angle":0,"axis":"y","origin":[8,7.4,-0.575]},"faces":{"north":{"uv":[0,0,0,2],"texture":"#missing"},"east":{"uv":[7.3,8,0,16],"texture":"#2"},"south":{"uv":[0,0,0,2],"texture":"#missing"},"west":{"uv":[0,8,7.3,16],"texture":"#2"},"up":{"uv":[0,1.0625,0,0],"texture":"#missing"},"down":{"uv":[0,0,0,1.0625],"texture":"#missing"}}},{"from":[8,-15.1,4.325],"to":[8,-7.1,11.625],"rotation":{"angle":0,"axis":"y","origin":[8,5.5,-0.775]},"faces":{"north":{"uv":[0,0,0,2],"texture":"#missing"},"east":{"uv":[16,0,8.7,8],"texture":"#2"},"south":{"uv":[0,0,0,2],"texture":"#missing"},"west":{"uv":[8.7,0,16,8],"texture":"#2"},"up":{"uv":[0,1.0625,0,0],"texture":"#missing"},"down":{"uv":[0,0,0,1.0625],"texture":"#missing"}}},{"from":[7.5,-9.8,7.3],"to":[8.5,-6.7,8.7],"rotation":{"angle":0,"axis":"y","origin":[8,-6,8]},"faces":{"north":{"uv":[5.25,5.75,5.5,6.5],"texture":"#3"},"east":{"uv":[4.5,5.25,4.875,6],"texture":"#3"},"south":{"uv":[3.5,6.25,3.75,7],"texture":"#3"},"west":{"uv":[5.5,4.75,5.875,5.5],"texture":"#3"},"up":{"uv":[6,7.625,5.75,7.25],"texture":"#3"},"down":{"uv":[7.75,4.5,7.5,4.875],"texture":"#3"}}},{"from":[7.6,-9.9,6.65],"to":[8.4,-6.95,7.3],"rotation":{"angle":0,"axis":"y","origin":[8,-6,8.6]},"faces":{"north":{"uv":[2.25,6.5,2.4375,7.25],"texture":"#3"},"east":{"uv":[4.5,6.5,4.6875,7.25],"texture":"#3"},"south":{"uv":[6.5,4.5,6.6875,5.25],"texture":"#3"},"west":{"uv":[4.75,6.5,4.9375,7.25],"texture":"#3"},"up":{"uv":[7.9375,4.6875,7.75,4.5],"texture":"#3"},"down":{"uv":[7.9375,4.75,7.75,4.9375],"texture":"#3"}}},{"from":[7.6,-9.9,8.7],"to":[8.4,-6.95,9.35],"rotation":{"angle":0,"axis":"y","origin":[8,-6,7.4]},"faces":{"north":{"uv":[5,6.5,5.1875,7.25],"texture":"#3"},"east":{"uv":[5.25,6.5,5.4375,7.25],"texture":"#3"},"south":{"uv":[6.5,5.25,6.6875,6],"texture":"#3"},"west":{"uv":[6.5,6,6.6875,6.75],"texture":"#3"},"up":{"uv":[5.4375,7.9375,5.25,7.75],"texture":"#3"},"down":{"uv":[5.6875,7.75,5.5,7.9375],"texture":"#3"}}},{"from":[7.4192,0.02642,7.4192],"to":[8.5808,16.14802,8.5808],"rotation":{"angle":0,"axis":"y","origin":[8,8.08722,8]},"faces":{"north":{"uv":[0,4,0.3125,8],"texture":"#3"},"east":{"uv":[0.5,4,0.8125,8],"texture":"#3"},"south":{"uv":[1,4,1.3125,8],"texture":"#3"},"west":{"uv":[1.5,4,1.8125,8],"texture":"#3"},"up":{"uv":[7.8125,3.0625,7.5,2.75],"texture":"#3"},"down":{"uv":[3.8125,7.5,3.5,7.8125],"texture":"#3"}}},{"from":[7.3192,3.42642,7.3192],"to":[8.6808,7.54802,8.6808],"rotation":{"angle":0,"axis":"y","origin":[8,8.08722,8]},"faces":{"north":{"uv":[5,3.75,5.3125,4.75],"texture":"#3"},"east":{"uv":[5,4.75,5.3125,5.75],"texture":"#3"},"south":{"uv":[3.5,5.25,3.8125,6.25],"texture":"#3"},"west":{"uv":[4,5.25,4.3125,6.25],"texture":"#3"},"up":{"uv":[4.3125,7.8125,4,7.5],"texture":"#3"},"down":{"uv":[7.8125,4,7.5,4.3125],"texture":"#3"}}},{"from":[8,7.66062,-12.51674],"to":[8,15.66062,7.48326],"rotation":{"angle":0,"axis":"y","origin":[8,11.66062,-2.41674]},"faces":{"north":{"uv":[0,0,0,2],"texture":"#3"},"east":{"uv":[0,0,5,2],"texture":"#3"},"south":{"uv":[0,0,0,2],"texture":"#3"},"west":{"uv":[0,2,5,4],"texture":"#3"},"up":{"uv":[0,5,0,0],"texture":"#3"},"down":{"uv":[0,0,0,5],"texture":"#3"}}},{"from":[8,7.66062,8.51674],"to":[8,15.66062,28.51674],"rotation":{"angle":0,"axis":"y","origin":[8,11.66062,18.41674]},"faces":{"north":{"uv":[0,0,0,2],"texture":"#3"},"east":{"uv":[5,0,0,2],"texture":"#3"},"south":{"uv":[0,0,0,2],"texture":"#3"},"west":{"uv":[5,2,0,4],"texture":"#3"},"up":{"uv":[0,0,0,5],"texture":"#3"},"down":{"uv":[0,5,0,0],"texture":"#3"}}},{"from":[7.5,12.5,5.1],"to":[8.5,14.5,7.5],"rotation":{"angle":0,"axis":"y","origin":[8,15.8,7.3]},"faces":{"north":{"uv":[6.5,6.75,6.75,7.25],"texture":"#3"},"east":{"uv":[5,2.75,5.625,3.25],"texture":"#3"},"south":{"uv":[6.75,6.75,7,7.25],"texture":"#3"},"west":{"uv":[5,3.25,5.625,3.75],"texture":"#3"},"up":{"uv":[4.5,6.875,4.25,6.25],"texture":"#3"},"down":{"uv":[6.25,6.25,6,6.875],"texture":"#3"}}},{"from":[7,13,1.6],"to":[9,14,5.9],"rotation":{"angle":0,"axis":"y","origin":[8,13.2,3.75]},"faces":{"north":{"uv":[5.75,3.5,6.25,3.75],"texture":"#3"},"east":{"uv":[5.75,2.5,6.8125,2.75],"texture":"#3"},"south":{"uv":[7,2.5,7.5,2.75],"texture":"#3"},"west":{"uv":[5.75,2.75,6.8125,3],"texture":"#3"},"up":{"uv":[4,5.0625,3.5,4],"texture":"#3"},"down":{"uv":[4.5,4,4,5.0625],"texture":"#3"}}},{"from":[7.1,12.8,-0.1],"to":[8.9,13.4,1.7],"rotation":{"angle":-22.5,"axis":"x","origin":[8,13.5,0.7]},"faces":{"north":{"uv":[7.75,0.25,8.1875,0.375],"texture":"#3"},"east":{"uv":[7.75,0.5,8.1875,0.625],"texture":"#3"},"south":{"uv":[7.75,0.75,8.1875,0.875],"texture":"#3"},"west":{"uv":[7.75,1.25,8.1875,1.375],"texture":"#3"},"up":{"uv":[6.6875,1.9375,6.25,1.5],"texture":"#3"},"down":{"uv":[6.6875,2,6.25,2.4375],"texture":"#3"}}},{"from":[7.5,12.5,8.5],"to":[8.5,14.5,10.9],"rotation":{"angle":0,"axis":"y","origin":[8,15.8,8.7]},"faces":{"north":{"uv":[3.5,7,3.75,7.5],"texture":"#3"},"east":{"uv":[5.5,0,6.125,0.5],"texture":"#3"},"south":{"uv":[4.25,7,4.5,7.5],"texture":"#3"},"west":{"uv":[5.5,0.5,6.125,1],"texture":"#3"},"up":{"uv":[6.5,6.875,6.25,6.25],"texture":"#3"},"down":{"uv":[2.25,6.5,2,7.125],"texture":"#3"}}},{"from":[7,13,10.1],"to":[9,14,14.4],"rotation":{"angle":0,"axis":"y","origin":[8,13.2,12.25]},"faces":{"north":{"uv":[7,2.75,7.5,3],"texture":"#3"},"east":{"uv":[5.75,3,6.8125,3.25],"texture":"#3"},"south":{"uv":[7,3,7.5,3.25],"texture":"#3"},"west":{"uv":[5.75,3.25,6.8125,3.5],"texture":"#3"},"up":{"uv":[5,5.0625,4.5,4],"texture":"#3"},"down":{"uv":[5.5,0,5,1.0625],"texture":"#3"}}},{"from":[7.1,12.8,14.3],"to":[8.9,13.4,16.1],"rotation":{"angle":22.5,"axis":"x","origin":[8,13.5,15.3]},"faces":{"north":{"uv":[7.75,1.5,8.1875,1.625],"texture":"#3"},"east":{"uv":[7.75,1.75,8.1875,1.875],"texture":"#3"},"south":{"uv":[2,7.75,2.4375,7.875],"texture":"#3"},"west":{"uv":[7.75,2,8.1875,2.125],"texture":"#3"},"up":{"uv":[2.9375,6.6875,2.5,6.25],"texture":"#3"},"down":{"uv":[3.4375,6.25,3,6.6875],"texture":"#3"}}},{"from":[7,12.4,6.875],"to":[9,14.65,9.125],"rotation":{"angle":-45,"axis":"x","origin":[8,13.525,8]},"faces":{"north":{"uv":[5.5,5.5,6,6.0625],"texture":"#3"},"east":{"uv":[5,2,5.5625,2.5625],"texture":"#3"},"south":{"uv":[5.75,1,6.25,1.5625],"texture":"#3"},"west":{"uv":[2.75,5,3.3125,5.5625],"texture":"#3"},"up":{"uv":[6.25,2.3125,5.75,1.75],"texture":"#3"},"down":{"uv":[2.5,5.75,2,6.3125],"texture":"#3"}}}],"gui_light":"front","display":{"thirdperson_righthand":{"translation":[0,8,1],"scale":[0.89,0.89,0.89]},"thirdperson_lefthand":{"translation":[0,8,1],"scale":[0.89,0.89,0.89]},"firstperson_righthand":{"translation":[0,5.5,-0.75],"scale":[0.89,0.89,0.89]},"firstperson_lefthand":{"translation":[0,5.5,-0.75],"scale":[0.89,0.89,0.89]},"ground":{"rotation":[45,0,0],"translation":[0,3,0],"scale":[0.27,0.27,0.27]},"gui":{"rotation":[90,45,-87],"translation":[0.75,0.75,0],"scale":[0.53,0.53,0.53]},"head":{"scale":[0,0,0]},"fixed":{"rotation":[0,-90,0],"translation":[0,2.5,-0.75],"scale":[0.52,0.52,0.52]}}}