{"credit":"Made with Blockbench","texture_size":[32,32],"textures":{"2":"halloweenset:shovel_1","3":"halloweenset:shovel_2"},"elements":[{"from":[7.375,-1.9,7.375],"to":[8.625,0.1,8.625],"rotation":{"angle":0,"axis":"y","origin":[8,-5.6,8]},"faces":{"north":{"uv":[11,12,11.625,13],"texture":"#3"},"east":{"uv":[12,12,12.625,13],"texture":"#3"},"south":{"uv":[12.5,2,13.125,3],"texture":"#3"},"west":{"uv":[4,12.5,4.625,13.5],"texture":"#3"},"up":{"uv":[8.625,14.125,8,13.5],"texture":"#3"},"down":{"uv":[14.125,8,13.5,8.625],"texture":"#3"}}},{"from":[7.475,-6.65,7.475],"to":[8.525,-4.65,8.525],"rotation":{"angle":0,"axis":"y","origin":[8,-5.6,8]},"faces":{"north":{"uv":[13,9,13.5,10],"texture":"#3"},"east":{"uv":[11.5,13,12,14],"texture":"#3"},"south":{"uv":[12,13,12.5,14],"texture":"#3"},"west":{"uv":[13,12,13.5,13],"texture":"#3"},"up":{"uv":[10.5,14.5,10,14],"texture":"#3"},"down":{"uv":[15,0.5,14.5,1],"texture":"#3"}}},{"from":[7.575,-4.65,7.575],"to":[8.425,-1.9,8.425],"rotation":{"angle":0,"axis":"y","origin":[8,-4.6,8]},"faces":{"north":{"uv":[13,4.5,13.375,5.875],"texture":"#3"},"east":{"uv":[13,6,13.375,7.375],"texture":"#3"},"south":{"uv":[13,7.5,13.375,8.875],"texture":"#3"},"west":{"uv":[11,13,11.375,14.375],"texture":"#3"},"up":{"uv":[14.875,6.375,14.5,6],"texture":"#3"},"down":{"uv":[14.875,6.5,14.5,6.875],"texture":"#3"}}},{"from":[6.85,0.1,6.6],"to":[9.15,1.85,9.4],"rotation":{"angle":0,"axis":"y","origin":[8,1.9,8]},"faces":{"north":{"uv":[11.5,0,12.625,0.875],"texture":"#3"},"east":{"uv":[6,10,7.375,10.875],"texture":"#3"},"south":{"uv":[11.5,1,12.625,1.875],"texture":"#3"},"west":{"uv":[10,7,11.375,7.875],"texture":"#3"},"up":{"uv":[10.125,1.375,9,0],"texture":"#3"},"down":{"uv":[10.125,1.5,9,2.875],"texture":"#3"}}},{"from":[6.65,1.85,6.4],"to":[9.35,2.3,9.6],"rotation":{"angle":0,"axis":"y","origin":[8,1.65,8]},"faces":{"north":{"uv":[14,2,15.375,2.25],"texture":"#3"},"east":{"uv":[13.5,7,15.125,7.25],"texture":"#3"},"south":{"uv":[14,2.5,15.375,2.75],"texture":"#3"},"west":{"uv":[13.5,7.5,15.125,7.75],"texture":"#3"},"up":{"uv":[5.375,8.125,4,6.5],"texture":"#3"},"down":{"uv":[6.875,6.5,5.5,8.125],"texture":"#3"}}},{"from":[7.15,2.3,7.15],"to":[8.85,4.25,8.85],"rotation":{"angle":0,"axis":"y","origin":[8,1.1,8]},"faces":{"north":{"uv":[11.5,2,12.375,3],"texture":"#3"},"east":{"uv":[11.5,4,12.375,5],"texture":"#3"},"south":{"uv":[11.5,5,12.375,6],"texture":"#3"},"west":{"uv":[11.5,6,12.375,7],"texture":"#3"},"up":{"uv":[12.375,7.875,11.5,7],"texture":"#3"},"down":{"uv":[12.375,8,11.5,8.875],"texture":"#3"}}},{"from":[6.65,2.3,6.4],"to":[9.35,3.1,6.85],"rotation":{"angle":0,"axis":"y","origin":[8,4.2,6.625]},"faces":{"north":{"uv":[13,1.5,14.375,1.875],"texture":"#3"},"east":{"uv":[8.5,14.5,8.75,14.875],"texture":"#3"},"south":{"uv":[13,3,14.375,3.375],"texture":"#3"},"west":{"uv":[14.5,8.5,14.75,8.875],"texture":"#3"},"up":{"uv":[5.375,14.25,4,14],"texture":"#3"},"down":{"uv":[6.875,14,5.5,14.25],"texture":"#3"}}},{"from":[6.9,3.1,6.4],"to":[9.1,3.4,6.85],"rotation":{"angle":0,"axis":"y","origin":[8,4,6.625]},"faces":{"north":{"uv":[14.5,4.5,15.625,4.625],"texture":"#3"},"east":{"uv":[9.5,14.5,9.75,14.625],"texture":"#3"},"south":{"uv":[14.5,5,15.625,5.125],"texture":"#3"},"west":{"uv":[14.5,9.5,14.75,9.625],"texture":"#3"},"up":{"uv":[13.625,14.25,12.5,14],"texture":"#3"},"down":{"uv":[15.125,14,14,14.25],"texture":"#3"}}},{"from":[6.9,3.1,9.15],"to":[9.1,3.4,9.6],"rotation":{"angle":0,"axis":"y","origin":[8,4,9.375]},"faces":{"north":{"uv":[5.5,14.5,6.625,14.625],"texture":"#3"},"east":{"uv":[10,14.5,10.25,14.625],"texture":"#3"},"south":{"uv":[14.5,5.5,15.625,5.625],"texture":"#3"},"west":{"uv":[10.5,14.5,10.75,14.625],"texture":"#3"},"up":{"uv":[1.125,14.75,0,14.5],"texture":"#3"},"down":{"uv":[15.625,0,14.5,0.25],"texture":"#3"}}},{"from":[6.65,2.3,9.15],"to":[9.35,3.1,9.6],"rotation":{"angle":0,"axis":"y","origin":[8,4.2,9.375]},"faces":{"north":{"uv":[13,3.5,14.375,3.875],"texture":"#3"},"east":{"uv":[9,14.5,9.25,14.875],"texture":"#3"},"south":{"uv":[13,4,14.375,4.375],"texture":"#3"},"west":{"uv":[14.5,9,14.75,9.375],"texture":"#3"},"up":{"uv":[15.375,10.25,14,10],"texture":"#3"},"down":{"uv":[15.375,10.5,14,10.75],"texture":"#3"}}},{"from":[7.425,-7.20711,7.5],"to":[8.575,-6.20711,8.5],"rotation":{"angle":45,"axis":"x","origin":[8,-6.70711,8]},"faces":{"north":{"uv":[7,14,7.625,14.5],"texture":"#3"},"east":{"uv":[14.5,1,15,1.5],"texture":"#3"},"south":{"uv":[14,11,14.625,11.5],"texture":"#3"},"west":{"uv":[1.5,14.5,2,15],"texture":"#3"},"up":{"uv":[12.125,14.5,11.5,14],"texture":"#3"},"down":{"uv":[14.625,11.5,14,12],"texture":"#3"}}},{"from":[8,2.6,9.25],"to":[8,10.6,16.55],"rotation":{"angle":0,"axis":"y","origin":[8,26.3,8]},"faces":{"north":{"uv":[0,0,0,4],"texture":"#missing"},"east":{"uv":[7.3,8,0,16],"texture":"#2"},"south":{"uv":[0,0,0,4],"texture":"#missing"},"west":{"uv":[0,8,7.3,16],"texture":"#2"},"up":{"uv":[0,2.125,0,0],"texture":"#missing"},"down":{"uv":[0,0,0,2.125],"texture":"#missing"}}},{"from":[8,-15.1,4.325],"to":[8,-7.1,11.625],"rotation":{"angle":0,"axis":"y","origin":[8,5.5,-0.775]},"faces":{"north":{"uv":[0,0,0,4],"texture":"#missing"},"east":{"uv":[16,0,8.7,8],"texture":"#2"},"south":{"uv":[0,0,0,4],"texture":"#missing"},"west":{"uv":[8.7,0,16,8],"texture":"#2"},"up":{"uv":[0,2.125,0,0],"texture":"#missing"},"down":{"uv":[0,0,0,2.125],"texture":"#missing"}}},{"from":[7.5,-9.8,7.3],"to":[8.5,-6.7,8.7],"rotation":{"angle":0,"axis":"y","origin":[8,-6,8]},"faces":{"north":{"uv":[10,11,10.5,12.5],"texture":"#3"},"east":{"uv":[6,11,6.75,12.5],"texture":"#3"},"south":{"uv":[10.5,12,11,13.5],"texture":"#3"},"west":{"uv":[7,11,7.75,12.5],"texture":"#3"},"up":{"uv":[11,14.25,10.5,13.5],"texture":"#3"},"down":{"uv":[14.5,0.5,14,1.25],"texture":"#3"}}},{"from":[7.6,-9.9,6.65],"to":[8.4,-6.95,7.3],"rotation":{"angle":0,"axis":"y","origin":[8,-6,8.6]},"faces":{"north":{"uv":[5.5,12.5,5.875,14],"texture":"#3"},"east":{"uv":[12.5,5.5,12.875,7],"texture":"#3"},"south":{"uv":[6,12.5,6.375,14],"texture":"#3"},"west":{"uv":[6.5,12.5,6.875,14],"texture":"#3"},"up":{"uv":[7.375,14.875,7,14.5],"texture":"#3"},"down":{"uv":[7.875,14.5,7.5,14.875],"texture":"#3"}}},{"from":[7.6,-9.9,8.7],"to":[8.4,-6.95,9.35],"rotation":{"angle":0,"axis":"y","origin":[8,-6,7.4]},"faces":{"north":{"uv":[7,12.5,7.375,14],"texture":"#3"},"east":{"uv":[12.5,7,12.875,8.5],"texture":"#3"},"south":{"uv":[7.5,12.5,7.875,14],"texture":"#3"},"west":{"uv":[12.5,8.5,12.875,10],"texture":"#3"},"up":{"uv":[8.375,14.875,8,14.5],"texture":"#3"},"down":{"uv":[14.875,8,14.5,8.375],"texture":"#3"}}},{"from":[7.4192,2.92642,7.4192],"to":[8.5808,19.04802,8.5808],"rotation":{"angle":0,"axis":"y","origin":[8,10.98722,8]},"faces":{"north":{"uv":[0,6.5,0.625,14.5],"texture":"#3"},"east":{"uv":[1,6.5,1.625,14.5],"texture":"#3"},"south":{"uv":[2,6.5,2.625,14.5],"texture":"#3"},"west":{"uv":[3,6.5,3.625,14.5],"texture":"#3"},"up":{"uv":[9.625,14.125,9,13.5],"texture":"#3"},"down":{"uv":[14.125,9,13.5,9.625],"texture":"#3"}}},{"from":[7.3192,6.32642,7.3192],"to":[8.6808,10.44802,8.6808],"rotation":{"angle":0,"axis":"y","origin":[8,10.98722,8]},"faces":{"north":{"uv":[9,7,9.625,9],"texture":"#3"},"east":{"uv":[7.5,9,8.125,11],"texture":"#3"},"south":{"uv":[8.5,9,9.125,11],"texture":"#3"},"west":{"uv":[9.5,9,10.125,11],"texture":"#3"},"up":{"uv":[14.125,12.625,13.5,12],"texture":"#3"},"down":{"uv":[14.125,13,13.5,13.625],"texture":"#3"}}},{"from":[7.5,15.4,5.1],"to":[8.5,17.4,7.5],"rotation":{"angle":0,"axis":"y","origin":[8,18.7,7.3]},"faces":{"north":{"uv":[12.5,13,13,14],"texture":"#3"},"east":{"uv":[6,9,7.25,10],"texture":"#3"},"south":{"uv":[13,13,13.5,14],"texture":"#3"},"west":{"uv":[9,6,10.25,7],"texture":"#3"},"up":{"uv":[13,5.25,12.5,4],"texture":"#3"},"down":{"uv":[5.5,12.5,5,13.75],"texture":"#3"}}},{"from":[7.5,15.4,8.6],"to":[8.5,17.4,10.8],"rotation":{"angle":0,"axis":"y","origin":[8,18.7,8]},"faces":{"north":{"uv":[13.5,0.5,14,1.5],"texture":"#3"},"east":{"uv":[10,8,11.125,9],"texture":"#3"},"south":{"uv":[13.5,2,14,3],"texture":"#3"},"west":{"uv":[10.5,3,11.625,4],"texture":"#3"},"up":{"uv":[10.5,13.625,10,12.5],"texture":"#3"},"down":{"uv":[13.5,0,13,1.125],"texture":"#3"}}},{"from":[7,16,10],"to":[9,17,12.3],"rotation":{"angle":0,"axis":"y","origin":[8,5.7,11.55]},"faces":{"north":{"uv":[6,8.5,7,9],"texture":"#3"},"east":{"uv":[12.5,10,13.625,10.5],"texture":"#3"},"south":{"uv":[13.5,0,14.5,0.5],"texture":"#3"},"west":{"uv":[12.5,10.5,13.625,11],"texture":"#3"},"up":{"uv":[11.5,1.125,10.5,0],"texture":"#3"},"down":{"uv":[11.5,1.5,10.5,2.625],"texture":"#3"}}},{"from":[7,17,11.3],"to":[9,21.3,12.3],"rotation":{"angle":0,"axis":"y","origin":[8,6.05,11.5]},"faces":{"north":{"uv":[7,6.5,8,8.625],"texture":"#3"},"east":{"uv":[8,11,8.5,13.125],"texture":"#3"},"south":{"uv":[8,6.5,9,8.625],"texture":"#3"},"west":{"uv":[8.5,11,9,13.125],"texture":"#3"},"up":{"uv":[5,14,4,13.5],"texture":"#3"},"down":{"uv":[14.5,4.5,13.5,5],"texture":"#3"}}},{"from":[7.1,21.3,11.5],"to":[8.9,23.1,12.1],"rotation":{"angle":0,"axis":"y","origin":[8,5.4,14.6]},"faces":{"north":{"uv":[11.5,9,12.375,9.875],"texture":"#3"},"east":{"uv":[2,14.5,2.25,15.375],"texture":"#3"},"south":{"uv":[11.5,10,12.375,10.875],"texture":"#3"},"west":{"uv":[2.5,14.5,2.75,15.375],"texture":"#3"},"up":{"uv":[15.375,1.75,14.5,1.5],"texture":"#3"},"down":{"uv":[3.875,14.5,3,14.75],"texture":"#3"}}},{"from":[7.1,21.3,3.9],"to":[8.9,23.1,4.5],"rotation":{"angle":0,"axis":"y","origin":[8,5.4,1.4]},"faces":{"north":{"uv":[11.5,11,12.375,11.875],"texture":"#3"},"east":{"uv":[14.5,3,14.75,3.875],"texture":"#3"},"south":{"uv":[12,3,12.875,3.875],"texture":"#3"},"west":{"uv":[4,14.5,4.25,15.375],"texture":"#3"},"up":{"uv":[15.375,4.25,14.5,4],"texture":"#3"},"down":{"uv":[5.375,14.5,4.5,14.75],"texture":"#3"}}},{"from":[7,16,3.7],"to":[9,17,6],"rotation":{"angle":0,"axis":"y","origin":[8,5.7,4.45]},"faces":{"north":{"uv":[13.5,6,14.5,6.5],"texture":"#3"},"east":{"uv":[12.5,11,13.625,11.5],"texture":"#3"},"south":{"uv":[13.5,6.5,14.5,7],"texture":"#3"},"west":{"uv":[12.5,11.5,13.625,12],"texture":"#3"},"up":{"uv":[5,12.125,4,11],"texture":"#3"},"down":{"uv":[6,11,5,12.125],"texture":"#3"}}},{"from":[7,17,3.7],"to":[9,21.3,4.7],"rotation":{"angle":0,"axis":"y","origin":[8,6.05,4.5]},"faces":{"north":{"uv":[4,8.5,5,10.625],"texture":"#3"},"east":{"uv":[9,11,9.5,13.125],"texture":"#3"},"south":{"uv":[5,8.5,6,10.625],"texture":"#3"},"west":{"uv":[9.5,11,10,13.125],"texture":"#3"},"up":{"uv":[14.5,5.5,13.5,5],"texture":"#3"},"down":{"uv":[14.5,5.5,13.5,6],"texture":"#3"}}},{"from":[7,15.3,6.875],"to":[9,17.55,9.125],"rotation":{"angle":-45,"axis":"x","origin":[8,16.425,8]},"faces":{"north":{"uv":[10.5,4,11.5,5.125],"texture":"#3"},"east":{"uv":[9,3,10.125,4.125],"texture":"#3"},"south":{"uv":[10.5,5.5,11.5,6.625],"texture":"#3"},"west":{"uv":[9,4.5,10.125,5.625],"texture":"#3"},"up":{"uv":[11.5,10.125,10.5,9],"texture":"#3"},"down":{"uv":[11.5,10.5,10.5,11.625],"texture":"#3"}}},{"from":[8,17,3.5],"to":[8,30,12.5],"rotation":{"angle":0,"axis":"y","origin":[8,25.5,8]},"faces":{"north":{"uv":[0,0,0,6.5],"texture":"#3"},"east":{"uv":[0,0,4.5,6.5],"texture":"#3"},"south":{"uv":[0,0,0,6.5],"texture":"#3"},"west":{"uv":[4.5,0,9,6.5],"texture":"#3"},"up":{"uv":[0,4.5,0,0],"texture":"#3"},"down":{"uv":[0,0,0,4.5],"texture":"#3"}}}],"gui_light":"front","display":{"thirdperson_righthand":{"translation":[0,8,1],"scale":[0.89,0.89,0.89]},"thirdperson_lefthand":{"translation":[0,8,1],"scale":[0.89,0.89,0.89]},"firstperson_righthand":{"scale":[0.82,0.82,0.82]},"firstperson_lefthand":{"scale":[0.82,0.82,0.82]},"ground":{"rotation":[45,0,0],"translation":[0,3,0],"scale":[0.27,0.27,0.27]},"gui":{"rotation":[90,45,-87],"translation":[0.25,0.25,0],"scale":[0.47,0.47,0.47]},"head":{"scale":[0,0,0]},"fixed":{"rotation":[0,-90,0],"translation":[0,0.5,-0.75],"scale":[0.48,0.48,0.48]}}}