{"credit":"Made with Blockbench","texture_size":[64,64],"textures":{"2":"halloweenset:sword_1","3":"halloweenset:sword_2"},"elements":[{"from":[7.375,-1.9,7.375],"to":[8.625,0.1,8.625],"rotation":{"angle":0,"axis":"y","origin":[8,-5.6,8]},"faces":{"north":{"uv":[7,4.5,7.3125,5],"texture":"#3"},"east":{"uv":[6,7,6.3125,7.5],"texture":"#3"},"south":{"uv":[7,6,7.3125,6.5],"texture":"#3"},"west":{"uv":[6.5,7,6.8125,7.5],"texture":"#3"},"up":{"uv":[3.8125,7.8125,3.5,7.5],"texture":"#3"},"down":{"uv":[7.8125,3.75,7.5,4.0625],"texture":"#3"}}},{"from":[7.475,-6.65,7.475],"to":[8.525,-4.65,8.525],"rotation":{"angle":0,"axis":"y","origin":[8,-5.6,8]},"faces":{"north":{"uv":[1.25,7.5,1.5,8],"texture":"#3"},"east":{"uv":[1.5,7.5,1.75,8],"texture":"#3"},"south":{"uv":[1.75,7.5,2,8],"texture":"#3"},"west":{"uv":[7.5,1.75,7.75,2.25],"texture":"#3"},"up":{"uv":[0.75,8.25,0.5,8],"texture":"#3"},"down":{"uv":[8.25,0.5,8,0.75],"texture":"#3"}}},{"from":[7.575,-4.65,7.575],"to":[8.425,-1.9,8.425],"rotation":{"angle":0,"axis":"y","origin":[8,-4.6,8]},"faces":{"north":{"uv":[7.5,0.25,7.6875,0.9375],"texture":"#3"},"east":{"uv":[0.75,7.5,0.9375,8.1875],"texture":"#3"},"south":{"uv":[1,7.5,1.1875,8.1875],"texture":"#3"},"west":{"uv":[7.5,1,7.6875,1.6875],"texture":"#3"},"up":{"uv":[8.1875,2.9375,8,2.75],"texture":"#3"},"down":{"uv":[8.1875,3,8,3.1875],"texture":"#3"}}},{"from":[6.85,0,6.6],"to":[9.15,1.75,9.4],"rotation":{"angle":0,"axis":"y","origin":[8,1.9,8]},"faces":{"north":{"uv":[6.5,5,7.0625,5.4375],"texture":"#3"},"east":{"uv":[6,3.5,6.6875,3.9375],"texture":"#3"},"south":{"uv":[6.5,5.5,7.0625,5.9375],"texture":"#3"},"west":{"uv":[6,4,6.6875,4.4375],"texture":"#3"},"up":{"uv":[6.5625,2.6875,6,2],"texture":"#3"},"down":{"uv":[6.5625,2.75,6,3.4375],"texture":"#3"}}},{"from":[6.65,1.75,6.4],"to":[9.35,2.2,9.6],"rotation":{"angle":0,"axis":"y","origin":[8,1.65,8]},"faces":{"north":{"uv":[7.5,6.5,8.1875,6.625],"texture":"#3"},"east":{"uv":[7.5,3.25,8.3125,3.375],"texture":"#3"},"south":{"uv":[7.5,6.75,8.1875,6.875],"texture":"#3"},"west":{"uv":[7.5,3.5,8.3125,3.625],"texture":"#3"},"up":{"uv":[6.6875,0.8125,6,0],"texture":"#3"},"down":{"uv":[6.6875,1,6,1.8125],"texture":"#3"}}},{"from":[7.15,2.2,7.15],"to":[8.85,4.15,8.85],"rotation":{"angle":0,"axis":"y","origin":[8,1.1,8]},"faces":{"north":{"uv":[6,6.5,6.4375,7],"texture":"#3"},"east":{"uv":[6.5,6,6.9375,6.5],"texture":"#3"},"south":{"uv":[6.5,6.5,6.9375,7],"texture":"#3"},"west":{"uv":[6.75,0,7.1875,0.5],"texture":"#3"},"up":{"uv":[7.1875,0.9375,6.75,0.5],"texture":"#3"},"down":{"uv":[7.1875,1,6.75,1.4375],"texture":"#3"}}},{"from":[6.65,2.2,6.4],"to":[9.35,3,6.85],"rotation":{"angle":0,"axis":"y","origin":[8,4.2,6.625]},"faces":{"north":{"uv":[7.25,5.75,7.9375,5.9375],"texture":"#3"},"east":{"uv":[8,4.25,8.125,4.4375],"texture":"#3"},"south":{"uv":[7.25,7.25,7.9375,7.4375],"texture":"#3"},"west":{"uv":[8,4.5,8.125,4.6875],"texture":"#3"},"up":{"uv":[8.1875,7.125,7.5,7],"texture":"#3"},"down":{"uv":[7.9375,7.5,7.25,7.625],"texture":"#3"}}},{"from":[6.9,3,6.4],"to":[9.1,3.3,6.85],"rotation":{"angle":0,"axis":"y","origin":[8,4,6.625]},"faces":{"north":{"uv":[1.5,8,2.0625,8.0625],"texture":"#3"},"east":{"uv":[8,5.25,8.125,5.3125],"texture":"#3"},"south":{"uv":[2.25,8,2.8125,8.0625],"texture":"#3"},"west":{"uv":[8,5.5,8.125,5.5625],"texture":"#3"},"up":{"uv":[8.3125,2.125,7.75,2],"texture":"#3"},"down":{"uv":[8.3125,6,7.75,6.125],"texture":"#3"}}},{"from":[6.9,3,9.15],"to":[9.1,3.3,9.6],"rotation":{"angle":0,"axis":"y","origin":[8,4,9.375]},"faces":{"north":{"uv":[8,2.25,8.5625,2.3125],"texture":"#3"},"east":{"uv":[8,5.75,8.125,5.8125],"texture":"#3"},"south":{"uv":[8,2.5,8.5625,2.5625],"texture":"#3"},"west":{"uv":[6,8,6.125,8.0625],"texture":"#3"},"up":{"uv":[8.3125,6.375,7.75,6.25],"texture":"#3"},"down":{"uv":[7.8125,7.75,7.25,7.875],"texture":"#3"}}},{"from":[6.65,2.2,9.15],"to":[9.35,3,9.6],"rotation":{"angle":0,"axis":"y","origin":[8,4.2,9.375]},"faces":{"north":{"uv":[0,7.5,0.6875,7.6875],"texture":"#3"},"east":{"uv":[8,4.75,8.125,4.9375],"texture":"#3"},"south":{"uv":[7.5,0,8.1875,0.1875],"texture":"#3"},"west":{"uv":[8,5,8.125,5.1875],"texture":"#3"},"up":{"uv":[0.6875,7.875,0,7.75],"texture":"#3"},"down":{"uv":[8.4375,0.25,7.75,0.375],"texture":"#3"}}},{"from":[7.425,-7.20711,7.5],"to":[8.575,-6.20711,8.5],"rotation":{"angle":45,"axis":"x","origin":[8,-6.70711,8]},"faces":{"north":{"uv":[7.75,1,8.0625,1.25],"texture":"#3"},"east":{"uv":[8,0.75,8.25,1],"texture":"#3"},"south":{"uv":[7.75,1.25,8.0625,1.5],"texture":"#3"},"west":{"uv":[1.25,8,1.5,8.25],"texture":"#3"},"up":{"uv":[8.0625,1.75,7.75,1.5],"texture":"#3"},"down":{"uv":[8.0625,1.75,7.75,2],"texture":"#3"}}},{"from":[8,0.9,10.325],"to":[8,8.9,17.625],"rotation":{"angle":0,"axis":"y","origin":[8,5.5,-0.775]},"faces":{"north":{"uv":[0,0,0,2],"texture":"#missing"},"east":{"uv":[8.3,8,1,16],"texture":"#2"},"south":{"uv":[0,0,0,2],"texture":"#missing"},"west":{"uv":[1,8,8.3,16],"texture":"#2"},"up":{"uv":[0,1.0625,0,0],"texture":"#missing"},"down":{"uv":[0,0,0,1.0625],"texture":"#missing"}}},{"from":[8,-15.1,4.325],"to":[8,-7.1,11.625],"rotation":{"angle":0,"axis":"y","origin":[8,5.5,-0.775]},"faces":{"north":{"uv":[0,0,0,2],"texture":"#missing"},"east":{"uv":[16,0,8.7,8],"texture":"#2"},"south":{"uv":[0,0,0,2],"texture":"#missing"},"west":{"uv":[8.7,0,16,8],"texture":"#2"},"up":{"uv":[0,1.0625,0,0],"texture":"#missing"},"down":{"uv":[0,0,0,1.0625],"texture":"#missing"}}},{"from":[7.5,-9.8,7.3],"to":[8.5,-6.7,8.7],"rotation":{"angle":0,"axis":"y","origin":[8,-6,8]},"faces":{"north":{"uv":[6.75,1.5,7,2.25],"texture":"#3"},"east":{"uv":[6,4.5,6.375,5.25],"texture":"#3"},"south":{"uv":[6.75,2.25,7,3],"texture":"#3"},"west":{"uv":[6,5.25,6.375,6],"texture":"#3"},"up":{"uv":[7.75,6.375,7.5,6],"texture":"#3"},"down":{"uv":[6.75,7.5,6.5,7.875],"texture":"#3"}}},{"from":[7.6,-9.9,6.65],"to":[8.4,-6.95,7.3],"rotation":{"angle":0,"axis":"y","origin":[8,-6,8.6]},"faces":{"north":{"uv":[7,6.5,7.1875,7.25],"texture":"#3"},"east":{"uv":[7.25,0,7.4375,0.75],"texture":"#3"},"south":{"uv":[7.25,0.75,7.4375,1.5],"texture":"#3"},"west":{"uv":[7.25,3,7.4375,3.75],"texture":"#3"},"up":{"uv":[3.6875,8.1875,3.5,8],"texture":"#3"},"down":{"uv":[3.9375,8,3.75,8.1875],"texture":"#3"}}},{"from":[7.6,-9.9,8.7],"to":[8.4,-6.95,9.35],"rotation":{"angle":0,"axis":"y","origin":[8,-6,7.4]},"faces":{"north":{"uv":[7.25,3.75,7.4375,4.5],"texture":"#3"},"east":{"uv":[7.25,5,7.4375,5.75],"texture":"#3"},"south":{"uv":[7.25,6.5,7.4375,7.25],"texture":"#3"},"west":{"uv":[7,7.25,7.1875,8],"texture":"#3"},"up":{"uv":[8.1875,3.9375,8,3.75],"texture":"#3"},"down":{"uv":[8.1875,4,8,4.1875],"texture":"#3"}}},{"from":[7.4192,2.02642,8.3192],"to":[8.5808,18.14802,9.4808],"rotation":{"angle":0,"axis":"y","origin":[8,10.08722,8.9]},"faces":{"north":{"uv":[4,5,4.3125,9],"texture":"#3"},"east":{"uv":[4.5,5,4.8125,9],"texture":"#3"},"south":{"uv":[5,5,5.3125,9],"texture":"#3"},"west":{"uv":[5.5,0,5.8125,4],"texture":"#3"},"up":{"uv":[7.8125,4.5625,7.5,4.25],"texture":"#3"},"down":{"uv":[7.8125,4.75,7.5,5.0625],"texture":"#3"}}},{"from":[7.4192,16.08518,12.13774],"to":[8.5808,17.68678,13.29934],"rotation":{"angle":45,"axis":"x","origin":[8,21.72598,12.71854]},"faces":{"north":{"uv":[2,7.5,2.3125,7.875],"texture":"#3"},"east":{"uv":[7.5,2.25,7.8125,2.625],"texture":"#3"},"south":{"uv":[2.5,7.5,2.8125,7.875],"texture":"#3"},"west":{"uv":[7.5,2.75,7.8125,3.125],"texture":"#3"},"up":{"uv":[7.8125,5.5625,7.5,5.25],"texture":"#3"},"down":{"uv":[6.3125,7.5,6,7.8125],"texture":"#3"}}},{"from":[8,0.6,2.325],"to":[8,30.6,10.325],"rotation":{"angle":0,"axis":"y","origin":[8,18.6,7.48817]},"faces":{"north":{"uv":[0,0,0,7.5],"texture":"#3"},"east":{"uv":[0,0,2,7.5],"texture":"#3"},"south":{"uv":[0,0,0,7.5],"texture":"#3"},"west":{"uv":[2,0,4,7.5],"texture":"#3"},"up":{"uv":[0,2,0,0],"texture":"#3"},"down":{"uv":[0,0,0,2],"texture":"#3"}}},{"from":[7.6,3.8,7.175],"to":[8.4,23.8,9.475],"rotation":{"angle":0,"axis":"y","origin":[8,18.8,7.63817]},"faces":{"north":{"uv":[5.5,4,5.6875,9],"texture":"#3"},"east":{"uv":[4,0,4.5625,5],"texture":"#3"},"south":{"uv":[5.75,4,5.9375,9],"texture":"#3"},"west":{"uv":[4.75,0,5.3125,5],"texture":"#3"},"up":{"uv":[3.1875,8.0625,3,7.5],"texture":"#3"},"down":{"uv":[3.4375,7.5,3.25,8.0625],"texture":"#3"}}},{"from":[7.625,22.00802,3.77513],"to":[8.375,23.63302,5.40013],"rotation":{"angle":45,"axis":"x","origin":[8,18.8,7.63817]},"faces":{"north":{"uv":[0,8,0.1875,8.375],"texture":"#3"},"east":{"uv":[7,2,7.4375,2.375],"texture":"#3"},"south":{"uv":[0.25,8,0.4375,8.375],"texture":"#3"},"west":{"uv":[7,2.5,7.4375,2.875],"texture":"#3"},"up":{"uv":[6.9375,7.9375,6.75,7.5],"texture":"#3"},"down":{"uv":[7.9375,0.5,7.75,0.9375],"texture":"#3"}}}],"gui_light":"front","display":{"thirdperson_righthand":{"translation":[0,8,1],"scale":[0.89,0.89,0.89]},"firstperson_righthand":{"translation":[-0.5,3.25,2.5],"scale":[0.53,0.53,0.53]},"firstperson_lefthand":{"translation":[-0.5,3.25,2.5],"scale":[0.53,0.53,0.53]},"ground":{"rotation":[45,0,0],"translation":[0,3,0],"scale":[0.27,0.27,0.27]},"gui":{"rotation":[90,45,-87],"translation":[-1,-0.5,0],"scale":[0.47,0.47,0.47]},"head":{"scale":[0,0,0]},"fixed":{"rotation":[0,-90,0],"translation":[0,-0.25,-0.75],"scale":[0.45,0.45,0.45]}}}