{"credit":"Made with Blockbench","texture_size":[64,64],"textures":{"0":"halloweenset:wing","particle":"halloweenset:wing"},"elements":[{"from":[-12.41725,-2,4.04925],"to":[9.58275,15,4.14925],"rotation":{"angle":22.5,"axis":"y","origin":[8,6.5,8]},"faces":{"north":{"uv":[5.5,4.25,0,8.5],"texture":"#0","tintindex":0},"east":{"uv":[0,0,0,4.25],"texture":"#0","tintindex":0},"south":{"uv":[0,4.25,5.5,8.5],"texture":"#0","tintindex":0},"west":{"uv":[0,0,0,4.25],"texture":"#0","tintindex":0},"up":{"uv":[5.5,0,0,0],"texture":"#0","tintindex":0},"down":{"uv":[5.5,0,0,0],"texture":"#0","tintindex":0}}},{"from":[6.41725,-2,4.04925],"to":[28.41725,15,4.14925],"rotation":{"angle":-22.5,"axis":"y","origin":[8,6.5,8]},"faces":{"north":{"uv":[11,4.25,5.5,8.5],"texture":"#0","tintindex":0},"east":{"uv":[0,0,0,4.25],"texture":"#0","tintindex":0},"south":{"uv":[5.5,4.25,11,8.5],"texture":"#0","tintindex":0},"west":{"uv":[0,0,0,4.25],"texture":"#0","tintindex":0},"up":{"uv":[5.5,0,0,0],"texture":"#0","tintindex":0},"down":{"uv":[5.5,0,0,0],"texture":"#0","tintindex":0}}}],"gui_light":"front","display":{"thirdperson_righthand":{"rotation":[-112,0,-179.81],"translation":[0,1.5,-1.25],"scale":[0.5,0.5,0.5]},"thirdperson_lefthand":{"rotation":[55,0,0],"translation":[-6.25,-8.5,14.25],"scale":[1.79,1.79,1.79]},"firstperson_righthand":{"translation":[-9,2.5,0],"scale":[0.6,0.6,0.6]},"firstperson_lefthand":{"scale":[0,0,0]},"ground":{"rotation":[45,0,0],"translation":[0,3,0],"scale":[0.5,0.5,0.5]},"gui":{"rotation":[25,153,0],"translation":[0,1.25,0],"scale":[0.68,0.68,0.68]},"head":{"rotation":[4,0,0],"translation":[0,-51,10.75],"scale":[2,2,2]},"fixed":{"rotation":[0,180,0],"translation":[0,3.5,-5.5],"scale":[1.54,1.54,1.54]}}}