{"credit":"Made by PolygonMC","texture_size":[24,24],"textures":{"1":"littlepandaset:backpack"},"elements":[{"from":[5,0,6],"to":[11,5,10],"rotation":{"angle":0,"axis":"y","origin":[5,0,0]},"faces":{"north":{"uv":[0,0,4,3.33333],"texture":"#1"},"east":{"uv":[4,5.33333,6.66667,8.66667],"texture":"#1"},"south":{"uv":[0,3.33333,4,6.66667],"texture":"#1"},"west":{"uv":[0,6.66667,2.66667,10],"texture":"#1"},"up":{"uv":[8,2.66667,4,0],"texture":"#1"},"down":{"uv":[8,2.66667,4,5.33333],"texture":"#1"}}},{"from":[5,5,6],"to":[11,8,9],"rotation":{"angle":0,"axis":"y","origin":[5,0,0]},"faces":{"north":{"uv":[6.66667,5.33333,10.66667,7.33333],"texture":"#1"},"east":{"uv":[8,2,10,4],"texture":"#1"},"south":{"uv":[6.66667,7.33333,10.66667,9.33333],"texture":"#1"},"west":{"uv":[2.66667,8.66667,4.66667,10.66667],"texture":"#1"},"up":{"uv":[12,2,8,0],"texture":"#1"}}},{"from":[4,1,7],"to":[5,3,9],"rotation":{"angle":0,"axis":"y","origin":[4,0,8]},"faces":{"north":{"uv":[2,10,2.66667,11.33333],"texture":"#1"},"south":{"uv":[10,2.66667,10.66667,4],"texture":"#1"},"west":{"uv":[2.66667,6.66667,4,8],"texture":"#1"},"up":{"uv":[10.66667,5.33333,10,4],"texture":"#1"},"down":{"uv":[0.66667,10.66667,0,12],"texture":"#1"}}},{"from":[11,1,7],"to":[12,3,9],"rotation":{"angle":0,"axis":"y","origin":[12,0,8]},"faces":{"north":{"uv":[2.66667,10,2,11.33333],"texture":"#1"},"east":{"uv":[4,6.66667,2.66667,8],"texture":"#1"},"south":{"uv":[10.66667,2.66667,10,4],"texture":"#1"},"up":{"uv":[10,5.33333,10.66667,4],"texture":"#1"},"down":{"uv":[0,10.66667,0.66667,12],"texture":"#1"}}},{"from":[6.5,8,7.499],"to":[9.5,9.5,7.549],"rotation":{"angle":0,"axis":"y","origin":[6.5,8,7.499]},"faces":{"north":{"uv":[7.33333,9.33333,5.33333,10.33333],"texture":"#1"},"south":{"uv":[5.33333,9.33333,7.33333,10.33333],"texture":"#1"}}},{"from":[5.5,8.999,3],"to":[6.5,8.999,6],"rotation":{"angle":0,"axis":"x","origin":[6,8.999,5]},"faces":{"up":{"uv":[8,11.33333,7.33333,9.33333],"texture":"#1"},"down":{"uv":[8,9.33333,7.33333,11.33333],"texture":"#1"}}},{"from":[5.5,1.999,3],"to":[6.5,1.999,6],"rotation":{"angle":0,"axis":"x","origin":[6,8.999,5]},"faces":{"up":{"uv":[8,11.33333,7.33333,9.33333],"texture":"#1"},"down":{"uv":[8,9.33333,7.33333,11.33333],"texture":"#1"}}},{"from":[5.5,2,3],"to":[6.5,9,3],"rotation":{"angle":0,"axis":"y","origin":[6.5,7,3]},"faces":{"north":{"uv":[4.66667,8.66667,5.33333,13.33333],"texture":"#1"},"south":{"uv":[5.33333,8.66667,4.66667,13.33333],"texture":"#1"}}},{"from":[5.5,8,6],"to":[6.5,9,6],"rotation":{"angle":0,"axis":"y","origin":[6.5,8,6]},"faces":{"north":{"uv":[3.33333,8,2.66667,8.66667],"texture":"#1"},"south":{"uv":[2.66667,8,3.33333,8.66667],"texture":"#1"}}},{"from":[9.5,8,6],"to":[10.5,9,6],"rotation":{"angle":0,"axis":"y","origin":[9.5,8,6]},"faces":{"north":{"uv":[2.66667,8,3.33333,8.66667],"texture":"#1"},"south":{"uv":[3.33333,8,2.66667,8.66667],"texture":"#1"}}},{"from":[9.5,8.999,3],"to":[10.5,8.999,6],"rotation":{"angle":0,"axis":"x","origin":[10,8.999,5]},"faces":{"up":{"uv":[7.33333,11.33333,8,9.33333],"texture":"#1"},"down":{"uv":[7.33333,9.33333,8,11.33333],"texture":"#1"}}},{"from":[9.5,2,3],"to":[10.5,9,3],"rotation":{"angle":0,"axis":"y","origin":[9.5,7,3]},"faces":{"north":{"uv":[5.33333,8.66667,4.66667,13.33333],"texture":"#1"},"south":{"uv":[4.66667,8.66667,5.33333,13.33333],"texture":"#1"}}},{"from":[9.5,1.999,3],"to":[10.5,1.999,6],"rotation":{"angle":0,"axis":"x","origin":[10,8.999,5]},"faces":{"up":{"uv":[7.33333,11.33333,8,9.33333],"texture":"#1"},"down":{"uv":[7.33333,9.33333,8,11.33333],"texture":"#1"}}},{"from":[4,4.5,9.25],"to":[6,6,9.75],"faces":{"north":{"uv":[8,9.33333,9.33333,10.33333],"texture":"#1"},"east":{"uv":[10.66667,2.66667,11,3.66667],"texture":"#1"},"south":{"uv":[9.33333,9.33333,10.66667,10.33333],"texture":"#1"},"west":{"uv":[4,10.66667,4.33333,11.66667],"texture":"#1"},"up":{"uv":[6.66667,9,5.33333,8.66667],"texture":"#1"},"down":{"uv":[4,10.66667,2.66667,11],"texture":"#1"}}},{"from":[10,4.5,9.25],"to":[12,6,9.75],"rotation":{"angle":0,"axis":"y","origin":[16,0,0]},"faces":{"north":{"uv":[9.33333,9.33333,8,10.33333],"texture":"#1"},"east":{"uv":[4.33333,10.66667,4,11.66667],"texture":"#1"},"south":{"uv":[10.66667,9.33333,9.33333,10.33333],"texture":"#1"},"west":{"uv":[11,2.66667,10.66667,3.66667],"texture":"#1"},"up":{"uv":[5.33333,9,6.66667,8.66667],"texture":"#1"},"down":{"uv":[2.66667,10.66667,4,11],"texture":"#1"}}},{"from":[6.5,0,10],"to":[9.5,2,11],"rotation":{"angle":0,"axis":"y","origin":[0.5,0,0]},"faces":{"east":{"uv":[0.66667,10.66667,1.33333,12],"texture":"#1"},"south":{"uv":[8,4,10,5.33333],"texture":"#1"},"west":{"uv":[1.33333,10.66667,2,12],"texture":"#1"},"up":{"uv":[2,10.66667,0,10],"texture":"#1"},"down":{"uv":[12,2,10,2.66667],"texture":"#1"}}}],"gui_light":"front","display":{"thirdperson_righthand":{"rotation":[-122,0,-180],"translation":[0,-0.5,-1.75]},"thirdperson_lefthand":{"rotation":[66.75,0,0],"translation":[-5.5,-5.75,12.5],"scale":[1.32422,1.32422,1.32422]},"firstperson_righthand":{"rotation":[-26.25,0,0],"translation":[-1.5,7.75,0]},"firstperson_lefthand":{"rotation":[-26.25,0,0],"translation":[-1.5,7.75,0],"scale":[0,0,0]},"ground":{"rotation":[-40,0,0],"translation":[0,7.5,-1.5]},"gui":{"rotation":[30,-45,0],"translation":[-1.25,3.5,0],"scale":[1.33984,1.33984,1.33984]},"head":{"translation":[0,-8.5,8],"scale":[2.29882,2.29882,2.29882]},"fixed":{"rotation":[-90,180,0],"translation":[0,-4.5,-26.5],"scale":[3.31641,3.31641,3.31641]}}}