{"credit":"Made by PolygonMC","texture_size":[48,48],"textures":{"2":"littlepandaset:chest"},"elements":[{"from":[3.75,6,3.5],"to":[12.25,9.7,12.5],"rotation":{"angle":45,"axis":"x","origin":[8,5.025,13]},"faces":{"north":{"uv":[6.33333,2.66667,9.16667,3.83333],"texture":"#2"},"east":{"uv":[6.33333,0,9.33333,1.16667],"texture":"#2"},"south":{"uv":[6.33333,4,9.16667,5.16667],"texture":"#2"},"west":{"uv":[6.33333,1.33333,9.33333,2.5],"texture":"#2"},"up":{"uv":[6.16667,6,3.33333,3],"texture":"#2"},"down":{"uv":[6.16667,6,3.33333,9],"texture":"#2"}}},{"from":[11.6,6,3.125],"to":[12.6,10,4.125],"rotation":{"angle":45,"axis":"x","origin":[8,5.025,13]},"faces":{"north":{"uv":[10.66667,10.66667,11,12],"texture":"#2"},"east":{"uv":[11,10.66667,11.33333,12],"texture":"#2"},"south":{"uv":[0,11.33333,0.33333,12.66667],"texture":"#2"},"west":{"uv":[0.33333,11.33333,0.66667,12.66667],"texture":"#2"},"up":{"uv":[2.33333,13.33333,2,13],"texture":"#2"},"down":{"uv":[13.33333,2,13,2.33333],"texture":"#2"}}},{"from":[3.25,5,4],"to":[4.25,6,12],"rotation":{"angle":45,"axis":"x","origin":[8,5.025,13]},"faces":{"north":{"uv":[6,13,5.66667,13.33333],"texture":"#2"},"east":{"uv":[13,1.33333,10.33333,1.66667],"texture":"#2"},"south":{"uv":[5.66667,13,5.33333,13.33333],"texture":"#2"},"west":{"uv":[13,1.66667,10.33333,2],"texture":"#2"},"up":{"uv":[2.66667,10.33333,2.33333,13],"texture":"#2"},"down":{"uv":[2.33333,13,2.66667,10.33333],"texture":"#2"}}},{"from":[3,5,12],"to":[13,6,13],"rotation":{"angle":45,"axis":"x","origin":[8,5.025,13]},"faces":{"north":{"uv":[10.33333,9.66667,7,10],"texture":"#2"},"east":{"uv":[8.33333,13,8,13.33333],"texture":"#2"},"south":{"uv":[13.33333,5.33333,10,5.66667],"texture":"#2"},"west":{"uv":[6.33333,13,6,13.33333],"texture":"#2"},"up":{"uv":[10,6,13.33333,5.66667],"texture":"#2"},"down":{"uv":[10,6,13.33333,6.33333],"texture":"#2"}}},{"from":[11.75,5,4],"to":[12.75,6,12],"rotation":{"angle":45,"axis":"x","origin":[8,5.025,13]},"faces":{"north":{"uv":[10,13,9.66667,13.33333],"texture":"#2"},"east":{"uv":[13,2,10.33333,2.33333],"texture":"#2"},"south":{"uv":[8.66667,13,8.33333,13.33333],"texture":"#2"},"west":{"uv":[13,2.33333,10.33333,2.66667],"texture":"#2"},"up":{"uv":[6.33333,13,6,10.33333],"texture":"#2"},"down":{"uv":[6,10.33333,6.33333,13],"texture":"#2"}}},{"from":[3,5,3],"to":[13,6,4],"rotation":{"angle":45,"axis":"x","origin":[8,5.025,13]},"faces":{"north":{"uv":[13.33333,6.33333,10,6.66667],"texture":"#2"},"east":{"uv":[10.66667,13,10.33333,13.33333],"texture":"#2"},"south":{"uv":[13.33333,6.66667,10,7],"texture":"#2"},"west":{"uv":[10.33333,13,10,13.33333],"texture":"#2"},"up":{"uv":[7,10.33333,10.33333,10],"texture":"#2"},"down":{"uv":[10,8.33333,13.33333,8.66667],"texture":"#2"}}},{"from":[11.6,8.85,4.125],"to":[12.6,9.85,11.875],"rotation":{"angle":45,"axis":"x","origin":[8,5.025,13]},"faces":{"north":{"uv":[13,10.33333,13.33333,10.66667],"texture":"#2"},"east":{"uv":[7,10.33333,9.66667,10.66667],"texture":"#2"},"south":{"uv":[10.66667,13,11,13.33333],"texture":"#2"},"west":{"uv":[9.66667,10.33333,12.33333,10.66667],"texture":"#2"},"up":{"uv":[7.66667,10.66667,7.33333,13.33333],"texture":"#2"},"down":{"uv":[7.33333,13.33333,7.66667,10.66667],"texture":"#2"}}},{"from":[11.6,6,11.875],"to":[12.6,10,12.875],"rotation":{"angle":45,"axis":"x","origin":[8,5.025,13]},"faces":{"north":{"uv":[0.66667,11.33333,1,12.66667],"texture":"#2"},"east":{"uv":[6.33333,11.33333,6.66667,12.66667],"texture":"#2"},"south":{"uv":[6.66667,11.33333,7,12.66667],"texture":"#2"},"west":{"uv":[7.66667,11.33333,8,12.66667],"texture":"#2"},"up":{"uv":[13.33333,11,13,10.66667],"texture":"#2"},"down":{"uv":[11.33333,13,11,13.33333],"texture":"#2"}}},{"from":[6,16.325,7.39707],"to":[10,20.325,11.39707],"rotation":{"angle":0,"axis":"y","origin":[8,18.825,9.14707]},"faces":{"north":{"uv":[7.66667,8.33333,9,9.66667],"texture":"#2"},"east":{"uv":[0,7.66667,1.33333,9],"texture":"#2"},"south":{"uv":[1.33333,7.66667,2.66667,9],"texture":"#2"},"west":{"uv":[6.33333,8.33333,7.66667,9.66667],"texture":"#2"},"up":{"uv":[1.33333,10.33333,0,9],"rotation":90,"texture":"#2"},"down":{"uv":[1.33333,9,2.66667,10.33333],"rotation":270,"texture":"#2"}}},{"from":[7,16.325,6.39707],"to":[9,17.825,7.39707],"rotation":{"angle":0,"axis":"y","origin":[8,18.825,9.14707]},"faces":{"north":{"uv":[0.33333,12.66667,1,13.16667],"texture":"#2"},"east":{"uv":[13,0.66667,13.33333,1.16667],"texture":"#2"},"west":{"uv":[1,13,1.33333,13.5],"texture":"#2"},"up":{"uv":[13,13.33333,12.66667,12.66667],"rotation":90,"texture":"#2"},"down":{"uv":[13.33333,0,13,0.66667],"rotation":270,"texture":"#2"}}},{"from":[9,19.825,9.14707],"to":[11,21.325,9.64707],"rotation":{"angle":0,"axis":"y","origin":[8,18.825,9.14707]},"faces":{"north":{"uv":[3.33333,12.66667,4,13.16667],"texture":"#2"},"east":{"uv":[13,12.66667,13.16667,13.16667],"texture":"#2"},"south":{"uv":[12.66667,2.66667,13.33333,3.16667],"texture":"#2"},"west":{"uv":[13.33333,0,13.5,0.5],"texture":"#2"},"up":{"uv":[13.16667,11.66667,13,11],"rotation":90,"texture":"#2"},"down":{"uv":[13.16667,11.66667,13,12.33333],"rotation":270,"texture":"#2"}}},{"from":[5,19.825,9.14707],"to":[7,21.325,9.64707],"rotation":{"angle":0,"axis":"y","origin":[8,18.825,9.14707]},"faces":{"north":{"uv":[4,12.66667,4.66667,13.16667],"texture":"#2"},"east":{"uv":[0.33333,13.33333,0.5,13.83333],"texture":"#2"},"south":{"uv":[12.66667,3.33333,13.33333,3.83333],"texture":"#2"},"west":{"uv":[0.66667,13.33333,0.83333,13.83333],"texture":"#2"},"up":{"uv":[12.16667,13.66667,12,13],"rotation":90,"texture":"#2"},"down":{"uv":[12.5,13,12.33333,13.66667],"rotation":270,"texture":"#2"}}},{"from":[6.5,13.825,9.45],"to":[9.5,17.825,12.45],"rotation":{"angle":-45,"axis":"x","origin":[8,15.825,10.95]},"faces":{"north":{"uv":[5.33333,9,6.33333,10.33333],"texture":"#2"},"east":{"uv":[9,8.33333,10,9.66667],"texture":"#2"},"south":{"uv":[9.33333,0,10.33333,1.33333],"texture":"#2"},"west":{"uv":[9.33333,1.33333,10.33333,2.66667],"texture":"#2"},"up":{"uv":[11,9.66667,10,8.66667],"texture":"#2"},"down":{"uv":[1,10.33333,0,11.33333],"texture":"#2"}}},{"from":[8.75,14.575,6.85],"to":[10.25,16.075,9.35],"rotation":{"angle":-22.5,"axis":"x","origin":[9.5,15.325,8.1]},"faces":{"north":{"uv":[12.66667,4,13.16667,4.5],"texture":"#2"},"east":{"uv":[8,11.33333,8.83333,11.83333],"texture":"#2"},"south":{"uv":[4.66667,12.66667,5.16667,13.16667],"texture":"#2"},"west":{"uv":[9,11.33333,9.83333,11.83333],"texture":"#2"},"up":{"uv":[11.83333,10.16667,11.33333,9.33333],"texture":"#2"},"down":{"uv":[10.5,11.33333,10,12.16667],"texture":"#2"}}},{"from":[5.75,14.575,7.35],"to":[7.25,16.075,9.85],"rotation":{"angle":-45,"axis":"x","origin":[6.5,15.325,8.6]},"faces":{"north":{"uv":[12.66667,4.66667,13.16667,5.16667],"texture":"#2"},"east":{"uv":[11.33333,10.66667,12.16667,11.16667],"texture":"#2"},"south":{"uv":[6.33333,12.66667,6.83333,13.16667],"texture":"#2"},"west":{"uv":[11.33333,11.33333,12.16667,11.83333],"texture":"#2"},"up":{"uv":[3.16667,12.83333,2.66667,12],"texture":"#2"},"down":{"uv":[8.5,12,8,12.83333],"texture":"#2"}}},{"from":[5.75,12.725,10.85],"to":[7.25,14.225,13.35],"rotation":{"angle":45,"axis":"x","origin":[8,13.475,12.1]},"faces":{"north":{"uv":[12.66667,7.66667,13.16667,8.16667],"rotation":180,"texture":"#2"},"east":{"uv":[11.66667,8.66667,12.5,9.16667],"rotation":180,"texture":"#2"},"south":{"uv":[12.66667,7,13.16667,7.5],"rotation":180,"texture":"#2"},"west":{"uv":[8.66667,12,9.5,12.5],"rotation":180,"texture":"#2"},"up":{"uv":[11.16667,12,10.66667,12.83333],"texture":"#2"},"down":{"uv":[12.5,10.16667,12,9.33333],"texture":"#2"}}},{"from":[8.75,12.725,10.85],"to":[10.25,14.225,13.35],"rotation":{"angle":45,"axis":"x","origin":[8,13.475,12.1]},"faces":{"north":{"uv":[12.66667,8.66667,13.16667,9.16667],"rotation":180,"texture":"#2"},"east":{"uv":[11.33333,12,12.16667,12.5],"rotation":180,"texture":"#2"},"south":{"uv":[8.66667,12.66667,9.16667,13.16667],"rotation":180,"texture":"#2"},"west":{"uv":[9.66667,12.33333,10.5,12.83333],"rotation":180,"texture":"#2"},"up":{"uv":[12.83333,11.33333,12.33333,12.16667],"texture":"#2"},"down":{"uv":[12.83333,11.16667,12.33333,10.33333],"texture":"#2"}}},{"from":[5.17182,16.20478,6.1],"to":[15.67182,17.70478,7.6],"rotation":{"angle":22.5,"axis":"z","origin":[13.03601,16.8274,6.88387]},"faces":{"north":{"uv":[2.66667,7.66667,3.16667,11.16667],"rotation":270,"texture":"#2"},"east":{"uv":[13.16667,9.83333,12.66667,9.33333],"rotation":90,"texture":"#2"},"south":{"uv":[4,9,4.5,12.5],"rotation":90,"texture":"#2"},"west":{"uv":[11.83333,12.66667,11.33333,13.16667],"rotation":90,"texture":"#2"},"up":{"uv":[4.66667,9,5.16667,12.5],"rotation":90,"texture":"#2"},"down":{"uv":[3.33333,9,3.83333,12.5],"rotation":90,"texture":"#2"}}},{"from":[12.26895,17.89589,6.90274],"to":[13.76895,20.89589,6.93274],"rotation":{"angle":-22.5,"axis":"z","origin":[13.03601,16.8274,6.88387]},"faces":{"north":{"uv":[11.33333,10.16667,10.33333,9.66667],"rotation":90,"texture":"#2"},"south":{"uv":[8.66667,10.66667,7.66667,11.16667],"rotation":90,"texture":"#2"}}},{"from":[11.91113,14.0613,6.835],"to":[14.91113,15.5613,6.865],"rotation":{"angle":-22.5,"axis":"z","origin":[13.03601,16.8274,6.88387]},"faces":{"north":{"uv":[8.66667,10.66667,9.66667,11.16667],"texture":"#2"},"south":{"uv":[9.66667,10.66667,10.66667,11.16667],"texture":"#2"}}},{"from":[3.4,6,3.125],"to":[4.4,10,4.125],"rotation":{"angle":45,"axis":"x","origin":[8,5.025,13]},"faces":{"north":{"uv":[11,10.66667,10.66667,12],"texture":"#2"},"east":{"uv":[0.66667,11.33333,0.33333,12.66667],"texture":"#2"},"south":{"uv":[0.33333,11.33333,0,12.66667],"texture":"#2"},"west":{"uv":[11.33333,10.66667,11,12],"texture":"#2"},"up":{"uv":[2,13.33333,2.33333,13],"texture":"#2"},"down":{"uv":[13,2,13.33333,2.33333],"texture":"#2"}}},{"from":[3.4,8.85,4.125],"to":[4.4,9.85,11.875],"rotation":{"angle":45,"axis":"x","origin":[8,5.025,13]},"faces":{"north":{"uv":[10.66667,13,11,13.33333],"texture":"#2"},"east":{"uv":[9.66667,10.33333,12.33333,10.66667],"texture":"#2"},"south":{"uv":[13,10.33333,13.33333,10.66667],"texture":"#2"},"west":{"uv":[7,10.33333,9.66667,10.66667],"texture":"#2"},"up":{"uv":[7.33333,13.33333,7.66667,10.66667],"texture":"#2"},"down":{"uv":[7.66667,10.66667,7.33333,13.33333],"texture":"#2"}}},{"from":[3.4,6,11.875],"to":[4.4,10,12.875],"rotation":{"angle":45,"axis":"x","origin":[8,5.025,13]},"faces":{"north":{"uv":[1,11.33333,0.66667,12.66667],"texture":"#2"},"east":{"uv":[8,11.33333,7.66667,12.66667],"texture":"#2"},"south":{"uv":[7,11.33333,6.66667,12.66667],"texture":"#2"},"west":{"uv":[6.66667,11.33333,6.33333,12.66667],"texture":"#2"},"up":{"uv":[13,11,13.33333,10.66667],"texture":"#2"},"down":{"uv":[11,13,11.33333,13.33333],"texture":"#2"}}},{"from":[3,0,3],"to":[13,1,13],"rotation":{"angle":0,"axis":"y","origin":[0,0,3]},"faces":{"north":{"uv":[9.33333,2.66667,12.66667,3],"texture":"#2"},"east":{"uv":[9.33333,3,12.66667,3.33333],"texture":"#2"},"south":{"uv":[9.33333,3.33333,12.66667,3.66667],"texture":"#2"},"west":{"uv":[9.33333,3.66667,12.66667,4],"texture":"#2"},"up":{"uv":[3.33333,3.33333,0,0],"texture":"#2"},"down":{"uv":[3.33333,3.33333,0,6.66667],"texture":"#2"}}},{"from":[3.5,1,3.5],"to":[12.5,4,12.5],"rotation":{"angle":0,"axis":"y","origin":[0,1,3]},"faces":{"north":{"uv":[6.33333,5.33333,9.33333,6.33333],"texture":"#2"},"east":{"uv":[6.33333,6.33333,9.33333,7.33333],"texture":"#2"},"south":{"uv":[0,6.66667,3,7.66667],"texture":"#2"},"west":{"uv":[6.33333,7.33333,9.33333,8.33333],"texture":"#2"},"up":{"uv":[6.33333,3,3.33333,0],"texture":"#2"}}},{"from":[3,4,3],"to":[13,5,4],"rotation":{"angle":0,"axis":"y","origin":[0,4,3]},"faces":{"north":{"uv":[9.33333,4,12.66667,4.33333],"texture":"#2"},"east":{"uv":[11,9.33333,11.33333,9.66667],"texture":"#2"},"south":{"uv":[9.33333,4.33333,12.66667,4.66667],"texture":"#2"},"west":{"uv":[9.66667,12,10,12.33333],"texture":"#2"},"up":{"uv":[12.66667,5,9.33333,4.66667],"texture":"#2"},"down":{"uv":[12.66667,5,9.33333,5.33333],"texture":"#2"}}},{"from":[2.5,2,6.5],"to":[3.5,3,9.5],"rotation":{"angle":0,"axis":"y","origin":[1.5,1.5,6.5]},"faces":{"north":{"uv":[1.33333,13,1.66667,13.33333],"texture":"#2"},"south":{"uv":[13,1.33333,13.33333,1.66667],"texture":"#2"},"west":{"uv":[12.33333,12.33333,13.33333,12.66667],"texture":"#2"},"up":{"uv":[3.33333,7.66667,3,6.66667],"texture":"#2"},"down":{"uv":[0.33333,12.66667,0,13.66667],"texture":"#2"}}},{"from":[1.45,1.975,5.5],"to":[3.45,2.005,10.5],"rotation":{"angle":45,"axis":"z","origin":[2.45,1.99,8]},"faces":{"up":{"uv":[10,7,9.33333,5.33333],"texture":"#2"},"down":{"uv":[7,9.66667,6.33333,11.33333],"texture":"#2"}}},{"from":[3.25,4,4],"to":[4.25,5,12],"rotation":{"angle":0,"axis":"y","origin":[0.25,4,4]},"faces":{"north":{"uv":[1.66667,13,2,13.33333],"texture":"#2"},"east":{"uv":[10.33333,0,13,0.33333],"texture":"#2"},"south":{"uv":[13,1.66667,13.33333,2],"texture":"#2"},"west":{"uv":[10.33333,0.33333,13,0.66667],"texture":"#2"},"up":{"uv":[1.33333,13,1,10.33333],"texture":"#2"},"down":{"uv":[1,10.33333,1.33333,13],"texture":"#2"}}},{"from":[3,4,12],"to":[13,5,13],"rotation":{"angle":0,"axis":"y","origin":[16,4,13]},"faces":{"north":{"uv":[9.33333,7,12.66667,7.33333],"texture":"#2"},"east":{"uv":[2.33333,13,2.66667,13.33333],"texture":"#2"},"south":{"uv":[9.33333,7.33333,12.66667,7.66667],"texture":"#2"},"west":{"uv":[13,2.33333,13.33333,2.66667],"texture":"#2"},"up":{"uv":[12.66667,8,9.33333,7.66667],"texture":"#2"},"down":{"uv":[12.66667,8,9.33333,8.33333],"texture":"#2"}}},{"from":[11.75,4,4],"to":[12.75,5,12],"rotation":{"angle":0,"axis":"y","origin":[12.25,4.5,8]},"faces":{"north":{"uv":[2.66667,13,3,13.33333],"texture":"#2"},"east":{"uv":[10.33333,0.66667,13,1],"texture":"#2"},"south":{"uv":[3,13,3.33333,13.33333],"texture":"#2"},"west":{"uv":[10.33333,1,13,1.33333],"texture":"#2"},"up":{"uv":[2.33333,10.33333,2,13],"texture":"#2"},"down":{"uv":[2,13,2.33333,10.33333],"texture":"#2"}}},{"from":[6.58579,4,2.5],"to":[8.58579,6,3.5],"rotation":{"angle":-45,"axis":"z","origin":[6.58579,4,2.5]},"faces":{"north":{"uv":[11,8.66667,11.66667,9.33333],"texture":"#2"},"east":{"uv":[7.66667,12.66667,8,13.33333],"texture":"#2"},"south":{"uv":[2.66667,11.33333,3.33333,12],"texture":"#2"},"west":{"uv":[9.33333,12.66667,9.66667,13.33333],"texture":"#2"},"up":{"uv":[13.33333,10.33333,12.66667,10],"texture":"#2"},"down":{"uv":[12.66667,12.66667,12,13],"texture":"#2"}}},{"from":[12.55,1.975,5.5],"to":[14.55,2.005,10.5],"rotation":{"angle":-45,"axis":"z","origin":[13.55,1.99,8]},"faces":{"up":{"uv":[9.33333,7,10,5.33333],"texture":"#2"},"down":{"uv":[6.33333,9.66667,7,11.33333],"texture":"#2"}}},{"from":[12.5,2,6.5],"to":[13.5,3,9.5],"rotation":{"angle":0,"axis":"y","origin":[14.5,1.5,6.5]},"faces":{"north":{"uv":[1.66667,13,1.33333,13.33333],"texture":"#2"},"east":{"uv":[13.33333,12.33333,12.33333,12.66667],"texture":"#2"},"south":{"uv":[13.33333,1.33333,13,1.66667],"texture":"#2"},"up":{"uv":[3,7.66667,3.33333,6.66667],"texture":"#2"},"down":{"uv":[0,12.66667,0.33333,13.66667],"texture":"#2"}}}],"gui_light":"front","display":{"thirdperson_righthand":{"rotation":[60.75,0,0],"translation":[0,4,3.75],"scale":[0.69336,0.69336,0.69336]},"thirdperson_lefthand":{"rotation":[60.75,0,0],"translation":[0,4,3.75],"scale":[0.69336,0.69336,0.69336]},"firstperson_righthand":{"rotation":[-10,180,0],"translation":[0,5.75,-3.25]},"firstperson_lefthand":{"rotation":[-10,180,0],"translation":[0,5.75,-3.25]},"ground":{"translation":[0,8.25,0]},"gui":{"rotation":[0,136,0],"translation":[-0.25,-2.25,0],"scale":[0.86329,0.86329,0.86329]},"head":{"rotation":[0,180,0],"translation":[0,-25,0],"scale":[2.3,2.3,2.3]},"fixed":{"rotation":[-90,0,0],"translation":[0,0,-25.25],"scale":[3.17969,3.17969,3.17969]}}}