{"credit":"MadewithBlockbench","texture_size":[48,48],"textures":{"1":"frog:frogtextures/texture","particle":"frog:frogtextures/texture"},"elements":[{"from":[4.8192,16.5664,4.81735],"to":[11.1808,20.5424,11.17895],"rotation":{"angle":0,"axis":"y","origin":[8,23.6,8]},"faces":{"north":{"uv":[4.33333,4,6.33333,5.33333],"texture":"#1"},"east":{"uv":[0,4.66667,2,6],"texture":"#1"},"south":{"uv":[4.33333,5.33333,6.33333,6.66667],"texture":"#1"},"west":{"uv":[0,6,2,7.33333],"texture":"#1"},"up":{"uv":[6.33333,2,4.33333,0],"texture":"#1"},"down":{"uv":[6.33333,2,4.33333,4],"texture":"#1"}}},{"from":[4.24123,13.64041,4.31735],"to":[11.85283,16.71641,11.67895],"rotation":{"angle":22.5,"axis":"z","origin":[7.94703,15.17841,7.99815]},"faces":{"north":{"uv":[6.33333,0,9,1],"texture":"#1"},"east":{"uv":[6.33333,5.66667,8.66667,6.66667],"texture":"#1"},"south":{"uv":[6.33333,1,9,2],"texture":"#1"},"west":{"uv":[4.33333,6.66667,6.66667,7.66667],"texture":"#1"},"up":{"uv":[2.66667,2.33333,0,0],"texture":"#1"},"down":{"uv":[2.66667,2.33333,0,4.66667],"texture":"#1"}}},{"from":[6.8192,19.5664,2.86735],"to":[9.1808,23.5424,6.92895],"rotation":{"angle":0,"axis":"y","origin":[8,23.9044,8]},"faces":{"north":{"uv":[8,10.33333,8.66667,11.66667],"texture":"#1"},"east":{"uv":[6.66667,6.66667,8,8],"texture":"#1"},"south":{"uv":[0,10.66667,0.66667,12],"texture":"#1"},"west":{"uv":[7,2,8.33333,3.33333],"texture":"#1"},"up":{"uv":[11.66667,2.33333,11,1],"texture":"#1"},"down":{"uv":[11.66667,5,11,6.33333],"texture":"#1"}}},{"from":[6.8192,19.5664,9.07105],"to":[9.1808,23.5424,13.13265],"rotation":{"angle":0,"axis":"y","origin":[8,23.9044,8]},"faces":{"north":{"uv":[11,6.33333,11.66667,7.66667],"texture":"#1"},"east":{"uv":[7,3.33333,8.33333,4.66667],"texture":"#1"},"south":{"uv":[8.66667,11,9.33333,12.33333],"texture":"#1"},"west":{"uv":[0,7.33333,1.33333,8.66667],"texture":"#1"},"up":{"uv":[10,12.33333,9.33333,11],"texture":"#1"},"down":{"uv":[10.66667,11,10,12.33333],"texture":"#1"}}},{"from":[6.98,0.119,6.57815],"to":[9.82,2.959,9.41815],"rotation":{"angle":0,"axis":"y","origin":[8.4,8,8]},"faces":{"north":{"uv":[9,1.66667,10,2.66667],"texture":"#1"},"east":{"uv":[9,2.66667,10,3.66667],"texture":"#1"},"south":{"uv":[9,6,10,7],"texture":"#1"},"west":{"uv":[9,7,10,8],"texture":"#1"},"up":{"uv":[10.33333,4.66667,9.33333,3.66667],"texture":"#1"},"down":{"uv":[5,9.33333,4,10.33333],"texture":"#1"}}},{"from":[6.98,-8.401,6.57815],"to":[9.82,-5.561,9.41815],"rotation":{"angle":0,"axis":"y","origin":[8.4,8,8]},"faces":{"north":{"uv":[10,1,11,2],"texture":"#1"},"east":{"uv":[10,2,11,3],"texture":"#1"},"south":{"uv":[10,5.66667,11,6.66667],"texture":"#1"},"west":{"uv":[10,6.66667,11,7.66667],"texture":"#1"},"up":{"uv":[9.66667,11,8.66667,10],"texture":"#1"},"down":{"uv":[10.66667,10,9.66667,11],"texture":"#1"}}},{"from":[7.0155,-4.91816,18.07554],"to":[9.7845,-2.07816,20.91554],"rotation":{"angle":45,"axis":"x","origin":[8.4,8,8]},"faces":{"north":{"uv":[0.66667,10.33333,1.66667,11.33333],"texture":"#1"},"east":{"uv":[2.66667,10.33333,3.66667,11.33333],"texture":"#1"},"south":{"uv":[10.33333,3,11.33333,4],"texture":"#1"},"west":{"uv":[3.66667,10.33333,4.66667,11.33333],"texture":"#1"},"up":{"uv":[11.33333,5,10.33333,4],"texture":"#1"},"down":{"uv":[5.66667,10.33333,4.66667,11.33333],"texture":"#1"}}},{"from":[6.98,-0.99959,-1.0022],"to":[9.82,1.84041,1.8378],"rotation":{"angle":-45,"axis":"x","origin":[8.4,8,8]},"faces":{"north":{"uv":[9.33333,4.66667,10.33333,5.66667],"texture":"#1"},"east":{"uv":[5,9.33333,6,10.33333],"texture":"#1"},"south":{"uv":[9.33333,8,10.33333,9],"texture":"#1"},"west":{"uv":[9.33333,9,10.33333,10],"texture":"#1"},"up":{"uv":[10.66667,1,9.66667,0],"texture":"#1"},"down":{"uv":[7,9.66667,6,10.66667],"texture":"#1"}}},{"from":[7.335,-5.561,6.93315],"to":[9.465,0.119,9.06315],"rotation":{"angle":0,"axis":"y","origin":[8.4,8,8]},"faces":{"north":{"uv":[2.66667,8.33333,3.33333,10.33333],"texture":"#1"},"east":{"uv":[3.33333,8.33333,4,10.33333],"texture":"#1"},"south":{"uv":[8,8.33333,8.66667,10.33333],"texture":"#1"},"west":{"uv":[0,8.66667,0.66667,10.66667],"texture":"#1"},"up":{"uv":[2,10.33333,1.33333,9.66667],"texture":"#1"},"down":{"uv":[11,5,10.33333,5.66667],"texture":"#1"}}},{"from":[7.335,2.839,6.93315],"to":[9.465,10.019,9.06315],"rotation":{"angle":0,"axis":"y","origin":[8.4,8,8]},"faces":{"north":{"uv":[1.33333,7.33333,2,9.66667],"texture":"#1"},"east":{"uv":[7.33333,8,8,10.33333],"texture":"#1"},"south":{"uv":[2,8.33333,2.66667,10.66667],"texture":"#1"},"west":{"uv":[8.33333,2,9,4.33333],"texture":"#1"},"up":{"uv":[3.33333,12,2.66667,11.33333],"texture":"#1"},"down":{"uv":[4,11.33333,3.33333,12],"texture":"#1"}}},{"from":[7.085,9.839,6.68315],"to":[9.715,14.519,9.31315],"rotation":{"angle":0,"axis":"y","origin":[8.4,8,8]},"faces":{"north":{"uv":[4.33333,7.66667,5.33333,9.33333],"texture":"#1"},"east":{"uv":[5.33333,7.66667,6.33333,9.33333],"texture":"#1"},"south":{"uv":[6.33333,8,7.33333,9.66667],"texture":"#1"},"west":{"uv":[8,6.66667,9,8.33333],"texture":"#1"},"up":{"uv":[8,11.33333,7,10.33333],"texture":"#1"},"down":{"uv":[11.33333,7.66667,10.33333,8.66667],"texture":"#1"}}},{"from":[7.635,7.90621,-0.55818],"to":[9.765,19.23621,4.72182],"rotation":{"angle":0,"axis":"y","origin":[8.7,14.54527,1.28752]},"faces":{"north":{"uv":[2,4.66667,2.66667,8.33333],"texture":"#1"},"east":{"uv":[2.66667,0,4.33333,3.66667],"texture":"#1"},"south":{"uv":[6.33333,2,7,5.66667],"texture":"#1"},"west":{"uv":[2.66667,3.66667,4.33333,7.33333],"texture":"#1"},"up":{"uv":[9.33333,10,8.66667,8.33333],"texture":"#1"},"down":{"uv":[9.66667,0,9,1.66667],"texture":"#1"}}},{"from":[7.66,5.63961,1.09648],"to":[9.715,8.96961,5.95148],"rotation":{"angle":-22.5,"axis":"x","origin":[8.7,4.27866,2.94218]},"faces":{"north":{"uv":[0.66667,11.33333,1.33333,12.33333],"texture":"#1"},"east":{"uv":[7,4.66667,8.66667,5.66667],"texture":"#1"},"south":{"uv":[11.33333,2.33333,12,3.33333],"texture":"#1"},"west":{"uv":[2.66667,7.33333,4.33333,8.33333],"texture":"#1"},"up":{"uv":[1.33333,10.33333,0.66667,8.66667],"texture":"#1"},"down":{"uv":[9.33333,4.33333,8.66667,6],"texture":"#1"}}}],"gui_light":"front","display":{"thirdperson_righthand":{"translation":[0,3.75,1],"scale":[0.63,0.63,0.63]},"thirdperson_lefthand":{"translation":[0,3.75,1],"scale":[0.63,0.63,0.63]},"firstperson_righthand":{"translation":[4,1.5,-3.75],"scale":[0.8,0.8,0.8]},"firstperson_lefthand":{"rotation":[0,180,0],"translation":[5,2,-3.5],"scale":[0.74,0.74,0.74]},"ground":{"rotation":[180,0,119],"scale":[0.27,0.27,0.27]},"gui":{"rotation":[122,48,-95],"translation":[-0.5,0,0],"scale":[0.55,0.55,0.55]},"fixed":{"rotation":[0,-90,0],"translation":[0,1,-1.75],"scale":[0.56,0.56,0.56]}}}