{"credit":"MadewithBlockbench","texture_size":[80,80],"textures":{"2":"frog:frogtextures/bow1"},"elements":[{"from":[4.82105,13.72268,-6.44955],"to":[11.18265,17.69868,-0.08795],"rotation":{"angle":0,"axis":"y","origin":[8,3.60052,-2.33125]},"faces":{"north":{"uv":[5.2,9.2,6.4,10],"texture":"#2"},"east":{"uv":[6.4,9.2,7.6,10],"texture":"#2"},"south":{"uv":[7.6,9.2,8.8,10],"texture":"#2"},"west":{"uv":[8.8,9.2,10,10],"texture":"#2"},"up":{"uv":[4,10.4,2.8,9.2],"texture":"#2"},"down":{"uv":[5.2,9.2,4,10.4],"texture":"#2"}}},{"from":[4.32105,10.20439,-3.15166],"to":[11.68265,13.28039,4.45994],"rotation":{"angle":-22.5,"axis":"x","origin":[8,3.60052,-2.33125]},"faces":{"north":{"uv":[10,9.4,11.4,10],"texture":"#2"},"east":{"uv":[5.2,10,6.8,10.6],"texture":"#2"},"south":{"uv":[8.8,10.2,10.2,10.8],"texture":"#2"},"west":{"uv":[6.8,10,8.4,10.6],"texture":"#2"},"up":{"uv":[1.4,10.8,0,9.2],"texture":"#2"},"down":{"uv":[2.8,9.2,1.4,10.8],"texture":"#2"}}},{"from":[9.07105,16.72268,-4.44955],"to":[13.13265,20.69868,-2.08795],"rotation":{"angle":0,"axis":"y","origin":[8,3.60052,-2.33125]},"faces":{"north":{"uv":[3.6,10.4,4.4,11.2],"texture":"#2"},"east":{"uv":[12,11,12.4,11.8],"texture":"#2"},"south":{"uv":[4.4,10.4,5.2,11.2],"texture":"#2"},"west":{"uv":[11.4,12,11.8,12.8],"texture":"#2"},"up":{"uv":[12.6,12.4,11.8,12],"texture":"#2"},"down":{"uv":[2.6,12.2,1.8,12.6],"texture":"#2"}}},{"from":[2.86735,16.72268,-4.44955],"to":[6.92895,20.69868,-2.08795],"rotation":{"angle":0,"axis":"y","origin":[8,3.60052,-2.33125]},"faces":{"north":{"uv":[10.2,10.2,11,11],"texture":"#2"},"east":{"uv":[8,11.6,8.4,12.4],"texture":"#2"},"south":{"uv":[2.8,10.4,3.6,11.2],"texture":"#2"},"west":{"uv":[12,10.2,12.4,11],"texture":"#2"},"up":{"uv":[12.4,9.2,11.6,8.8],"texture":"#2"},"down":{"uv":[12.8,7.8,12,8.2],"texture":"#2"}}},{"from":[6.0425,8.57528,-3.7531],"to":[8.8825,11.41528,-0.9131],"rotation":{"angle":0,"axis":"y","origin":[8,22.60052,-2.33125]},"faces":{"north":{"uv":[11.4,9.4,12,10],"texture":"#2"},"east":{"uv":[11.4,10.2,12,10.8],"texture":"#2"},"south":{"uv":[11.4,10.8,12,11.4],"texture":"#2"},"west":{"uv":[11.4,11.4,12,12],"texture":"#2"},"up":{"uv":[5.6,12.2,5,11.6],"texture":"#2"},"down":{"uv":[6.2,11.6,5.6,12.2],"texture":"#2"}}},{"from":[6.0425,0.49484,-3.7531],"to":[8.8825,3.33484,-0.9131],"rotation":{"angle":0,"axis":"y","origin":[8,22.60052,-2.33125]},"faces":{"north":{"uv":[0.6,11.8,1.2,12.4],"texture":"#2"},"east":{"uv":[1.2,11.8,1.8,12.4],"texture":"#2"},"south":{"uv":[12,0,12.6,0.6],"texture":"#2"},"west":{"uv":[12,0.6,12.6,1.2],"texture":"#2"},"up":{"uv":[12.6,1.8,12,1.2],"texture":"#2"},"down":{"uv":[12.6,1.8,12,2.4],"texture":"#2"}}},{"from":[6.078,5.33773,12.08893],"to":[8.847,8.17773,14.92893],"rotation":{"angle":45,"axis":"x","origin":[8,22.60052,-2.33125]},"faces":{"north":{"uv":[12,2.4,12.6,3],"texture":"#2"},"east":{"uv":[12,3,12.6,3.6],"texture":"#2"},"south":{"uv":[12,3.6,12.6,4.2],"texture":"#2"},"west":{"uv":[12,4.2,12.6,4.8],"texture":"#2"},"up":{"uv":[12.6,5.4,12,4.8],"texture":"#2"},"down":{"uv":[12.6,5.4,12,6],"texture":"#2"}}},{"from":[6.0425,9.25369,8.17297],"to":[8.8825,12.09369,11.01297],"rotation":{"angle":45,"axis":"x","origin":[8,22.60052,-2.33125]},"faces":{"north":{"uv":[6.2,11.6,6.8,12.2],"texture":"#2"},"east":{"uv":[6.8,11.6,7.4,12.2],"texture":"#2"},"south":{"uv":[7.4,11.6,8,12.2],"texture":"#2"},"west":{"uv":[11.6,8.2,12.2,8.8],"texture":"#2"},"up":{"uv":[11.4,12.2,10.8,11.6],"texture":"#2"},"down":{"uv":[0.6,11.8,0,12.4],"texture":"#2"}}},{"from":[6.3975,2.89528,-3.3981],"to":[8.5275,8.57528,-1.2681],"rotation":{"angle":0,"axis":"y","origin":[8,22.60052,-2.33125]},"faces":{"north":{"uv":[2.6,11.2,3,12.4],"texture":"#2"},"east":{"uv":[3,11.2,3.4,12.4],"texture":"#2"},"south":{"uv":[3.4,11.2,3.8,12.4],"texture":"#2"},"west":{"uv":[3.8,11.2,4.2,12.4],"texture":"#2"},"up":{"uv":[7.6,12.6,7.2,12.2],"texture":"#2"},"down":{"uv":[8,12.2,7.6,12.6],"texture":"#2"}}},{"from":[6.3975,18.42052,-1.16328],"to":[8.5275,25.60052,0.96672],"rotation":{"angle":45,"axis":"x","origin":[7.4625,19.93236,1.70172]},"faces":{"north":{"uv":[1.8,10.8,2.2,12.2],"texture":"#2"},"east":{"uv":[2.2,10.8,2.6,12.2],"texture":"#2"},"south":{"uv":[8.8,10.8,9.2,12.2],"texture":"#2"},"west":{"uv":[9.2,10.8,9.6,12.2],"texture":"#2"},"up":{"uv":[12.6,8.6,12.2,8.2],"texture":"#2"},"down":{"uv":[9.2,12.2,8.8,12.6],"texture":"#2"}}},{"from":[6.6475,24.88286,4.66516],"to":[8.2775,26.26286,10.09516],"rotation":{"angle":-22.5,"axis":"x","origin":[7.4625,23.89786,6.177]},"faces":{"north":{"uv":[12.2,8.6,12.6,8.8],"texture":"#2"},"east":{"uv":[12,11.8,13,12],"texture":"#2"},"south":{"uv":[10.8,12.2,11.2,12.4],"texture":"#2"},"west":{"uv":[4.2,12.2,5.2,12.4],"texture":"#2"},"up":{"uv":[11.2,9.2,10.8,8.2],"texture":"#2"},"down":{"uv":[4.6,11.2,4.2,12.2],"texture":"#2"}}},{"from":[7.45,-12.08948,1.76383],"to":[7.45,29.29052,32],"rotation":{"angle":0,"axis":"y","origin":[8,8.60052,11.66875]},"faces":{"north":{"uv":[0,0,0,8.2],"texture":"#2"},"east":{"uv":[12,0,6,8.2],"texture":"#2"},"south":{"uv":[0,0,0,8.2],"texture":"#2"},"west":{"uv":[6,0,12,8.2],"texture":"#2"},"up":{"uv":[0,6,0,0],"texture":"#2"},"down":{"uv":[0,0,0,6],"texture":"#2"}}},{"from":[6.6475,-10.36181,5.16516],"to":[8.2775,-8.98181,10.59516],"rotation":{"angle":22.5,"axis":"x","origin":[7.4625,-6.69681,6.677]},"faces":{"north":{"uv":[0,12.4,0.4,12.6],"texture":"#2"},"east":{"uv":[5.2,12.2,6.2,12.4],"texture":"#2"},"south":{"uv":[0.4,12.4,0.8,12.6],"texture":"#2"},"west":{"uv":[6.2,12.2,7.2,12.4],"texture":"#2"},"up":{"uv":[5,12.2,4.6,11.2],"texture":"#2"},"down":{"uv":[11.6,8.2,11.2,9.2],"texture":"#2"}}},{"from":[6.1475,15.20736,-1.71328],"to":[8.7775,19.88736,0.91672],"rotation":{"angle":22.5,"axis":"x","origin":[7.4625,19.93236,1.70172]},"faces":{"north":{"uv":[5.2,10.6,5.8,11.6],"texture":"#2"},"east":{"uv":[5.8,10.6,6.4,11.6],"texture":"#2"},"south":{"uv":[6.4,10.6,7,11.6],"texture":"#2"},"west":{"uv":[7,10.6,7.6,11.6],"texture":"#2"},"up":{"uv":[12.6,6.6,12,6],"texture":"#2"},"down":{"uv":[12.6,6.6,12,7.2],"texture":"#2"}}},{"from":[6.1475,-3.88632,-1.31328],"to":[8.7775,0.79368,1.31672],"rotation":{"angle":-22.5,"axis":"x","origin":[7.4625,-3.93132,2.10172]},"faces":{"north":{"uv":[7.6,10.6,8.2,11.6],"texture":"#2"},"east":{"uv":[0,10.8,0.6,11.8],"texture":"#2"},"south":{"uv":[0.6,10.8,1.2,11.8],"texture":"#2"},"west":{"uv":[1.2,10.8,1.8,11.8],"texture":"#2"},"up":{"uv":[12.6,7.8,12,7.2],"texture":"#2"},"down":{"uv":[12.6,9.4,12,10],"texture":"#2"}}},{"from":[6.3975,-9.59948,-0.76328],"to":[8.5275,-2.41948,1.36672],"rotation":{"angle":-45,"axis":"x","origin":[7.4625,-3.93132,2.10172]},"faces":{"north":{"uv":[9.6,10.8,10,12.2],"texture":"#2"},"east":{"uv":[10,11,10.4,12.4],"texture":"#2"},"south":{"uv":[11,10.2,11.4,11.6],"texture":"#2"},"west":{"uv":[10.4,11,10.8,12.4],"texture":"#2"},"up":{"uv":[9.6,12.6,9.2,12.2],"texture":"#2"},"down":{"uv":[10,12.2,9.6,12.6],"texture":"#2"}}}],"gui_light":"front","display":{"thirdperson_righthand":{"translation":[0,-2,7.5],"scale":[0.63,0.63,0.63]},"thirdperson_lefthand":{"translation":[0,-2,7.5],"scale":[0.63,0.63,0.63]},"firstperson_righthand":{"translation":[6,1.5,-0.75]},"firstperson_lefthand":{"translation":[6,1.5,-0.75]},"ground":{"rotation":[0,0,44],"scale":[0.24,0.24,0.24]},"gui":{"rotation":[-59,133,84],"translation":[0.5,-0.75,-2.75],"scale":[0.5,0.5,0.5]},"head":{"scale":[0,0,0]},"fixed":{"rotation":[82.39,-52.06,84],"translation":[0,0,-2.75],"scale":[0.5,0.5,0.5]}}}