{"credit":"MadewithBlockbench","texture_size":[80,80],"textures":{"2":"frog:frogtextures/chest"},"elements":[{"from":[4.82105,19.58086,0.39949],"to":[11.18265,23.55686,6.76109],"rotation":{"angle":0,"axis":"y","origin":[8,21.4,3.6]},"faces":{"north":{"uv":[11.8,6.4,13,7.2],"texture":"#2"},"east":{"uv":[11.8,7.2,13,8],"texture":"#2"},"south":{"uv":[11.8,8,13,8.8],"texture":"#2"},"west":{"uv":[11.8,8.8,13,9.6],"texture":"#2"},"up":{"uv":[12.2,1.2,11,0],"texture":"#2"},"down":{"uv":[12.2,1.2,11,2.4],"texture":"#2"}}},{"from":[4.32105,16.92681,-1.40026],"to":[11.68265,20.00281,6.21134],"rotation":{"angle":-22.5,"axis":"x","origin":[8,21.4,3.6]},"faces":{"north":{"uv":[12,4.2,13.4,4.8],"texture":"#2"},"east":{"uv":[0,12,1.6,12.6],"texture":"#2"},"south":{"uv":[12,9.6,13.4,10.2],"texture":"#2"},"west":{"uv":[12,2.4,13.6,3],"texture":"#2"},"up":{"uv":[7,12.2,5.6,10.6],"texture":"#2"},"down":{"uv":[8.4,10.6,7,12.2],"texture":"#2"}}},{"from":[9.07105,22.58086,2.39949],"to":[13.13265,26.55686,4.76109],"rotation":{"angle":0,"axis":"y","origin":[8,21.4,3.6]},"faces":{"north":{"uv":[6.8,8.8,7.6,9.6],"texture":"#2"},"east":{"uv":[7.2,6,7.6,6.8],"texture":"#2"},"south":{"uv":[12.2,0,13,0.8],"texture":"#2"},"west":{"uv":[3.4,7.6,3.8,8.4],"texture":"#2"},"up":{"uv":[12.8,5.2,12,4.8],"texture":"#2"},"down":{"uv":[3.2,12.4,2.4,12.8],"texture":"#2"}}},{"from":[2.86735,22.58086,2.39949],"to":[6.92895,26.55686,4.76109],"rotation":{"angle":0,"axis":"y","origin":[8,21.4,3.6]},"faces":{"north":{"uv":[12.2,0.8,13,1.6],"texture":"#2"},"east":{"uv":[8,12.2,8.4,13],"texture":"#2"},"south":{"uv":[12.2,1.6,13,2.4],"texture":"#2"},"west":{"uv":[3.2,12.4,3.6,13.2],"texture":"#2"},"up":{"uv":[4.4,12.8,3.6,12.4],"texture":"#2"},"down":{"uv":[5.2,12.4,4.4,12.8],"texture":"#2"}}},{"from":[-1.36,7.64,0.04],"to":[17.36,17.36,18.76],"rotation":{"angle":22.5,"axis":"x","origin":[8,8,8]},"faces":{"north":{"uv":[3.8,6.8,7.6,8.8],"texture":"#2"},"east":{"uv":[7.2,0,11,2],"texture":"#2"},"south":{"uv":[7.2,2,11,4],"texture":"#2"},"west":{"uv":[7.2,4,11,6],"texture":"#2"},"up":{"uv":[3.8,3.8,0,0],"texture":"#2"},"down":{"uv":[3.8,3.8,0,7.6],"texture":"#2"}}},{"from":[5.64,7.35705,-0.41954],"to":[10.36,14.07705,3.30046],"rotation":{"angle":22.5,"axis":"x","origin":[8,10.71705,1.44046]},"faces":{"north":{"uv":[11,2.4,12,3.8],"texture":"#2"},"east":{"uv":[11,8,11.8,9.4],"texture":"#2"},"south":{"uv":[11,3.8,12,5.2],"texture":"#2"},"west":{"uv":[11.2,10.6,12,12],"texture":"#2"},"up":{"uv":[12.2,12.8,11.2,12],"texture":"#2"},"down":{"uv":[13,11.2,12,12],"texture":"#2"}}},{"from":[-0.36,-1.10131,1.14715],"to":[16.36,7.61869,17.86715],"rotation":{"angle":22.5,"axis":"x","origin":[8,8.25869,8.10715]},"faces":{"north":{"uv":[0,7.6,3.4,9.4],"texture":"#2"},"east":{"uv":[7.6,6,11,7.8],"texture":"#2"},"south":{"uv":[7.6,7.8,11,9.6],"texture":"#2"},"west":{"uv":[3.4,8.8,6.8,10.6],"texture":"#2"},"up":{"uv":[7.2,3.4,3.8,0],"texture":"#2"},"down":{"uv":[7.2,3.4,3.8,6.8],"texture":"#2"}}},{"from":[14.91,-7.42949,8.4157],"to":[21.73,-4.70949,17.3857],"rotation":{"angle":0,"axis":"y","origin":[12.02,-1.56949,15.6257]},"faces":{"north":{"uv":[12,3,13.4,3.6],"texture":"#2"},"east":{"uv":[11.8,5.2,13.6,5.8],"texture":"#2"},"south":{"uv":[12,3.6,13.4,4.2],"texture":"#2"},"west":{"uv":[11.8,5.8,13.6,6.4],"texture":"#2"},"up":{"uv":[4.2,12.4,2.8,10.6],"texture":"#2"},"down":{"uv":[5.6,10.6,4.2,12.4],"texture":"#2"}}},{"from":[16.91,-5.71489,11.88117],"to":[19.73,-0.99489,15.85117],"rotation":{"angle":-22.5,"axis":"x","origin":[12.02,-1.35489,14.09117]},"faces":{"north":{"uv":[6.2,12.2,6.8,13.2],"texture":"#2"},"east":{"uv":[1.6,12,2.4,13],"texture":"#2"},"south":{"uv":[6.8,12.2,7.4,13.2],"texture":"#2"},"west":{"uv":[12,10.2,12.8,11.2],"texture":"#2"},"up":{"uv":[8,13,7.4,12.2],"texture":"#2"},"down":{"uv":[12.8,12,12.2,12.8],"texture":"#2"}}},{"from":[16.66,0.02457,3.39736],"to":[19.98,4.74457,16.11736],"rotation":{"angle":22.5,"axis":"x","origin":[12.02,2.48457,3.75736]},"faces":{"north":{"uv":[2.8,9.4,3.4,10.4],"texture":"#2"},"east":{"uv":[6.8,9.6,9.4,10.6],"texture":"#2"},"south":{"uv":[5.6,12.2,6.2,13.2],"texture":"#2"},"west":{"uv":[9.4,9.6,12,10.6],"texture":"#2"},"up":{"uv":[10.6,13.2,10,10.6],"texture":"#2"},"down":{"uv":[11.2,10.6,10.6,13.2],"texture":"#2"}}},{"from":[16.46,-1.36,5.54],"to":[20.78,11.36,12.26],"rotation":{"angle":45,"axis":"x","origin":[11.82,8,8]},"faces":{"north":{"uv":[8.4,10.6,9.2,13.2],"texture":"#2"},"east":{"uv":[0,9.4,1.4,12],"texture":"#2"},"south":{"uv":[9.2,10.6,10,13.2],"texture":"#2"},"west":{"uv":[1.4,9.4,2.8,12],"texture":"#2"},"up":{"uv":[11.8,6.6,11,5.2],"texture":"#2"},"down":{"uv":[11.8,6.6,11,8],"texture":"#2"}}},{"from":[-4.78,-1.36,5.54],"to":[-0.46,11.36,12.26],"rotation":{"angle":45,"axis":"x","origin":[4.18,8,8]},"faces":{"north":{"uv":[9.2,10.6,8.4,13.2],"texture":"#2"},"east":{"uv":[2.8,9.4,1.4,12],"texture":"#2"},"south":{"uv":[10,10.6,9.2,13.2],"texture":"#2"},"west":{"uv":[1.4,9.4,0,12],"texture":"#2"},"up":{"uv":[11,6.6,11.8,5.2],"texture":"#2"},"down":{"uv":[11,6.6,11.8,8],"texture":"#2"}}},{"from":[-3.98,0.02457,3.39736],"to":[-0.66,4.74457,16.11736],"rotation":{"angle":22.5,"axis":"x","origin":[3.98,2.48457,3.75736]},"faces":{"north":{"uv":[3.4,9.4,2.8,10.4],"texture":"#2"},"east":{"uv":[12,9.6,9.4,10.6],"texture":"#2"},"south":{"uv":[6.2,12.2,5.6,13.2],"texture":"#2"},"west":{"uv":[9.4,9.6,6.8,10.6],"texture":"#2"},"up":{"uv":[10,13.2,10.6,10.6],"texture":"#2"},"down":{"uv":[10.6,10.6,11.2,13.2],"texture":"#2"}}},{"from":[-3.73,-5.71489,11.88117],"to":[-0.91,-0.99489,15.85117],"rotation":{"angle":-22.5,"axis":"x","origin":[3.98,-1.35489,14.09117]},"faces":{"north":{"uv":[6.8,12.2,6.2,13.2],"texture":"#2"},"east":{"uv":[12.8,10.2,12,11.2],"texture":"#2"},"south":{"uv":[7.4,12.2,6.8,13.2],"texture":"#2"},"west":{"uv":[2.4,12,1.6,13],"texture":"#2"},"up":{"uv":[7.4,13,8,12.2],"texture":"#2"},"down":{"uv":[12.2,12,12.8,12.8],"texture":"#2"}}},{"from":[-5.73,-7.42949,8.4157],"to":[1.09,-4.70949,17.3857],"rotation":{"angle":0,"axis":"y","origin":[3.98,-1.56949,15.6257]},"faces":{"north":{"uv":[13.4,3,12,3.6],"texture":"#2"},"east":{"uv":[13.6,5.8,11.8,6.4],"texture":"#2"},"south":{"uv":[13.4,3.6,12,4.2],"texture":"#2"},"west":{"uv":[13.6,5.2,11.8,5.8],"texture":"#2"},"up":{"uv":[2.8,12.4,4.2,10.6],"texture":"#2"},"down":{"uv":[4.2,10.6,5.6,12.4],"texture":"#2"}}}],"gui_light":"front","display":{"thirdperson_righthand":{"translation":[0,0.25,0],"scale":[0.25,0.25,0.25]},"thirdperson_lefthand":{"translation":[0,0.25,0],"scale":[0.25,0.25,0.25]},"firstperson_righthand":{"translation":[1.25,1.25,0],"scale":[0.46,0.46,0.46]},"firstperson_lefthand":{"translation":[1.25,1.25,0],"scale":[0.46,0.46,0.46]},"ground":{"scale":[0.26,0.26,0.26]},"gui":{"rotation":[14,137,0],"translation":[-0.5,0,0],"scale":[0.45,0.45,0.45]},"fixed":{"rotation":[-90,0,0],"translation":[0,-1,-19.75],"scale":[1.37,1.37,1.37]}}}