{"credit":"MadewithBlockbench","texture_size":[96,96],"textures":{"1":"frog:frogtextures/crossbow1","particle":"frog:frogtextures/crossbow1"},"elements":[{"from":[4.81735,8.02268,-6.44955],"to":[11.17895,11.99868,-0.08795],"rotation":{"angle":0,"axis":"y","origin":[8,2.3,6.80658]},"faces":{"north":{"uv":[9.5,2.33333,10.5,3],"texture":"#1"},"east":{"uv":[9.5,3,10.5,3.66667],"texture":"#1"},"south":{"uv":[9.5,3.66667,10.5,4.33333],"texture":"#1"},"west":{"uv":[9.5,4.33333,10.5,5],"texture":"#1"},"up":{"uv":[9.33333,8.33333,8.33333,7.33333],"texture":"#1"},"down":{"uv":[9.33333,8.33333,8.33333,9.33333],"texture":"#1"}}},{"from":[4.31735,8.33618,-4.13969],"to":[11.67895,11.41218,3.47191],"rotation":{"angle":-22.5,"axis":"x","origin":[8,2.3,6.80658]},"faces":{"north":{"uv":[9.5,6.33333,10.66667,6.83333],"texture":"#1"},"east":{"uv":[9.5,5,10.83333,5.5],"texture":"#1"},"south":{"uv":[9.5,6.83333,10.66667,7.33333],"texture":"#1"},"west":{"uv":[9.5,5.5,10.83333,6],"texture":"#1"},"up":{"uv":[9.5,3.66667,8.33333,2.33333],"texture":"#1"},"down":{"uv":[9.5,3.66667,8.33333,5],"texture":"#1"}}},{"from":[5.56735,4.63618,-4.13969],"to":[10.42895,7.71218,22.47191],"rotation":{"angle":0,"axis":"y","origin":[8,2.3,6.80658]},"faces":{"north":{"uv":[10,8.33333,10.83333,8.83333],"texture":"#1"},"east":{"uv":[8.33333,1.33333,12.83333,1.83333],"texture":"#1"},"south":{"uv":[10,8.83333,10.83333,9.33333],"texture":"#1"},"west":{"uv":[8.33333,1.83333,12.83333,2.33333],"texture":"#1"},"up":{"uv":[7.66667,4.5,6.83333,0],"texture":"#1"},"down":{"uv":[7.66667,4.5,6.83333,9],"texture":"#1"}}},{"from":[5.81735,-0.11416,16.91081],"to":[10.17895,6.99744,23.43681],"rotation":{"angle":-22.5,"axis":"x","origin":[7.99815,1.69164,20.84881]},"faces":{"north":{"uv":[6.83333,9,7.5,10.16667],"texture":"#1"},"east":{"uv":[8.33333,5,9.5,6.16667],"texture":"#1"},"south":{"uv":[9.33333,7.33333,10,8.5],"texture":"#1"},"west":{"uv":[8.33333,6.16667,9.5,7.33333],"texture":"#1"},"up":{"uv":[9,10.5,8.33333,9.33333],"texture":"#1"},"down":{"uv":[10,8.5,9.33333,9.66667],"texture":"#1"}}},{"from":[2.86735,11.02268,-4.44955],"to":[6.92895,14.99868,-2.08795],"rotation":{"angle":0,"axis":"y","origin":[8,2.3,6.80658]},"faces":{"north":{"uv":[0,10,0.66667,10.66667],"texture":"#1"},"east":{"uv":[5.5,11,5.83333,11.66667],"texture":"#1"},"south":{"uv":[0.66667,10,1.33333,10.66667],"texture":"#1"},"west":{"uv":[5.83333,11,6.16667,11.66667],"texture":"#1"},"up":{"uv":[6.83333,11.33333,6.16667,11],"texture":"#1"},"down":{"uv":[7.5,11,6.83333,11.33333],"texture":"#1"}}},{"from":[9.07105,11.02268,-4.44955],"to":[13.13265,14.99868,-2.08795],"rotation":{"angle":0,"axis":"y","origin":[8,2.3,6.80658]},"faces":{"north":{"uv":[9.16667,9.66667,9.83333,10.33333],"texture":"#1"},"east":{"uv":[8.66667,10.5,9,11.16667],"texture":"#1"},"south":{"uv":[9.83333,9.66667,10.5,10.33333],"texture":"#1"},"west":{"uv":[10.83333,7.83333,11.16667,8.5],"texture":"#1"},"up":{"uv":[11.5,8.83333,10.83333,8.5],"texture":"#1"},"down":{"uv":[11.5,8.83333,10.83333,9.16667],"texture":"#1"}}},{"from":[10.46516,6.0425,-3.7531],"to":[13.30516,8.8825,-0.9131],"rotation":{"angle":0,"axis":"y","origin":[5.8,8,6.80658]},"faces":{"north":{"uv":[7.66667,10.33333,8.16667,10.83333],"texture":"#1"},"east":{"uv":[5.5,10.5,6,11],"texture":"#1"},"south":{"uv":[6,10.5,6.5,11],"texture":"#1"},"west":{"uv":[6.5,10.5,7,11],"texture":"#1"},"up":{"uv":[7.5,11,7,10.5],"texture":"#1"},"down":{"uv":[7.5,10.5,7,11],"texture":"#1"}}},{"from":[15.96009,6.078,4.44121],"to":[18.80009,8.847,7.28121],"rotation":{"angle":45,"axis":"y","origin":[5.4,8,6.80658]},"faces":{"north":{"uv":[10.5,9.66667,11,10.16667],"texture":"#1"},"east":{"uv":[0,10.66667,0.5,11.16667],"texture":"#1"},"south":{"uv":[0.5,10.66667,1,11.16667],"texture":"#1"},"west":{"uv":[10.66667,6.33333,11.16667,6.83333],"texture":"#1"},"up":{"uv":[11.16667,7.33333,10.66667,6.83333],"texture":"#1"},"down":{"uv":[11.16667,6.83333,10.66667,7.33333],"texture":"#1"}}},{"from":[5.22472,6.3975,-3.3981],"to":[10.90472,8.5275,-1.2681],"rotation":{"angle":0,"axis":"y","origin":[5.8,8,6.80658]},"faces":{"north":{"uv":[10.5,3,11.5,3.33333],"texture":"#1"},"east":{"uv":[11,9.66667,11.33333,10],"texture":"#1"},"south":{"uv":[10.5,3.33333,11.5,3.66667],"texture":"#1"},"west":{"uv":[11,10,11.33333,10.33333],"texture":"#1"},"up":{"uv":[4.66667,10.83333,3.66667,10.5],"texture":"#1"},"down":{"uv":[11.5,3.66667,10.5,4],"texture":"#1"}}},{"from":[-13.29052,7.45,1.76383],"to":[28.08948,7.45,32],"rotation":{"angle":0,"axis":"y","origin":[8,8,6.80658]},"faces":{"north":{"uv":[0,0,6.83333,0],"texture":"#1"},"east":{"uv":[0,0,5,0],"texture":"#1"},"south":{"uv":[0,0,6.83333,0],"texture":"#1"},"west":{"uv":[0,0,5,0],"texture":"#1"},"up":{"uv":[6.83333,5,0,0],"texture":"#1"},"down":{"uv":[6.83333,0,0,5],"texture":"#1"}}},{"from":[21.31267,6.6475,10.79925],"to":[22.69267,8.2775,16.22925],"rotation":{"angle":22.5,"axis":"y","origin":[5.4,8,6.80658]},"faces":{"north":{"uv":[9.16667,9.33333,9.33333,9.66667],"texture":"#1"},"east":{"uv":[8.32167,11.83417,8.16667,11],"rotation":90,"texture":"#1"},"south":{"uv":[0.83333,11.16667,1,11.5],"texture":"#1"},"west":{"uv":[10.5,4.33333,11.33333,4.66667],"texture":"#1"},"up":{"uv":[8.33333,11.83333,8.16667,11],"texture":"#1"},"down":{"uv":[8.33333,11,8.16667,11.83333],"texture":"#1"}}},{"from":[9.89763,6.1475,-5.52106],"to":[14.57763,8.7775,-2.89106],"rotation":{"angle":-22.5,"axis":"y","origin":[5.4,8,6.80658]},"faces":{"north":{"uv":[1.33333,10,2.16667,10.5],"texture":"#1"},"east":{"uv":[9.66667,10.66667,10.16667,11.16667],"texture":"#1"},"south":{"uv":[2.16667,10,3,10.5],"texture":"#1"},"west":{"uv":[10.16667,10.66667,10.66667,11.16667],"texture":"#1"},"up":{"uv":[3.83333,10.5,3,10],"texture":"#1"},"down":{"uv":[3.83333,10,3,10.5],"texture":"#1"}}},{"from":[8.99804,6.3975,-7.82197],"to":[16.17804,8.5275,-5.69197],"rotation":{"angle":-45,"axis":"y","origin":[5.4,8,6.80658]},"faces":{"north":{"uv":[10,9.33333,11.16667,9.66667],"texture":"#1"},"east":{"uv":[0.16667,11.16667,0.5,11.5],"texture":"#1"},"south":{"uv":[6.33333,10.16667,7.5,10.5],"texture":"#1"},"west":{"uv":[0.5,11.16667,0.83333,11.5],"texture":"#1"},"up":{"uv":[10.33333,10.66667,9.16667,10.33333],"texture":"#1"},"down":{"uv":[10.33333,10.33333,9.16667,10.66667],"texture":"#1"}}},{"from":[-2.80009,6.078,4.44121],"to":[0.03991,8.847,7.28121],"rotation":{"angle":-45,"axis":"y","origin":[10.6,8,6.80658]},"faces":{"north":{"uv":[11,9.66667,10.5,10.16667],"texture":"#1"},"east":{"uv":[11.16667,6.33333,10.66667,6.83333],"texture":"#1"},"south":{"uv":[1,10.66667,0.5,11.16667],"texture":"#1"},"west":{"uv":[0.5,10.66667,0,11.16667],"texture":"#1"},"up":{"uv":[10.66667,7.33333,11.16667,6.83333],"texture":"#1"},"down":{"uv":[10.66667,6.83333,11.16667,7.33333],"texture":"#1"}}},{"from":[-0.17804,6.3975,-7.82197],"to":[7.00196,8.5275,-5.69197],"rotation":{"angle":45,"axis":"y","origin":[10.6,8,6.80658]},"faces":{"north":{"uv":[11.16667,9.33333,10,9.66667],"texture":"#1"},"east":{"uv":[0.83333,11.16667,0.5,11.5],"texture":"#1"},"south":{"uv":[7.5,10.16667,6.33333,10.5],"texture":"#1"},"west":{"uv":[0.5,11.16667,0.16667,11.5],"texture":"#1"},"up":{"uv":[9.16667,10.66667,10.33333,10.33333],"texture":"#1"},"down":{"uv":[9.16667,10.33333,10.33333,10.66667],"texture":"#1"}}},{"from":[1.42237,6.1475,-5.52106],"to":[6.10237,8.7775,-2.89106],"rotation":{"angle":22.5,"axis":"y","origin":[10.6,8,6.80658]},"faces":{"north":{"uv":[2.16667,10,1.33333,10.5],"texture":"#1"},"east":{"uv":[10.66667,10.66667,10.16667,11.16667],"texture":"#1"},"south":{"uv":[3,10,2.16667,10.5],"texture":"#1"},"west":{"uv":[10.16667,10.66667,9.66667,11.16667],"texture":"#1"},"up":{"uv":[3,10.5,3.83333,10],"texture":"#1"},"down":{"uv":[3,10,3.83333,10.5],"texture":"#1"}}},{"from":[-6.69267,6.6475,10.79925],"to":[-5.31267,8.2775,16.22925],"rotation":{"angle":-22.5,"axis":"y","origin":[10.6,8,6.80658]},"faces":{"north":{"uv":[9.33333,9.33333,9.16667,9.66667],"texture":"#1"},"east":{"uv":[11.33333,4.33333,10.5,4.66667],"texture":"#1"},"south":{"uv":[1,11.16667,0.83333,11.5],"texture":"#1"},"west":{"uv":[8.32167,11,8.16667,11.83417],"rotation":90,"texture":"#1"},"up":{"uv":[8.16667,11.83333,8.33333,11],"texture":"#1"},"down":{"uv":[8.16667,11,8.33333,11.83333],"texture":"#1"}}},{"from":[2.69484,6.0425,-3.7531],"to":[5.53484,8.8825,-0.9131],"rotation":{"angle":0,"axis":"y","origin":[10.2,8,6.80658]},"faces":{"north":{"uv":[8.16667,10.33333,7.66667,10.83333],"texture":"#1"},"east":{"uv":[7,10.5,6.5,11],"texture":"#1"},"south":{"uv":[6.5,10.5,6,11],"texture":"#1"},"west":{"uv":[6,10.5,5.5,11],"texture":"#1"},"up":{"uv":[7,11,7.5,10.5],"texture":"#1"},"down":{"uv":[7,10.5,7.5,11],"texture":"#1"}}},{"from":[2.69484,6.0425,-3.7531],"to":[5.53484,8.8825,-0.9131],"rotation":{"angle":0,"axis":"y","origin":[10.2,8,6.80658]},"faces":{"north":{"uv":[10.66667,10.66667,11.16667,11.16667],"texture":"#1"},"east":{"uv":[1,10.83333,1.5,11.33333],"texture":"#1"},"south":{"uv":[1.5,10.83333,2,11.33333],"texture":"#1"},"west":{"uv":[2,10.83333,2.5,11.33333],"texture":"#1"},"up":{"uv":[3,11.33333,2.5,10.83333],"texture":"#1"},"down":{"uv":[3.5,10.83333,3,11.33333],"texture":"#1"}}}],"gui_light":"front","display":{"thirdperson_righthand":{"translation":[0,1.75,1.5],"scale":[0.63,0.63,0.63]},"thirdperson_lefthand":{"translation":[0,1.75,1.5],"scale":[0.63,0.63,0.63]},"firstperson_righthand":{"translation":[3.5,1.75,-0.25],"scale":[0.8,0.8,0.8]},"firstperson_lefthand":{"translation":[3.5,1.75,-0.25],"scale":[0.8,0.8,0.8]},"ground":{"rotation":[20,0,0],"translation":[0,-0.75,0],"scale":[0.27,0.27,0.27]},"gui":{"rotation":[54.05,38.92,-20.47],"translation":[0.25,0.5,-3.75],"scale":[0.52,0.52,0.52]},"head":{"scale":[0,0,0]},"fixed":{"rotation":[-76,180,0],"translation":[0,0,-3.75],"scale":[0.64,0.64,0.64]}}}