{"credit":"MadewithBlockbench","texture_size":[64,64],"textures":{"2":"frog:frogtextures/1"},"elements":[{"from":[4.82105,5.38086,4.79949],"to":[11.18265,9.35686,11.16109],"rotation":{"angle":0,"axis":"y","origin":[8,7.2,8]},"faces":{"north":{"uv":[9,1.75,10.5,2.75],"texture":"#2"},"east":{"uv":[9,2.75,10.5,3.75],"texture":"#2"},"south":{"uv":[9,3.75,10.5,4.75],"texture":"#2"},"west":{"uv":[9,4.75,10.5,5.75],"texture":"#2"},"up":{"uv":[5,9.5,3.5,8],"texture":"#2"},"down":{"uv":[6.5,8,5,9.5],"texture":"#2"}}},{"from":[4.32105,2.72681,2.99974],"to":[11.68265,5.80281,10.61134],"rotation":{"angle":-22.5,"axis":"x","origin":[8,7.2,8]},"faces":{"north":{"uv":[9,7.25,10.75,8],"texture":"#2"},"east":{"uv":[9,5.75,11,6.5],"texture":"#2"},"south":{"uv":[3.5,9.5,5.25,10.25],"texture":"#2"},"west":{"uv":[9,6.5,11,7.25],"texture":"#2"},"up":{"uv":[1.75,10,0,8],"texture":"#2"},"down":{"uv":[3.5,8,1.75,10],"texture":"#2"}}},{"from":[9.07105,8.38086,6.79949],"to":[13.13265,12.35686,9.16109],"rotation":{"angle":0,"axis":"y","origin":[8,7.2,8]},"faces":{"north":{"uv":[2.25,10,3.25,11],"texture":"#2"},"east":{"uv":[11.75,11,12.25,12],"texture":"#2"},"south":{"uv":[3.25,10.25,4.25,11.25],"texture":"#2"},"west":{"uv":[12,0,12.5,1],"texture":"#2"},"up":{"uv":[13,1.5,12,1],"texture":"#2"},"down":{"uv":[3.75,12,2.75,12.5],"texture":"#2"}}},{"from":[2.86735,8.38086,6.79949],"to":[6.92895,12.35686,9.16109],"rotation":{"angle":0,"axis":"y","origin":[8,7.2,8]},"faces":{"north":{"uv":[4.25,10.25,5.25,11.25],"texture":"#2"},"east":{"uv":[3.75,12,4.25,13],"texture":"#2"},"south":{"uv":[10.25,8,11.25,9],"texture":"#2"},"west":{"uv":[4.25,12,4.75,13],"texture":"#2"},"up":{"uv":[5.75,12.5,4.75,12],"texture":"#2"},"down":{"uv":[13,7.75,12,8.25],"texture":"#2"}}},{"from":[6.98,0.119,6.57815],"to":[9.82,2.959,9.41815],"rotation":{"angle":0,"axis":"y","origin":[8.4,8,8]},"faces":{"north":{"uv":[11,6.25,11.75,7],"texture":"#2"},"east":{"uv":[11,9,11.75,9.75],"texture":"#2"},"south":{"uv":[11,9.75,11.75,10.5],"texture":"#2"},"west":{"uv":[11,10.5,11.75,11.25],"texture":"#2"},"up":{"uv":[12,0.75,11.25,0],"texture":"#2"},"down":{"uv":[12,0.75,11.25,1.5],"texture":"#2"}}},{"from":[6.98,-8.401,6.57815],"to":[9.82,-5.561,9.41815],"rotation":{"angle":0,"axis":"y","origin":[8.4,8,8]},"faces":{"north":{"uv":[0,11.5,0.75,12.25],"texture":"#2"},"east":{"uv":[0.75,11.5,1.5,12.25],"texture":"#2"},"south":{"uv":[1.5,11.5,2.25,12.25],"texture":"#2"},"west":{"uv":[11.5,1.5,12.25,2.25],"texture":"#2"},"up":{"uv":[12.25,3,11.5,2.25],"texture":"#2"},"down":{"uv":[12.25,3,11.5,3.75],"texture":"#2"}}},{"from":[7.0155,-4.91816,18.07554],"to":[9.7845,-2.07816,20.91554],"rotation":{"angle":45,"axis":"x","origin":[8.4,8,8]},"faces":{"north":{"uv":[11.5,3.75,12.25,4.5],"texture":"#2"},"east":{"uv":[11.5,4.5,12.25,5.25],"texture":"#2"},"south":{"uv":[5.75,11.5,6.5,12.25],"texture":"#2"},"west":{"uv":[6.5,11.5,7.25,12.25],"texture":"#2"},"up":{"uv":[12.25,7.75,11.5,7],"texture":"#2"},"down":{"uv":[8,11.5,7.25,12.25],"texture":"#2"}}},{"from":[6.98,-0.99959,-1.0022],"to":[9.82,1.84041,1.8378],"rotation":{"angle":-45,"axis":"x","origin":[8.4,8,8]},"faces":{"north":{"uv":[2.75,11.25,3.5,12],"texture":"#2"},"east":{"uv":[3.5,11.25,4.25,12],"texture":"#2"},"south":{"uv":[4.25,11.25,5,12],"texture":"#2"},"west":{"uv":[5,11.25,5.75,12],"texture":"#2"},"up":{"uv":[12,8.75,11.25,8],"texture":"#2"},"down":{"uv":[11.75,11.25,11,12],"texture":"#2"}}},{"from":[7.335,-5.561,6.93315],"to":[9.465,0.119,9.06315],"rotation":{"angle":0,"axis":"y","origin":[8.4,8,8]},"faces":{"north":{"uv":[10.5,9,11,10.5],"texture":"#2"},"east":{"uv":[10.5,10.5,11,12],"texture":"#2"},"south":{"uv":[10.75,0,11.25,1.5],"texture":"#2"},"west":{"uv":[2.25,11,2.75,12.5],"texture":"#2"},"up":{"uv":[12.5,8.75,12,8.25],"texture":"#2"},"down":{"uv":[10.75,12,10.25,12.5],"texture":"#2"}}},{"from":[6.185,8.91,7.385],"to":[9.815,16.09,10.965],"rotation":{"angle":0,"axis":"y","origin":[8,8,8]},"faces":{"north":{"uv":[6.5,8,7.5,9.75],"texture":"#2"},"east":{"uv":[7.5,8,8.5,9.75],"texture":"#2"},"south":{"uv":[8.5,8,9.5,9.75],"texture":"#2"},"west":{"uv":[9,0,10,1.75],"texture":"#2"},"up":{"uv":[11.5,2.5,10.5,1.5],"texture":"#2"},"down":{"uv":[11.5,2.5,10.5,3.5],"texture":"#2"}}},{"from":[6.5843,9.6998,-2.2212],"to":[9.4157,15.3002,0.5712],"rotation":{"angle":0,"axis":"y","origin":[8,8.99,6.0585]},"faces":{"north":{"uv":[0,10,0.75,11.5],"texture":"#2"},"east":{"uv":[10,0,10.75,1.5],"texture":"#2"},"south":{"uv":[0.75,10,1.5,11.5],"texture":"#2"},"west":{"uv":[1.5,10,2.25,11.5],"texture":"#2"},"up":{"uv":[11.5,8,10.75,7.25],"texture":"#2"},"down":{"uv":[11.75,5.5,11,6.25],"texture":"#2"}}},{"from":[6.185,16.089,3.805],"to":[9.815,16.089,7.385],"rotation":{"angle":0,"axis":"y","origin":[8,7.999,8.42]},"faces":{"north":{"uv":[0,0,1,0],"texture":"#2"},"east":{"uv":[0,0,1,0],"texture":"#2"},"south":{"uv":[0,0,1,0],"texture":"#2"},"west":{"uv":[0,0,1,0],"texture":"#2"},"up":{"uv":[11.5,4.5,10.5,3.5],"texture":"#2"},"down":{"uv":[11.5,4.5,10.5,5.5],"texture":"#2"}}},{"from":[6.435,15.02461,8.20894],"to":[9.565,22.20461,11.28894],"rotation":{"angle":-22.5,"axis":"x","origin":[8,14.11461,8.57394]},"faces":{"north":{"uv":[5.25,9.5,6,11.25],"texture":"#2"},"east":{"uv":[9.5,8,10.25,9.75],"texture":"#2"},"south":{"uv":[6,9.75,6.75,11.5],"texture":"#2"},"west":{"uv":[6.75,9.75,7.5,11.5],"texture":"#2"},"up":{"uv":[8.75,12.25,8,11.5],"texture":"#2"},"down":{"uv":[9.5,11.5,8.75,12.25],"texture":"#2"}}},{"from":[6.435,22.55668,5.05891],"to":[9.565,22.55668,8.13891],"rotation":{"angle":-22.5,"axis":"x","origin":[8,14.46668,9.42391]},"faces":{"north":{"uv":[0,0,0.75,0],"texture":"#2"},"east":{"uv":[0,0,0.75,0],"texture":"#2"},"south":{"uv":[0,0,0.75,0],"texture":"#2"},"west":{"uv":[0,0,0.75,0],"texture":"#2"},"up":{"uv":[12.5,6.75,11.75,6],"texture":"#2"},"down":{"uv":[12.5,8.75,11.75,9.5],"texture":"#2"}}},{"from":[6.685,27.95151,3.89202],"to":[9.315,27.95151,6.47202],"rotation":{"angle":-45,"axis":"x","origin":[8,20.36151,7.00702]},"faces":{"north":{"uv":[0,0,0.75,0],"texture":"#2"},"east":{"uv":[0,0,0.75,0],"texture":"#2"},"south":{"uv":[0,0,0.75,0],"texture":"#2"},"west":{"uv":[0,0,0.75,0],"texture":"#2"},"up":{"uv":[10.25,12.25,9.5,11.5],"texture":"#2"},"down":{"uv":[12.5,5.25,11.75,6],"texture":"#2"}}},{"from":[6.685,20.97452,6.59504],"to":[9.315,27.65452,9.17504],"rotation":{"angle":-45,"axis":"x","origin":[8,20.06452,6.71004]},"faces":{"north":{"uv":[7.5,9.75,8.25,11.5],"texture":"#2"},"east":{"uv":[8.25,9.75,9,11.5],"texture":"#2"},"south":{"uv":[9,9.75,9.75,11.5],"texture":"#2"},"west":{"uv":[9.75,9.75,10.5,11.5],"texture":"#2"},"up":{"uv":[12.5,10.25,11.75,9.5],"texture":"#2"},"down":{"uv":[12.5,10.25,11.75,11],"texture":"#2"}}},{"from":[8,-3.69,-4.24],"to":[8,27.89,13.44],"rotation":{"angle":0,"axis":"y","origin":[8,8,8]},"faces":{"north":{"uv":[0,0,0,8],"texture":"#2"},"east":{"uv":[0,0,4.5,8],"texture":"#2"},"south":{"uv":[0,0,0,8],"texture":"#2"},"west":{"uv":[4.5,0,9,8],"texture":"#2"},"up":{"uv":[0,4.5,0,0],"texture":"#2"},"down":{"uv":[0,0,0,4.5],"texture":"#2"}}}],"gui_light":"front","display":{"thirdperson_righthand":{"translation":[0,3.75,1],"scale":[0.63,0.63,0.63]},"thirdperson_lefthand":{"translation":[0,3.75,1],"scale":[0.63,0.63,0.63]},"firstperson_righthand":{"translation":[4,1.5,-3.75],"scale":[0.8,0.8,0.8]},"firstperson_lefthand":{"translation":[4,1.5,-3.75],"scale":[0.8,0.8,0.8]},"ground":{"rotation":[0,0,44],"scale":[0.22,0.22,0.22]},"gui":{"rotation":[73,129,-82],"translation":[1.25,0,-4],"scale":[0.52,0.52,0.52]},"fixed":{"rotation":[-80,-52,-82],"translation":[-2,0,-4],"scale":[0.64,0.64,0.64]}}}