{"credit":"MadewithBlockbench","texture_size":[48,48],"textures":{"1":"frog:frogtextures/hammer","particle":"frog:frogtextures/hammer"},"elements":[{"from":[4.82105,14.6664,-2.6808],"to":[11.18265,18.6424,3.6808],"rotation":{"angle":0,"axis":"y","origin":[8,21.7,0.5]},"faces":{"north":{"uv":[2,5.33333,4,6.66667],"texture":"#1"},"east":{"uv":[4,6,6,7.33333],"texture":"#1"},"south":{"uv":[6,6,8,7.33333],"texture":"#1"},"west":{"uv":[6.66667,0,8.66667,1.33333],"texture":"#1"},"up":{"uv":[6.66667,2,4.66667,0],"texture":"#1"},"down":{"uv":[6.66667,2,4.66667,4],"texture":"#1"}}},{"from":[4.32105,11.74041,-3.25877],"to":[11.68265,14.81641,4.35283],"rotation":{"angle":-22.5,"axis":"x","origin":[8.00185,13.27841,0.44703]},"faces":{"north":{"uv":[8,5.33333,10.33333,6.33333],"texture":"#1"},"east":{"uv":[6.66667,1.33333,9.33333,2.33333],"texture":"#1"},"south":{"uv":[8,6.33333,10.33333,7.33333],"texture":"#1"},"west":{"uv":[6.66667,2.33333,9.33333,3.33333],"texture":"#1"},"up":{"uv":[2.33333,2.66667,0,0],"texture":"#1"},"down":{"uv":[4.66667,0,2.33333,2.66667],"texture":"#1"}}},{"from":[9.07105,17.6664,-0.6808],"to":[13.13265,21.6424,1.6808],"rotation":{"angle":0,"axis":"y","origin":[8,22.0044,0.5]},"faces":{"north":{"uv":[2,8,3.33333,9.33333],"texture":"#1"},"east":{"uv":[3,11.66667,3.66667,13],"texture":"#1"},"south":{"uv":[0,8.66667,1.33333,10],"texture":"#1"},"west":{"uv":[8.33333,12,9,13.33333],"texture":"#1"},"up":{"uv":[8,6,6.66667,5.33333],"texture":"#1"},"down":{"uv":[13.33333,9,12,9.66667],"texture":"#1"}}},{"from":[2.86735,17.6664,-0.6808],"to":[6.92895,21.6424,1.6808],"rotation":{"angle":0,"axis":"y","origin":[8,22.0044,0.5]},"faces":{"north":{"uv":[8.66667,0,10,1.33333],"texture":"#1"},"east":{"uv":[9,12,9.66667,13.33333],"texture":"#1"},"south":{"uv":[3.33333,8.66667,4.66667,10],"texture":"#1"},"west":{"uv":[12,9.66667,12.66667,11],"texture":"#1"},"up":{"uv":[13.33333,11.66667,12,11],"texture":"#1"},"down":{"uv":[13.33333,11.66667,12,12.33333],"texture":"#1"}}},{"from":[4.82105,14.6664,12.3192],"to":[11.18265,18.6424,18.6808],"rotation":{"angle":0,"axis":"y","origin":[8,21.7,15.5]},"faces":{"north":{"uv":[8,6,6,7.33333],"texture":"#1"},"east":{"uv":[6,6,4,7.33333],"texture":"#1"},"south":{"uv":[4,5.33333,2,6.66667],"texture":"#1"},"west":{"uv":[8.66667,0,6.66667,1.33333],"texture":"#1"},"up":{"uv":[6.66667,0,4.66667,2],"texture":"#1"},"down":{"uv":[6.66667,4,4.66667,2],"texture":"#1"}}},{"from":[9.07105,17.6664,14.3192],"to":[13.13265,21.6424,16.6808],"rotation":{"angle":0,"axis":"y","origin":[8,22.0044,15.5]},"faces":{"north":{"uv":[1.33333,8.66667,0,10],"texture":"#1"},"east":{"uv":[3.66667,11.66667,3,13],"texture":"#1"},"south":{"uv":[3.33333,8,2,9.33333],"texture":"#1"},"west":{"uv":[9,12,8.33333,13.33333],"texture":"#1"},"up":{"uv":[8,5.33333,6.66667,6],"texture":"#1"},"down":{"uv":[13.33333,9.66667,12,9],"texture":"#1"}}},{"from":[4.32105,11.74041,11.64717],"to":[11.68265,14.81641,19.25877],"rotation":{"angle":22.5,"axis":"x","origin":[8.00185,13.27841,15.55297]},"faces":{"north":{"uv":[10.33333,6.33333,8,7.33333],"texture":"#1"},"east":{"uv":[9.33333,1.33333,6.66667,2.33333],"texture":"#1"},"south":{"uv":[10.33333,5.33333,8,6.33333],"texture":"#1"},"west":{"uv":[9.33333,2.33333,6.66667,3.33333],"texture":"#1"},"up":{"uv":[2.33333,0,0,2.66667],"texture":"#1"},"down":{"uv":[4.66667,2.66667,2.33333,0],"texture":"#1"}}},{"from":[2.86735,17.6664,14.3192],"to":[6.92895,21.6424,16.6808],"rotation":{"angle":0,"axis":"y","origin":[8,22.0044,15.5]},"faces":{"north":{"uv":[4.66667,8.66667,3.33333,10],"texture":"#1"},"east":{"uv":[9.66667,12,9,13.33333],"texture":"#1"},"south":{"uv":[10,0,8.66667,1.33333],"texture":"#1"},"west":{"uv":[12.66667,9.66667,12,11],"texture":"#1"},"up":{"uv":[13.33333,11,12,11.66667],"texture":"#1"},"down":{"uv":[13.33333,12.33333,12,11.66667],"texture":"#1"}}},{"from":[6.98,0.119,6.57815],"to":[9.82,2.959,9.41815],"rotation":{"angle":0,"axis":"y","origin":[8.4,8,8]},"faces":{"north":{"uv":[10.66667,1,11.66667,2],"texture":"#1"},"east":{"uv":[11,3.66667,12,4.66667],"texture":"#1"},"south":{"uv":[11,4.66667,12,5.66667],"texture":"#1"},"west":{"uv":[11,5.66667,12,6.66667],"texture":"#1"},"up":{"uv":[12,7.66667,11,6.66667],"texture":"#1"},"down":{"uv":[8,11,7,12],"texture":"#1"}}},{"from":[6.98,-8.401,6.57815],"to":[9.82,-5.561,9.41815],"rotation":{"angle":0,"axis":"y","origin":[8.4,8,8]},"faces":{"north":{"uv":[11.33333,2,12.33333,3],"texture":"#1"},"east":{"uv":[10,11.33333,11,12.33333],"texture":"#1"},"south":{"uv":[0,11.66667,1,12.66667],"texture":"#1"},"west":{"uv":[11.66667,0,12.66667,1],"texture":"#1"},"up":{"uv":[2,12.66667,1,11.66667],"texture":"#1"},"down":{"uv":[12.66667,1,11.66667,2],"texture":"#1"}}},{"from":[7.0155,-4.91816,18.07554],"to":[9.7845,-2.07816,20.91554],"rotation":{"angle":45,"axis":"x","origin":[8.4,8,8]},"faces":{"north":{"uv":[2,11.66667,3,12.66667],"texture":"#1"},"east":{"uv":[11,11.66667,12,12.66667],"texture":"#1"},"south":{"uv":[12,3,13,4],"texture":"#1"},"west":{"uv":[12,4,13,5],"texture":"#1"},"up":{"uv":[13,6,12,5],"texture":"#1"},"down":{"uv":[13,6,12,7],"texture":"#1"}}},{"from":[6.98,-0.99959,-1.0022],"to":[9.82,1.84041,1.8378],"rotation":{"angle":-45,"axis":"x","origin":[8.4,8,8]},"faces":{"north":{"uv":[11,7.66667,12,8.66667],"texture":"#1"},"east":{"uv":[8,11,9,12],"texture":"#1"},"south":{"uv":[11,8.66667,12,9.66667],"texture":"#1"},"west":{"uv":[9,11,10,12],"texture":"#1"},"up":{"uv":[12,10.66667,11,9.66667],"texture":"#1"},"down":{"uv":[12,10.66667,11,11.66667],"texture":"#1"}}},{"from":[7.335,-5.561,6.93315],"to":[9.465,0.119,9.06315],"rotation":{"angle":0,"axis":"y","origin":[8.4,8,8]},"faces":{"north":{"uv":[6.33333,10,7,12],"texture":"#1"},"east":{"uv":[10.33333,5.33333,11,7.33333],"texture":"#1"},"south":{"uv":[10.33333,7.33333,11,9.33333],"texture":"#1"},"west":{"uv":[10.33333,9.33333,11,11.33333],"texture":"#1"},"up":{"uv":[4.66667,6,4,5.33333],"texture":"#1"},"down":{"uv":[4,8,3.33333,8.66667],"texture":"#1"}}},{"from":[7.335,2.839,6.93315],"to":[9.465,10.019,9.06315],"rotation":{"angle":0,"axis":"y","origin":[8.4,8,8]},"faces":{"north":{"uv":[3.66667,10,4.33333,12.33333],"texture":"#1"},"east":{"uv":[4.33333,10,5,12.33333],"texture":"#1"},"south":{"uv":[5,10,5.66667,12.33333],"texture":"#1"},"west":{"uv":[5.66667,10,6.33333,12.33333],"texture":"#1"},"up":{"uv":[2,9.33333,1.33333,8.66667],"texture":"#1"},"down":{"uv":[8,8.66667,7.33333,9.33333],"texture":"#1"}}},{"from":[7.085,9.839,6.68315],"to":[9.715,14.519,9.31315],"rotation":{"angle":0,"axis":"y","origin":[8.4,8,8]},"faces":{"north":{"uv":[9.33333,2.66667,10.33333,4.33333],"texture":"#1"},"east":{"uv":[7.33333,9.33333,8.33333,11],"texture":"#1"},"south":{"uv":[8.33333,9.33333,9.33333,11],"texture":"#1"},"west":{"uv":[9.33333,9.33333,10.33333,11],"texture":"#1"},"up":{"uv":[7.33333,13,6.33333,12],"texture":"#1"},"down":{"uv":[13,7,12,8],"texture":"#1"}}},{"from":[6.835,13.435,5.66],"to":[9.965,16.565,10.34],"rotation":{"angle":0,"axis":"y","origin":[8,8,8]},"faces":{"north":{"uv":[7.33333,12,8.33333,13],"texture":"#1"},"east":{"uv":[9.33333,4.33333,11,5.33333],"texture":"#1"},"south":{"uv":[12,8,13,9],"texture":"#1"},"west":{"uv":[10,0,11.66667,1],"texture":"#1"},"up":{"uv":[1,11.66667,0,10],"texture":"#1"},"down":{"uv":[3.66667,10,2.66667,11.66667],"texture":"#1"}}},{"from":[7.085,13.685,10.285],"to":[9.715,16.315,12.465],"rotation":{"angle":0,"axis":"y","origin":[8,8,8]},"faces":{"north":{"uv":[10.33333,2.66667,11.33333,3.66667],"texture":"#1"},"east":{"uv":[2,10.66667,2.66667,11.66667],"texture":"#1"},"south":{"uv":[1,10.66667,2,11.66667],"texture":"#1"},"west":{"uv":[12.66667,0,13.33333,1],"texture":"#1"},"up":{"uv":[13.66667,1.66667,12.66667,1],"texture":"#1"},"down":{"uv":[2.33333,12.66667,1.33333,13.33333],"texture":"#1"}}},{"from":[7.085,13.685,3.535],"to":[9.715,16.315,5.715],"rotation":{"angle":0,"axis":"y","origin":[8,8,8]},"faces":{"north":{"uv":[2,10.66667,1,11.66667],"texture":"#1"},"east":{"uv":[2.66667,10.66667,2,11.66667],"texture":"#1"},"south":{"uv":[11.33333,2.66667,10.33333,3.66667],"texture":"#1"},"west":{"uv":[13.33333,0,12.66667,1],"texture":"#1"},"up":{"uv":[13.66667,1,12.66667,1.66667],"texture":"#1"},"down":{"uv":[2.33333,13.33333,1.33333,12.66667],"texture":"#1"}}}],"gui_light":"front","display":{"thirdperson_righthand":{"translation":[0,3.75,1],"scale":[0.63,0.63,0.63]},"thirdperson_lefthand":{"translation":[0,3.75,1],"scale":[0.63,0.63,0.63]},"firstperson_righthand":{"translation":[5,2,-3.5],"scale":[0.74,0.74,0.74]},"firstperson_lefthand":{"rotation":[0,180,0],"translation":[5,2,-3.5],"scale":[0.74,0.74,0.74]},"ground":{"rotation":[180,0,119],"scale":[0.27,0.27,0.27]},"gui":{"rotation":[122,48,-95],"translation":[-0.75,-0.75,0],"scale":[0.51,0.51,0.51]},"fixed":{"rotation":[0,-90,0],"translation":[0,1,-1.75],"scale":[0.56,0.56,0.56]}}}