{"credit":"MadewithBlockbench","texture_size":[48,48],"textures":{"2":"frog:frogtextures/hoe"},"elements":[{"from":[4.8192,16.5664,4.81735],"to":[11.1808,20.5424,11.17895],"rotation":{"angle":0,"axis":"y","origin":[8,23.6,8]},"faces":{"north":{"uv":[2.66667,4,4.66667,5.33333],"texture":"#2"},"east":{"uv":[0,4.66667,2,6],"texture":"#2"},"south":{"uv":[4.66667,0,6.66667,1.33333],"texture":"#2"},"west":{"uv":[4.66667,1.33333,6.66667,2.66667],"texture":"#2"},"up":{"uv":[4.66667,2,2.66667,0],"texture":"#2"},"down":{"uv":[4.66667,2,2.66667,4],"texture":"#2"}}},{"from":[4.24123,13.64041,4.31735],"to":[11.85283,16.71641,11.67895],"rotation":{"angle":22.5,"axis":"z","origin":[7.94703,15.17841,7.99815]},"faces":{"north":{"uv":[4.66667,2.66667,7.33333,3.66667],"texture":"#2"},"east":{"uv":[4.66667,4.66667,7,5.66667],"texture":"#2"},"south":{"uv":[4.66667,3.66667,7.33333,4.66667],"texture":"#2"},"west":{"uv":[2,5.33333,4.33333,6.33333],"texture":"#2"},"up":{"uv":[2.66667,2.33333,0,0],"texture":"#2"},"down":{"uv":[2.66667,2.33333,0,4.66667],"texture":"#2"}}},{"from":[6.8192,19.5664,2.86735],"to":[9.1808,23.5424,6.92895],"rotation":{"angle":0,"axis":"y","origin":[8,23.9044,8]},"faces":{"north":{"uv":[7.66667,9.66667,8.33333,11],"texture":"#2"},"east":{"uv":[4.33333,5.66667,5.66667,7],"texture":"#2"},"south":{"uv":[9.66667,7.66667,10.33333,9],"texture":"#2"},"west":{"uv":[5.66667,5.66667,7,7],"texture":"#2"},"up":{"uv":[10.33333,10.33333,9.66667,9],"texture":"#2"},"down":{"uv":[10.66667,1,10,2.33333],"texture":"#2"}}},{"from":[6.8192,19.5664,9.07105],"to":[9.1808,23.5424,13.13265],"rotation":{"angle":0,"axis":"y","origin":[8,23.9044,8]},"faces":{"north":{"uv":[2,10,2.66667,11.33333],"texture":"#2"},"east":{"uv":[0,6,1.33333,7.33333],"texture":"#2"},"south":{"uv":[8.33333,10,9,11.33333],"texture":"#2"},"west":{"uv":[1.33333,6.33333,2.66667,7.66667],"texture":"#2"},"up":{"uv":[9.66667,11.33333,9,10],"texture":"#2"},"down":{"uv":[0.66667,10.33333,0,11.66667],"texture":"#2"}}},{"from":[6.98,0.119,6.57815],"to":[9.82,2.959,9.41815],"rotation":{"angle":0,"axis":"y","origin":[8.4,8,8]},"faces":{"north":{"uv":[8,1,9,2],"texture":"#2"},"east":{"uv":[2,8,3,9],"texture":"#2"},"south":{"uv":[8,2,9,3],"texture":"#2"},"west":{"uv":[8.33333,3,9.33333,4],"texture":"#2"},"up":{"uv":[9.66667,1,8.66667,0],"texture":"#2"},"down":{"uv":[4,8.66667,3,9.66667],"texture":"#2"}}},{"from":[6.98,-8.401,6.57815],"to":[9.82,-5.561,9.41815],"rotation":{"angle":0,"axis":"y","origin":[8.4,8,8]},"faces":{"north":{"uv":[8.66667,8,9.66667,9],"texture":"#2"},"east":{"uv":[9,1,10,2],"texture":"#2"},"south":{"uv":[2,9,3,10],"texture":"#2"},"west":{"uv":[9,2,10,3],"texture":"#2"},"up":{"uv":[9.66667,10,8.66667,9],"texture":"#2"},"down":{"uv":[1,9.33333,0,10.33333],"texture":"#2"}}},{"from":[7.0155,-4.91816,18.07554],"to":[9.7845,-2.07816,20.91554],"rotation":{"angle":45,"axis":"x","origin":[8.4,8,8]},"faces":{"north":{"uv":[9.33333,3,10.33333,4],"texture":"#2"},"east":{"uv":[5,9.33333,6,10.33333],"texture":"#2"},"south":{"uv":[6,9.33333,7,10.33333],"texture":"#2"},"west":{"uv":[9.66667,0,10.66667,1],"texture":"#2"},"up":{"uv":[2,10.66667,1,9.66667],"texture":"#2"},"down":{"uv":[4,9.66667,3,10.66667],"texture":"#2"}}},{"from":[6.98,-0.99959,-1.0022],"to":[9.82,1.84041,1.8378],"rotation":{"angle":-45,"axis":"x","origin":[8.4,8,8]},"faces":{"north":{"uv":[4,8.66667,5,9.66667],"texture":"#2"},"east":{"uv":[8.66667,4,9.66667,5],"texture":"#2"},"south":{"uv":[8.66667,5,9.66667,6],"texture":"#2"},"west":{"uv":[8.66667,6,9.66667,7],"texture":"#2"},"up":{"uv":[9.66667,8,8.66667,7],"texture":"#2"},"down":{"uv":[8.66667,8.66667,7.66667,9.66667],"texture":"#2"}}},{"from":[7.335,-5.561,6.93315],"to":[9.465,0.119,9.06315],"rotation":{"angle":0,"axis":"y","origin":[8.4,8,8]},"faces":{"north":{"uv":[0,7.33333,0.66667,9.33333],"texture":"#2"},"east":{"uv":[0.66667,7.33333,1.33333,9.33333],"texture":"#2"},"south":{"uv":[7.33333,1.66667,8,3.66667],"texture":"#2"},"west":{"uv":[1.33333,7.66667,2,9.66667],"texture":"#2"},"up":{"uv":[11,4,10.33333,3.33333],"texture":"#2"},"down":{"uv":[7,10.33333,6.33333,11],"texture":"#2"}}},{"from":[7.335,2.839,6.93315],"to":[9.465,10.019,9.06315],"rotation":{"angle":0,"axis":"y","origin":[8.4,8,8]},"faces":{"north":{"uv":[7,4.66667,7.66667,7],"texture":"#2"},"east":{"uv":[5.66667,7,6.33333,9.33333],"texture":"#2"},"south":{"uv":[6.33333,7,7,9.33333],"texture":"#2"},"west":{"uv":[7,7,7.66667,9.33333],"texture":"#2"},"up":{"uv":[11,7,10.33333,6.33333],"texture":"#2"},"down":{"uv":[11,7,10.33333,7.66667],"texture":"#2"}}},{"from":[7.085,9.839,6.68315],"to":[9.715,14.519,9.31315],"rotation":{"angle":0,"axis":"y","origin":[8.4,8,8]},"faces":{"north":{"uv":[2.66667,6.33333,3.66667,8],"texture":"#2"},"east":{"uv":[6.66667,0,7.66667,1.66667],"texture":"#2"},"south":{"uv":[3.66667,7,4.66667,8.66667],"texture":"#2"},"west":{"uv":[4.66667,7,5.66667,8.66667],"texture":"#2"},"up":{"uv":[5,10.66667,4,9.66667],"texture":"#2"},"down":{"uv":[10.66667,4,9.66667,5],"texture":"#2"}}},{"from":[7.385,13.90621,1.74182],"to":[10.015,17.23621,5.02182],"rotation":{"angle":0,"axis":"y","origin":[8.7,14.54527,0.58752]},"faces":{"north":{"uv":[7.33333,3.66667,8.33333,4.66667],"texture":"#2"},"east":{"uv":[7.66667,0,8.66667,1],"texture":"#2"},"south":{"uv":[7.66667,4.66667,8.66667,5.66667],"texture":"#2"},"west":{"uv":[7.66667,5.66667,8.66667,6.66667],"texture":"#2"},"up":{"uv":[8.66667,7.66667,7.66667,6.66667],"texture":"#2"},"down":{"uv":[8.66667,7.66667,7.66667,8.66667],"texture":"#2"}}},{"from":[7.635,13.90964,-1.19626],"to":[9.765,16.33964,2.68374],"rotation":{"angle":-22.5,"axis":"x","origin":[8.7,14.54527,0.58752]},"faces":{"north":{"uv":[2,4.66667,2.66667,5.33333],"texture":"#2"},"east":{"uv":[9.66667,5,11,5.66667],"texture":"#2"},"south":{"uv":[3.66667,6.33333,4.33333,7],"texture":"#2"},"west":{"uv":[9.66667,5.66667,11,6.33333],"texture":"#2"},"up":{"uv":[7.66667,10.66667,7,9.33333],"texture":"#2"},"down":{"uv":[10.33333,6.33333,9.66667,7.66667],"texture":"#2"}}},{"from":[7.885,10.10394,-1.50289],"to":[9.515,13.58394,0.17711],"rotation":{"angle":45,"axis":"x","origin":[8.7,14.54527,0.58752]},"faces":{"north":{"uv":[6.66667,1.66667,7.33333,2.66667],"texture":"#2"},"east":{"uv":[10.33333,2.33333,11,3.33333],"texture":"#2"},"south":{"uv":[5,10.33333,5.66667,11.33333],"texture":"#2"},"west":{"uv":[5.66667,10.33333,6.33333,11.33333],"texture":"#2"},"up":{"uv":[3.66667,8.66667,3,8],"texture":"#2"},"down":{"uv":[5.66667,8.66667,5,9.33333],"texture":"#2"}}}],"gui_light":"front","display":{"thirdperson_righthand":{"translation":[0,3.75,1],"scale":[0.63,0.63,0.63]},"thirdperson_lefthand":{"translation":[0,3.75,1],"scale":[0.63,0.63,0.63]},"firstperson_righthand":{"translation":[4,1.5,-3.75],"scale":[0.8,0.8,0.8]},"firstperson_lefthand":{"rotation":[0,180,0],"translation":[5,2,-3.5],"scale":[0.74,0.74,0.74]},"ground":{"rotation":[180,0,119],"scale":[0.27,0.27,0.27]},"gui":{"rotation":[122,48,-95],"translation":[-0.75,-0.75,0],"scale":[0.51,0.51,0.51]},"fixed":{"rotation":[0,-90,0],"translation":[0,1,-2.25],"scale":[0.56,0.56,0.56]}}}