{"credit":"MadewithBlockbench","texture_size":[48,48],"textures":{"1":"frog:frogtextures/key","particle":"frog:frogtextures/key"},"elements":[{"from":[5.22105,4.5664,4.4192],"to":[11.58265,8.5424,10.7808],"rotation":{"angle":0,"axis":"y","origin":[8.4,11.6,7.6]},"faces":{"north":{"uv":[4.66667,1.33333,6.66667,2.66667],"texture":"#1"},"east":{"uv":[2.66667,4,4.66667,5.33333],"texture":"#1"},"south":{"uv":[0,4.66667,2,6],"texture":"#1"},"west":{"uv":[4.66667,0,6.66667,1.33333],"texture":"#1"},"up":{"uv":[4.66667,2,2.66667,0],"rotation":90,"texture":"#1"},"down":{"uv":[4.66667,2,2.66667,4],"rotation":270,"texture":"#1"}}},{"from":[4.72105,1.64041,3.84123],"to":[12.08265,4.71641,11.45283],"rotation":{"angle":-22.5,"axis":"x","origin":[8.40185,3.17841,7.54703]},"faces":{"north":{"uv":[2,5.33333,4.33333,6.33333],"texture":"#1"},"east":{"uv":[4.66667,2.66667,7.33333,3.66667],"texture":"#1"},"south":{"uv":[4.66667,4.66667,7,5.66667],"texture":"#1"},"west":{"uv":[4.66667,3.66667,7.33333,4.66667],"texture":"#1"},"up":{"uv":[2.66667,2.33333,0,0],"rotation":90,"texture":"#1"},"down":{"uv":[2.66667,2.33333,0,4.66667],"rotation":270,"texture":"#1"}}},{"from":[9.47105,7.5664,6.4192],"to":[13.53265,11.5424,8.7808],"rotation":{"angle":0,"axis":"y","origin":[8.4,11.9044,7.6]},"faces":{"north":{"uv":[5.66667,5.66667,7,7],"texture":"#1"},"east":{"uv":[9.66667,7,10.33333,8.33333],"texture":"#1"},"south":{"uv":[4.33333,5.66667,5.66667,7],"texture":"#1"},"west":{"uv":[8,9.66667,8.66667,11],"texture":"#1"},"up":{"uv":[10.33333,9.66667,9.66667,8.33333],"rotation":90,"texture":"#1"},"down":{"uv":[10.33333,9.66667,9.66667,11],"rotation":270,"texture":"#1"}}},{"from":[3.26735,7.5664,6.4192],"to":[7.32895,11.5424,8.7808],"rotation":{"angle":0,"axis":"y","origin":[8.4,11.9044,7.6]},"faces":{"north":{"uv":[1.33333,6.33333,2.66667,7.66667],"texture":"#1"},"east":{"uv":[10,0,10.66667,1.33333],"texture":"#1"},"south":{"uv":[0,6,1.33333,7.33333],"texture":"#1"},"west":{"uv":[10,1.33333,10.66667,2.66667],"texture":"#1"},"up":{"uv":[2.66667,11.33333,2,10],"rotation":90,"texture":"#1"},"down":{"uv":[9.33333,10,8.66667,11.33333],"rotation":270,"texture":"#1"}}},{"from":[6.98185,0.119,6.58],"to":[9.82185,2.959,9.42],"rotation":{"angle":0,"axis":"y","origin":[8.4,8,8]},"faces":{"north":{"uv":[7.66667,7.66667,8.66667,8.66667],"texture":"#1"},"east":{"uv":[7.66667,4.66667,8.66667,5.66667],"texture":"#1"},"south":{"uv":[7.66667,5.66667,8.66667,6.66667],"texture":"#1"},"west":{"uv":[7.66667,6.66667,8.66667,7.66667],"texture":"#1"},"up":{"uv":[9,2,8,1],"rotation":90,"texture":"#1"},"down":{"uv":[3,8,2,9],"rotation":270,"texture":"#1"}}},{"from":[6.98185,-8.401,6.58],"to":[9.82185,-5.561,9.42],"rotation":{"angle":0,"axis":"y","origin":[8.4,8,8]},"faces":{"north":{"uv":[8.66667,8,9.66667,9],"texture":"#1"},"east":{"uv":[8.66667,6,9.66667,7],"texture":"#1"},"south":{"uv":[8.66667,7,9.66667,8],"texture":"#1"},"west":{"uv":[7.66667,8.66667,8.66667,9.66667],"texture":"#1"},"up":{"uv":[10,1,9,0],"rotation":90,"texture":"#1"},"down":{"uv":[10,1,9,2],"rotation":270,"texture":"#1"}}},{"from":[-4.51554,-4.91816,6.6155],"to":[-1.67554,-2.07816,9.3845],"rotation":{"angle":45,"axis":"z","origin":[8.4,8,8]},"faces":{"north":{"uv":[0,9.33333,1,10.33333],"texture":"#1"},"east":{"uv":[2,9,3,10],"texture":"#1"},"south":{"uv":[9,2,10,3],"texture":"#1"},"west":{"uv":[8.66667,9,9.66667,10],"texture":"#1"},"up":{"uv":[6,10.33333,5,9.33333],"rotation":90,"texture":"#1"},"down":{"uv":[7,9.33333,6,10.33333],"rotation":270,"texture":"#1"}}},{"from":[14.5622,-0.99959,6.58],"to":[17.4022,1.84041,9.42],"rotation":{"angle":-45,"axis":"z","origin":[8.4,8,8]},"faces":{"north":{"uv":[4,8.66667,5,9.66667],"texture":"#1"},"east":{"uv":[8,2,9,3],"texture":"#1"},"south":{"uv":[3,8.66667,4,9.66667],"texture":"#1"},"west":{"uv":[8.66667,3,9.66667,4],"texture":"#1"},"up":{"uv":[9.66667,5,8.66667,4],"rotation":90,"texture":"#1"},"down":{"uv":[9.66667,5,8.66667,6],"rotation":270,"texture":"#1"}}},{"from":[7.33685,-5.561,6.935],"to":[9.46685,0.119,9.065],"rotation":{"angle":0,"axis":"y","origin":[8.4,8,8]},"faces":{"north":{"uv":[1.33333,7.66667,2,9.66667],"texture":"#1"},"east":{"uv":[0,7.33333,0.66667,9.33333],"texture":"#1"},"south":{"uv":[0.66667,7.33333,1.33333,9.33333],"texture":"#1"},"west":{"uv":[7.33333,1.66667,8,3.66667],"texture":"#1"},"up":{"uv":[2.66667,5.33333,2,4.66667],"rotation":90,"texture":"#1"},"down":{"uv":[4.33333,6.33333,3.66667,7],"rotation":270,"texture":"#1"}}}],"gui_light":"front","display":{"thirdperson_righthand":{"rotation":[123.25,0,0],"translation":[0,-0.75,1.5],"scale":[0.32,0.32,0.32]},"thirdperson_lefthand":{"rotation":[123.25,0,0],"translation":[0,-0.75,1.5],"scale":[0.32,0.32,0.32]},"firstperson_righthand":{"rotation":[97.79,-1.85,-13.14],"translation":[4.5,0,-3.5],"scale":[0.74,0.74,0.74]},"firstperson_lefthand":{"rotation":[97.79,-1.85,-13.14],"translation":[4.5,0,-3.5],"scale":[0.74,0.74,0.74]},"ground":{"rotation":[180,0,119],"scale":[0.27,0.27,0.27]},"gui":{"rotation":[163,0,-44],"translation":[2.5,-3,0],"scale":[0.76,0.76,0.76]}}}