{"credit":"MadewithBlockbench","texture_size":[48,48],"textures":{"1":"frog:frogtextures/pickaxe","particle":"frog:frogtextures/pickaxe"},"elements":[{"from":[4.8192,16.5664,4.81735],"to":[11.1808,20.5424,11.17895],"rotation":{"angle":0,"axis":"y","origin":[8,23.6,8]},"faces":{"north":{"uv":[2.66667,4,4.66667,5.33333],"texture":"#1"},"east":{"uv":[0,4.66667,2,6],"texture":"#1"},"south":{"uv":[4.66667,0,6.66667,1.33333],"texture":"#1"},"west":{"uv":[4.66667,1.33333,6.66667,2.66667],"texture":"#1"},"up":{"uv":[4.66667,2,2.66667,0],"texture":"#1"},"down":{"uv":[4.66667,2,2.66667,4],"texture":"#1"}}},{"from":[4.24123,13.64041,4.31735],"to":[11.85283,16.71641,11.67895],"rotation":{"angle":22.5,"axis":"z","origin":[7.94703,15.17841,7.99815]},"faces":{"north":{"uv":[4.66667,2.66667,7.33333,3.66667],"texture":"#1"},"east":{"uv":[4.66667,4.66667,7,5.66667],"texture":"#1"},"south":{"uv":[4.66667,3.66667,7.33333,4.66667],"texture":"#1"},"west":{"uv":[2,5.33333,4.33333,6.33333],"texture":"#1"},"up":{"uv":[2.66667,2.33333,0,0],"texture":"#1"},"down":{"uv":[2.66667,2.33333,0,4.66667],"texture":"#1"}}},{"from":[6.8192,19.5664,2.86735],"to":[9.1808,23.5424,6.92895],"rotation":{"angle":0,"axis":"y","origin":[8,23.9044,8]},"faces":{"north":{"uv":[9.66667,7,10.33333,8.33333],"texture":"#1"},"east":{"uv":[4.33333,5.66667,5.66667,7],"texture":"#1"},"south":{"uv":[8,9.66667,8.66667,11],"texture":"#1"},"west":{"uv":[5.66667,5.66667,7,7],"texture":"#1"},"up":{"uv":[10.33333,9.66667,9.66667,8.33333],"texture":"#1"},"down":{"uv":[10.33333,9.66667,9.66667,11],"texture":"#1"}}},{"from":[6.8192,19.5664,9.07105],"to":[9.1808,23.5424,13.13265],"rotation":{"angle":0,"axis":"y","origin":[8,23.9044,8]},"faces":{"north":{"uv":[10,0,10.66667,1.33333],"texture":"#1"},"east":{"uv":[0,6,1.33333,7.33333],"texture":"#1"},"south":{"uv":[10,1.33333,10.66667,2.66667],"texture":"#1"},"west":{"uv":[1.33333,6.33333,2.66667,7.66667],"texture":"#1"},"up":{"uv":[2.66667,11.33333,2,10],"texture":"#1"},"down":{"uv":[9.33333,10,8.66667,11.33333],"texture":"#1"}}},{"from":[6.98,0.119,6.57815],"to":[9.82,2.959,9.41815],"rotation":{"angle":0,"axis":"y","origin":[8.4,8,8]},"faces":{"north":{"uv":[7.66667,4.66667,8.66667,5.66667],"texture":"#1"},"east":{"uv":[7.66667,5.66667,8.66667,6.66667],"texture":"#1"},"south":{"uv":[7.66667,6.66667,8.66667,7.66667],"texture":"#1"},"west":{"uv":[7.66667,7.66667,8.66667,8.66667],"texture":"#1"},"up":{"uv":[9,2,8,1],"texture":"#1"},"down":{"uv":[3,8,2,9],"texture":"#1"}}},{"from":[6.98,-8.401,6.57815],"to":[9.82,-5.561,9.41815],"rotation":{"angle":0,"axis":"y","origin":[8.4,8,8]},"faces":{"north":{"uv":[8.66667,6,9.66667,7],"texture":"#1"},"east":{"uv":[8.66667,7,9.66667,8],"texture":"#1"},"south":{"uv":[7.66667,8.66667,8.66667,9.66667],"texture":"#1"},"west":{"uv":[8.66667,8,9.66667,9],"texture":"#1"},"up":{"uv":[10,1,9,0],"texture":"#1"},"down":{"uv":[10,1,9,2],"texture":"#1"}}},{"from":[7.0155,-4.91816,18.07554],"to":[9.7845,-2.07816,20.91554],"rotation":{"angle":45,"axis":"x","origin":[8.4,8,8]},"faces":{"north":{"uv":[2,9,3,10],"texture":"#1"},"east":{"uv":[9,2,10,3],"texture":"#1"},"south":{"uv":[8.66667,9,9.66667,10],"texture":"#1"},"west":{"uv":[0,9.33333,1,10.33333],"texture":"#1"},"up":{"uv":[6,10.33333,5,9.33333],"texture":"#1"},"down":{"uv":[7,9.33333,6,10.33333],"texture":"#1"}}},{"from":[6.98,-0.99959,-1.0022],"to":[9.82,1.84041,1.8378],"rotation":{"angle":-45,"axis":"x","origin":[8.4,8,8]},"faces":{"north":{"uv":[8,2,9,3],"texture":"#1"},"east":{"uv":[3,8.66667,4,9.66667],"texture":"#1"},"south":{"uv":[8.66667,3,9.66667,4],"texture":"#1"},"west":{"uv":[4,8.66667,5,9.66667],"texture":"#1"},"up":{"uv":[9.66667,5,8.66667,4],"texture":"#1"},"down":{"uv":[9.66667,5,8.66667,6],"texture":"#1"}}},{"from":[7.335,-5.561,6.93315],"to":[9.465,0.119,9.06315],"rotation":{"angle":0,"axis":"y","origin":[8.4,8,8]},"faces":{"north":{"uv":[0,7.33333,0.66667,9.33333],"texture":"#1"},"east":{"uv":[0.66667,7.33333,1.33333,9.33333],"texture":"#1"},"south":{"uv":[7.33333,1.66667,8,3.66667],"texture":"#1"},"west":{"uv":[1.33333,7.66667,2,9.66667],"texture":"#1"},"up":{"uv":[2.66667,5.33333,2,4.66667],"texture":"#1"},"down":{"uv":[4.33333,6.33333,3.66667,7],"texture":"#1"}}},{"from":[7.335,2.839,6.93315],"to":[9.465,10.019,9.06315],"rotation":{"angle":0,"axis":"y","origin":[8.4,8,8]},"faces":{"north":{"uv":[7,4.66667,7.66667,7],"texture":"#1"},"east":{"uv":[5.66667,7,6.33333,9.33333],"texture":"#1"},"south":{"uv":[6.33333,7,7,9.33333],"texture":"#1"},"west":{"uv":[7,7,7.66667,9.33333],"texture":"#1"},"up":{"uv":[3.66667,8.66667,3,8],"texture":"#1"},"down":{"uv":[8.66667,3,8,3.66667],"texture":"#1"}}},{"from":[7.085,9.839,6.68315],"to":[9.715,14.519,9.31315],"rotation":{"angle":0,"axis":"y","origin":[8.4,8,8]},"faces":{"north":{"uv":[2.66667,6.33333,3.66667,8],"texture":"#1"},"east":{"uv":[6.66667,0,7.66667,1.66667],"texture":"#1"},"south":{"uv":[3.66667,7,4.66667,8.66667],"texture":"#1"},"west":{"uv":[4.66667,7,5.66667,8.66667],"texture":"#1"},"up":{"uv":[2,10.66667,1,9.66667],"texture":"#1"},"down":{"uv":[4,9.66667,3,10.66667],"texture":"#1"}}},{"from":[7.185,14.41698,1.59594],"to":[9.815,17.74698,4.87594],"rotation":{"angle":0,"axis":"y","origin":[8.5,16.08198,4.78594]},"faces":{"north":{"uv":[9.66667,3,10.66667,4],"texture":"#1"},"east":{"uv":[4,9.66667,5,10.66667],"texture":"#1"},"south":{"uv":[9.66667,4,10.66667,5],"texture":"#1"},"west":{"uv":[9.66667,5,10.66667,6],"texture":"#1"},"up":{"uv":[10.66667,7,9.66667,6],"texture":"#1"},"down":{"uv":[8,9.66667,7,10.66667],"texture":"#1"}}},{"from":[7.435,13.57296,-1.40406],"to":[9.565,16.40296,2.47594],"rotation":{"angle":-22.5,"axis":"x","origin":[8.5,14.98796,-0.71406]},"faces":{"north":{"uv":[6.66667,1.66667,7.33333,2.66667],"texture":"#1"},"east":{"uv":[7.33333,3.66667,8.66667,4.66667],"texture":"#1"},"south":{"uv":[10.33333,10.33333,11,11.33333],"texture":"#1"},"west":{"uv":[7.66667,0,9,1],"texture":"#1"},"up":{"uv":[0.66667,11.66667,0,10.33333],"texture":"#1"},"down":{"uv":[5.66667,10.33333,5,11.66667],"texture":"#1"}}},{"from":[7.685,11.85997,-3.83815],"to":[9.315,13.93997,0.04185],"rotation":{"angle":-45,"axis":"x","origin":[8.5,12.77497,-3.14815]},"faces":{"north":{"uv":[5,8.66667,5.66667,9.33333],"texture":"#1"},"east":{"uv":[5.66667,10.33333,7,11],"texture":"#1"},"south":{"uv":[10.66667,0,11.33333,0.66667],"texture":"#1"},"west":{"uv":[10.33333,7,11.66667,7.66667],"texture":"#1"},"up":{"uv":[11,9,10.33333,7.66667],"texture":"#1"},"down":{"uv":[11,9,10.33333,10.33333],"texture":"#1"}}},{"from":[7.185,14.41698,11.12406],"to":[9.815,17.74698,14.40406],"rotation":{"angle":0,"axis":"y","origin":[8.5,16.08198,11.21406]},"faces":{"north":{"uv":[10.66667,4,9.66667,5],"texture":"#1"},"east":{"uv":[5,9.66667,4,10.66667],"texture":"#1"},"south":{"uv":[10.66667,3,9.66667,4],"texture":"#1"},"west":{"uv":[10.66667,5,9.66667,6],"texture":"#1"},"up":{"uv":[10.66667,6,9.66667,7],"texture":"#1"},"down":{"uv":[8,10.66667,7,9.66667],"texture":"#1"}}},{"from":[7.435,13.57296,13.52406],"to":[9.565,16.40296,17.40406],"rotation":{"angle":22.5,"axis":"x","origin":[8.5,14.98796,16.71406]},"faces":{"north":{"uv":[11,10.33333,10.33333,11.33333],"texture":"#1"},"east":{"uv":[8.66667,3.66667,7.33333,4.66667],"texture":"#1"},"south":{"uv":[7.33333,1.66667,6.66667,2.66667],"texture":"#1"},"west":{"uv":[9,0,7.66667,1],"texture":"#1"},"up":{"uv":[0.66667,10.33333,0,11.66667],"texture":"#1"},"down":{"uv":[5.66667,11.66667,5,10.33333],"texture":"#1"}}},{"from":[7.685,11.85997,15.95815],"to":[9.315,13.93997,19.83815],"rotation":{"angle":45,"axis":"x","origin":[8.5,12.77497,19.14815]},"faces":{"north":{"uv":[11.33333,0,10.66667,0.66667],"texture":"#1"},"east":{"uv":[7,10.33333,5.66667,11],"texture":"#1"},"south":{"uv":[5.66667,8.66667,5,9.33333],"texture":"#1"},"west":{"uv":[11.66667,7,10.33333,7.66667],"texture":"#1"},"up":{"uv":[11,7.66667,10.33333,9],"texture":"#1"},"down":{"uv":[11,10.33333,10.33333,9],"texture":"#1"}}}],"gui_light":"front","display":{"thirdperson_righthand":{"translation":[0,3.75,1],"scale":[0.63,0.63,0.63]},"thirdperson_lefthand":{"translation":[0,3.75,1],"scale":[0.63,0.63,0.63]},"firstperson_righthand":{"translation":[5,2,-3.5],"scale":[0.74,0.74,0.74]},"firstperson_lefthand":{"rotation":[0,180,0],"translation":[5,2,-3.5],"scale":[0.74,0.74,0.74]},"ground":{"rotation":[180,0,119],"scale":[0.27,0.27,0.27]},"gui":{"rotation":[122,48,-95],"translation":[-0.5,0,0],"scale":[0.55,0.55,0.55]},"fixed":{"rotation":[0,-90,0],"translation":[0,1,-1.75],"scale":[0.56,0.56,0.56]}}}