{"credit":"MadewithBlockbench","texture_size":[48,48],"textures":{"2":"frog:frogtextures/shield1"},"elements":[{"from":[4.82105,22.38086,4.79949],"to":[11.18265,26.35686,11.16109],"rotation":{"angle":0,"axis":"y","origin":[8,24.2,8]},"faces":{"north":{"uv":[9,3.33333,11,4.66667],"texture":"#2"},"east":{"uv":[7.33333,9,9.33333,10.33333],"texture":"#2"},"south":{"uv":[9.33333,7,11.33333,8.33333],"texture":"#2"},"west":{"uv":[9.33333,8.33333,11.33333,9.66667],"texture":"#2"},"up":{"uv":[9.33333,9,7.33333,7],"texture":"#2"},"down":{"uv":[11,0,9,2],"texture":"#2"}}},{"from":[4.32105,19.72681,2.99974],"to":[11.68265,22.80281,10.61134],"rotation":{"angle":-22.5,"axis":"x","origin":[8,24.2,8]},"faces":{"north":{"uv":[10.66667,5.66667,13,6.66667],"texture":"#2"},"east":{"uv":[9,4.66667,11.66667,5.66667],"texture":"#2"},"south":{"uv":[7.33333,10.66667,9.66667,11.66667],"texture":"#2"},"west":{"uv":[9.33333,9.66667,12,10.66667],"texture":"#2"},"up":{"uv":[9,2.66667,6.66667,0],"texture":"#2"},"down":{"uv":[9,2.66667,6.66667,5.33333],"texture":"#2"}}},{"from":[9.07105,25.38086,6.79949],"to":[13.13265,29.35686,9.16109],"rotation":{"angle":0,"axis":"y","origin":[8,24.2,8]},"faces":{"north":{"uv":[9.66667,10.66667,11,12],"texture":"#2"},"east":{"uv":[8.66667,12.66667,9.33333,14],"texture":"#2"},"south":{"uv":[11,0,12.33333,1.33333],"texture":"#2"},"west":{"uv":[12.66667,11.66667,13.33333,13],"texture":"#2"},"up":{"uv":[12.33333,2,11,1.33333],"texture":"#2"},"down":{"uv":[14,9,12.66667,9.66667],"texture":"#2"}}},{"from":[2.86735,25.38086,6.79949],"to":[6.92895,29.35686,9.16109],"rotation":{"angle":0,"axis":"y","origin":[8,24.2,8]},"faces":{"north":{"uv":[11,3.33333,12.33333,4.66667],"texture":"#2"},"east":{"uv":[13,4.33333,13.66667,5.66667],"texture":"#2"},"south":{"uv":[11,10.66667,12.33333,12],"texture":"#2"},"west":{"uv":[9.33333,13,10,14.33333],"texture":"#2"},"up":{"uv":[14.33333,6.33333,13,5.66667],"texture":"#2"},"down":{"uv":[14.33333,9.66667,13,10.33333],"texture":"#2"}}},{"from":[6,4,6.75],"to":[10,20.5,9.75],"rotation":{"angle":0,"axis":"y","origin":[8,8,8.5]},"faces":{"north":{"uv":[0,0,1.33333,5.66667],"texture":"#2"},"east":{"uv":[1.33333,7,2.33333,12.66667],"texture":"#2"},"south":{"uv":[1.33333,0,2.66667,5.66667],"texture":"#2"},"west":{"uv":[2.33333,7,3.33333,12.66667],"texture":"#2"},"up":{"uv":[1.33333,12.33333,0,11.33333],"texture":"#2"},"down":{"uv":[12.66667,6.66667,11.33333,7.66667],"texture":"#2"}}},{"from":[-1.07805,6.25038,6.775],"to":[1.74695,9.07538,9.725],"rotation":{"angle":-45,"axis":"z","origin":[-0.25305,-3.42462,8.5]},"faces":{"north":{"uv":[8.66667,11.66667,9.66667,12.66667],"texture":"#2"},"east":{"uv":[9.66667,12,10.66667,13],"texture":"#2"},"south":{"uv":[12,9.66667,13,10.66667],"texture":"#2"},"west":{"uv":[10.66667,12,11.66667,13],"texture":"#2"},"up":{"uv":[12.66667,13,11.66667,12],"texture":"#2"},"down":{"uv":[1,12.33333,0,13.33333],"texture":"#2"}}},{"from":[0,4,6.75],"to":[4,20.5,9.75],"rotation":{"angle":0,"axis":"y","origin":[2,8,8.5]},"faces":{"north":{"uv":[2.66667,0,4,5.66667],"texture":"#2"},"east":{"uv":[3.33333,7,4.33333,12.66667],"texture":"#2"},"south":{"uv":[4,0,5.33333,5.66667],"texture":"#2"},"west":{"uv":[4.33333,7,5.33333,12.66667],"texture":"#2"},"up":{"uv":[12.66667,8.66667,11.33333,7.66667],"texture":"#2"},"down":{"uv":[12.66667,8.66667,11.33333,9.66667],"texture":"#2"}}},{"from":[-7.07805,6.25038,6.775],"to":[-4.25305,9.07538,9.725],"rotation":{"angle":-45,"axis":"z","origin":[-6.25305,-3.42462,8.5]},"faces":{"north":{"uv":[12.33333,0,13.33333,1],"texture":"#2"},"east":{"uv":[12.33333,1,13.33333,2],"texture":"#2"},"south":{"uv":[12.33333,3.33333,13.33333,4.33333],"texture":"#2"},"west":{"uv":[12.33333,10.66667,13.33333,11.66667],"texture":"#2"},"up":{"uv":[2,13.66667,1,12.66667],"texture":"#2"},"down":{"uv":[3,12.66667,2,13.66667],"texture":"#2"}}},{"from":[20.25305,6.25038,6.775],"to":[23.07805,9.07538,9.725],"rotation":{"angle":45,"axis":"z","origin":[22.25305,-3.42462,8.5]},"faces":{"north":{"uv":[3,12.66667,4,13.66667],"texture":"#2"},"east":{"uv":[4,12.66667,5,13.66667],"texture":"#2"},"south":{"uv":[5,12.66667,6,13.66667],"texture":"#2"},"west":{"uv":[6,12.66667,7,13.66667],"texture":"#2"},"up":{"uv":[13.66667,7.66667,12.66667,6.66667],"texture":"#2"},"down":{"uv":[8,12.66667,7,13.66667],"texture":"#2"}}},{"from":[12,4,6.75],"to":[16,20.5,9.75],"rotation":{"angle":0,"axis":"y","origin":[14,8,8.5]},"faces":{"north":{"uv":[5.33333,0,6.66667,5.66667],"texture":"#2"},"east":{"uv":[5.33333,7,6.33333,12.66667],"texture":"#2"},"south":{"uv":[0,5.66667,1.33333,11.33333],"texture":"#2"},"west":{"uv":[6.33333,7,7.33333,12.66667],"texture":"#2"},"up":{"uv":[13,5.66667,11.66667,4.66667],"texture":"#2"},"down":{"uv":[8.66667,11.66667,7.33333,12.66667],"texture":"#2"}}},{"from":[1,6,7.25],"to":[15,10,9.25],"rotation":{"angle":0,"axis":"y","origin":[14,8,8.5]},"faces":{"north":{"uv":[1.33333,5.66667,6,7],"texture":"#2"},"east":{"uv":[12.66667,7.66667,13.33333,9],"texture":"#2"},"south":{"uv":[6,5.66667,10.66667,7],"texture":"#2"},"west":{"uv":[8,12.66667,8.66667,14],"texture":"#2"},"up":{"uv":[13.66667,2.66667,9,2],"texture":"#2"},"down":{"uv":[13.66667,2.66667,9,3.33333],"texture":"#2"}}},{"from":[1,13,7.25],"to":[15,17,9.25],"rotation":{"angle":0,"axis":"y","origin":[14,8,8.5]},"faces":{"north":{"uv":[1.33333,5.66667,6,7],"texture":"#2"},"east":{"uv":[12.66667,7.66667,13.33333,9],"texture":"#2"},"south":{"uv":[6,5.66667,10.66667,7],"texture":"#2"},"west":{"uv":[8,12.66667,8.66667,14],"texture":"#2"},"up":{"uv":[13.66667,2.66667,9,2],"texture":"#2"},"down":{"uv":[13.66667,2.66667,9,3.33333],"texture":"#2"}}}],"gui_light":"front","display":{"thirdperson_righthand":{"rotation":[90,-90,0],"translation":[3,-2,3.5],"scale":[0.63,0.63,0.63]},"thirdperson_lefthand":{"rotation":[90,-90,0],"translation":[3,-2,3.5],"scale":[0.63,0.63,0.63]},"firstperson_righthand":{"rotation":[0,-58.75,0],"translation":[4.75,-6.5,-3.75],"scale":[0.8,0.8,0.8]},"firstperson_lefthand":{"rotation":[0,-58.75,0],"translation":[4.75,-6.5,-3.75],"scale":[0.8,0.8,0.8]},"ground":{"rotation":[41,0,0],"scale":[0.3,0.3,0.3]},"gui":{"rotation":[15,153,0],"translation":[0,-3,0],"scale":[0.71,0.71,0.71]},"fixed":{"translation":[0,-4.25,-4.75]}}}