{"credit":"MadewithBlockbench","texture_size":[48,48],"textures":{"2":"frog:frogtextures/shovel"},"elements":[{"from":[4.8192,16.5664,4.81735],"to":[11.1808,20.5424,11.17895],"rotation":{"angle":0,"axis":"y","origin":[8,23.6,8]},"faces":{"north":{"uv":[4.66667,2,6.66667,3.33333],"texture":"#2"},"east":{"uv":[4.66667,3.33333,6.66667,4.66667],"texture":"#2"},"south":{"uv":[4.66667,4.66667,6.66667,6],"texture":"#2"},"west":{"uv":[2,6,4,7.33333],"texture":"#2"},"up":{"uv":[2,6.66667,0,4.66667],"texture":"#2"},"down":{"uv":[6.66667,0,4.66667,2],"texture":"#2"}}},{"from":[8.8192,19.5664,5.06735],"to":[10.9308,28.8424,10.92895],"rotation":{"angle":0,"axis":"y","origin":[8,23.6,8]},"faces":{"north":{"uv":[0,6.66667,0.66667,9.66667],"texture":"#2"},"east":{"uv":[4.66667,3,2.66667,6],"texture":"#2"},"south":{"uv":[0.66667,6.66667,1.33333,9.66667],"texture":"#2"},"west":{"uv":[2.66667,3,4.66667,6],"texture":"#2"},"up":{"uv":[9.33333,8.33333,8.66667,6.33333],"texture":"#2"},"down":{"uv":[8.66667,8.66667,8,10.66667],"texture":"#2"}}},{"from":[8.8442,27.385,3.4683],"to":[10.9058,31.5216,7.6193],"rotation":{"angle":-45,"axis":"x","origin":[8,32.11222,7.5019]},"faces":{"north":{"uv":[2,4.66667,2.66667,6],"texture":"#2"},"east":{"uv":[8,4.33333,6.66667,5.66667],"texture":"#2"},"south":{"uv":[10.33333,6,11,7.33333],"texture":"#2"},"west":{"uv":[6.66667,4.33333,8,5.66667],"texture":"#2"},"up":{"uv":[7,11.66667,6.33333,10.33333],"texture":"#2"},"down":{"uv":[7.66667,10.33333,7,11.66667],"texture":"#2"}}},{"from":[4.24123,13.64041,4.31735],"to":[11.85283,16.71641,11.67895],"rotation":{"angle":22.5,"axis":"z","origin":[7.94703,15.17841,7.99815]},"faces":{"north":{"uv":[4,6,6.66667,7],"texture":"#2"},"east":{"uv":[6.66667,1,9,2],"texture":"#2"},"south":{"uv":[6.66667,0,9.33333,1],"texture":"#2"},"west":{"uv":[6.66667,2,9,3],"texture":"#2"},"up":{"uv":[2.66667,2.33333,0,0],"texture":"#2"},"down":{"uv":[2.66667,2.33333,0,4.66667],"texture":"#2"}}},{"from":[6.8192,19.5664,2.86735],"to":[9.1808,23.5424,6.92895],"rotation":{"angle":0,"axis":"y","origin":[8,23.9044,8]},"faces":{"north":{"uv":[8.66667,10.33333,9.33333,11.66667],"texture":"#2"},"east":{"uv":[6.66667,5.66667,8,7],"texture":"#2"},"south":{"uv":[0,10.66667,0.66667,12],"texture":"#2"},"west":{"uv":[4,7,5.33333,8.33333],"texture":"#2"},"up":{"uv":[4.66667,12,4,10.66667],"texture":"#2"},"down":{"uv":[5.33333,10.66667,4.66667,12],"texture":"#2"}}},{"from":[6.8192,19.5664,9.07105],"to":[9.1808,23.5424,13.13265],"rotation":{"angle":0,"axis":"y","origin":[8,23.9044,8]},"faces":{"north":{"uv":[10.66667,7.33333,11.33333,8.66667],"texture":"#2"},"east":{"uv":[5.33333,7,6.66667,8.33333],"texture":"#2"},"south":{"uv":[7.66667,10.66667,8.33333,12],"texture":"#2"},"west":{"uv":[6.66667,7,8,8.33333],"texture":"#2"},"up":{"uv":[11.33333,10,10.66667,8.66667],"texture":"#2"},"down":{"uv":[11.33333,10,10.66667,11.33333],"texture":"#2"}}},{"from":[6.98,0.119,6.57815],"to":[9.82,2.959,9.41815],"rotation":{"angle":0,"axis":"y","origin":[8.4,8,8]},"faces":{"north":{"uv":[8.66667,8.33333,9.66667,9.33333],"texture":"#2"},"east":{"uv":[9,1,10,2],"texture":"#2"},"south":{"uv":[1.33333,9,2.33333,10],"texture":"#2"},"west":{"uv":[9,2,10,3],"texture":"#2"},"up":{"uv":[3.33333,10,2.33333,9],"texture":"#2"},"down":{"uv":[10,3,9,4],"texture":"#2"}}},{"from":[6.98,-8.401,6.57815],"to":[9.82,-5.561,9.41815],"rotation":{"angle":0,"axis":"y","origin":[8.4,8,8]},"faces":{"north":{"uv":[0,9.66667,1,10.66667],"texture":"#2"},"east":{"uv":[9.66667,8,10.66667,9],"texture":"#2"},"south":{"uv":[9.66667,9,10.66667,10],"texture":"#2"},"west":{"uv":[1,10,2,11],"texture":"#2"},"up":{"uv":[11,2,10,1],"texture":"#2"},"down":{"uv":[3,10,2,11],"texture":"#2"}}},{"from":[7.0155,-4.91816,18.07554],"to":[9.7845,-2.07816,20.91554],"rotation":{"angle":45,"axis":"x","origin":[8.4,8,8]},"faces":{"north":{"uv":[10,2,11,3],"texture":"#2"},"east":{"uv":[3,10,4,11],"texture":"#2"},"south":{"uv":[10,3,11,4],"texture":"#2"},"west":{"uv":[10,4,11,5],"texture":"#2"},"up":{"uv":[11,6,10,5],"texture":"#2"},"down":{"uv":[10.66667,10,9.66667,11],"texture":"#2"}}},{"from":[6.98,-0.99959,-1.0022],"to":[9.82,1.84041,1.8378],"rotation":{"angle":-45,"axis":"x","origin":[8.4,8,8]},"faces":{"north":{"uv":[9,4,10,5],"texture":"#2"},"east":{"uv":[9,5,10,6],"texture":"#2"},"south":{"uv":[9.33333,0,10.33333,1],"texture":"#2"},"west":{"uv":[9.33333,6,10.33333,7],"texture":"#2"},"up":{"uv":[10.33333,8,9.33333,7],"texture":"#2"},"down":{"uv":[9.66667,9.33333,8.66667,10.33333],"texture":"#2"}}},{"from":[7.335,-5.561,6.93315],"to":[9.465,0.119,9.06315],"rotation":{"angle":0,"axis":"y","origin":[8.4,8,8]},"faces":{"north":{"uv":[5.33333,8.33333,6,10.33333],"texture":"#2"},"east":{"uv":[6,8.33333,6.66667,10.33333],"texture":"#2"},"south":{"uv":[6.66667,8.33333,7.33333,10.33333],"texture":"#2"},"west":{"uv":[7.33333,8.33333,8,10.33333],"texture":"#2"},"up":{"uv":[2,7.33333,1.33333,6.66667],"texture":"#2"},"down":{"uv":[1.33333,11,0.66667,11.66667],"texture":"#2"}}},{"from":[7.335,2.839,6.93315],"to":[9.465,10.019,9.06315],"rotation":{"angle":0,"axis":"y","origin":[8.4,8,8]},"faces":{"north":{"uv":[3.33333,7.33333,4,9.66667],"texture":"#2"},"east":{"uv":[8,6.33333,8.66667,8.66667],"texture":"#2"},"south":{"uv":[4,8.33333,4.66667,10.66667],"texture":"#2"},"west":{"uv":[4.66667,8.33333,5.33333,10.66667],"texture":"#2"},"up":{"uv":[11.66667,1.66667,11,1],"texture":"#2"},"down":{"uv":[2,11,1.33333,11.66667],"texture":"#2"}}},{"from":[7.085,9.839,6.68315],"to":[9.715,14.519,9.31315],"rotation":{"angle":0,"axis":"y","origin":[8.4,8,8]},"faces":{"north":{"uv":[1.33333,7.33333,2.33333,9],"texture":"#2"},"east":{"uv":[2.33333,7.33333,3.33333,9],"texture":"#2"},"south":{"uv":[8,3,9,4.66667],"texture":"#2"},"west":{"uv":[8,4.66667,9,6.33333],"texture":"#2"},"up":{"uv":[11.33333,1,10.33333,0],"texture":"#2"},"down":{"uv":[6.33333,10.33333,5.33333,11.33333],"texture":"#2"}}}],"gui_light":"front","display":{"thirdperson_righthand":{"translation":[0,3.75,1],"scale":[0.63,0.63,0.63]},"thirdperson_lefthand":{"translation":[0,3.75,1],"scale":[0.63,0.63,0.63]},"firstperson_righthand":{"translation":[5,2,-3.5],"scale":[0.74,0.74,0.74]},"firstperson_lefthand":{"rotation":[0,180,0],"translation":[5,2,-3.5],"scale":[0.74,0.74,0.74]},"ground":{"rotation":[180,0,119],"scale":[0.27,0.27,0.27]},"gui":{"rotation":[122,48,-95],"translation":[-1.25,-1,0],"scale":[0.49,0.49,0.49]},"fixed":{"rotation":[0,-90,0],"translation":[0,-1.25,-1.75],"scale":[0.48,0.48,0.48]}}}