{"credit":"MadewithBlockbench","texture_size":[48,48],"textures":{"1":"frog:frogtextures/spear","particle":"frog:frogtextures/spear"},"elements":[{"from":[3.8817,18.12215,4.81735],"to":[10.2433,22.09815,11.17895],"rotation":{"angle":0,"axis":"y","origin":[8,8,8]},"faces":{"north":{"uv":[5.66667,2,7.66667,3.33333],"texture":"#1"},"east":{"uv":[5.66667,3.33333,7.66667,4.66667],"texture":"#1"},"south":{"uv":[5.66667,4.66667,7.66667,6],"texture":"#1"},"west":{"uv":[2,6,4,7.33333],"texture":"#1"},"up":{"uv":[2,6.66667,0,4.66667],"texture":"#1"},"down":{"uv":[6.66667,0,4.66667,2],"texture":"#1"}}},{"from":[7.8817,21.12215,5.06735],"to":[9.9933,30.39815,10.92895],"rotation":{"angle":0,"axis":"y","origin":[8,8,8]},"faces":{"north":{"uv":[0.66667,6.66667,1.33333,9.66667],"texture":"#1"},"east":{"uv":[2.66667,0,4.66667,3],"texture":"#1"},"south":{"uv":[1.33333,6.66667,2,9.66667],"texture":"#1"},"west":{"uv":[2.66667,3,4.66667,6],"texture":"#1"},"up":{"uv":[10.66667,4,10,2],"texture":"#1"},"down":{"uv":[10.66667,4,10,6],"texture":"#1"}}},{"from":[7.9067,21.76419,-9.91158],"to":[9.9683,25.91519,-5.77498],"rotation":{"angle":45,"axis":"x","origin":[8,8,8]},"faces":{"north":{"uv":[6,11.66667,6.66667,13],"texture":"#1"},"east":{"uv":[7.33333,8,6,9.33333],"texture":"#1"},"south":{"uv":[6.66667,11.66667,7.33333,13],"texture":"#1"},"west":{"uv":[6,8,7.33333,9.33333],"texture":"#1"},"up":{"uv":[0.66667,13.33333,0,12],"texture":"#1"},"down":{"uv":[12.66667,8,12,9.33333],"texture":"#1"}}},{"from":[8.1942,19.99429,1.75572],"to":[9.8058,29.27029,4.41732],"rotation":{"angle":-22.5,"axis":"x","origin":[9,28.3,3.7]},"faces":{"north":{"uv":[4,6,4.66667,9],"texture":"#1"},"east":{"uv":[5.66667,5,4.66667,8],"texture":"#1"},"south":{"uv":[0,6.66667,0.66667,9.66667],"texture":"#1"},"west":{"uv":[4.66667,5,5.66667,8],"texture":"#1"},"up":{"uv":[9,7,8.33333,6],"texture":"#1"},"down":{"uv":[10,0,9.33333,1],"texture":"#1"}}},{"from":[8.2692,28.45239,1.53241],"to":[9.7308,31.92839,4.19401],"rotation":{"angle":0,"axis":"y","origin":[9,28.3,3.7]},"faces":{"north":{"uv":[1.66667,11.66667,2,12.66667],"texture":"#1"},"east":{"uv":[12.66667,1,11.66667,2],"texture":"#1"},"south":{"uv":[2,12.33333,2.33333,13.33333],"texture":"#1"},"west":{"uv":[11.66667,1,12.66667,2],"texture":"#1"},"up":{"uv":[12.66667,3,12.33333,2],"texture":"#1"},"down":{"uv":[2.66667,12.33333,2.33333,13.33333],"texture":"#1"}}},{"from":[8.2942,29.33294,-0.39837],"to":[9.7058,31.21954,1.50263],"rotation":{"angle":45,"axis":"x","origin":[9,28.3,3.7]},"faces":{"north":{"uv":[2.66667,12.33333,3,13],"texture":"#1"},"east":{"uv":[12.66667,12,12,12.66667],"texture":"#1"},"south":{"uv":[3,12.33333,3.33333,13],"texture":"#1"},"west":{"uv":[12,12,12.66667,12.66667],"texture":"#1"},"up":{"uv":[12.66667,3.66667,12.33333,3],"texture":"#1"},"down":{"uv":[3.66667,12.33333,3.33333,13],"texture":"#1"}}},{"from":[8.1942,19.99429,11.58268],"to":[9.8058,29.27029,14.24428],"rotation":{"angle":22.5,"axis":"x","origin":[9,28.3,12.3]},"faces":{"north":{"uv":[0.66667,6.66667,0,9.66667],"texture":"#1"},"east":{"uv":[4.66667,5,5.66667,8],"texture":"#1"},"south":{"uv":[4.66667,6,4,9],"texture":"#1"},"west":{"uv":[5.66667,5,4.66667,8],"texture":"#1"},"up":{"uv":[9,6,8.33333,7],"texture":"#1"},"down":{"uv":[10,1,9.33333,0],"texture":"#1"}}},{"from":[8.2692,28.45239,11.80599],"to":[9.7308,31.92839,14.46759],"rotation":{"angle":0,"axis":"y","origin":[9,28.3,12.3]},"faces":{"north":{"uv":[2.33333,12.33333,2,13.33333],"texture":"#1"},"east":{"uv":[11.66667,1,12.66667,2],"texture":"#1"},"south":{"uv":[2,11.66667,1.66667,12.66667],"texture":"#1"},"west":{"uv":[12.66667,1,11.66667,2],"texture":"#1"},"up":{"uv":[12.66667,2,12.33333,3],"texture":"#1"},"down":{"uv":[2.66667,13.33333,2.33333,12.33333],"texture":"#1"}}},{"from":[8.2942,29.33294,14.49737],"to":[9.7058,31.21954,16.39837],"rotation":{"angle":-45,"axis":"x","origin":[9,28.3,12.3]},"faces":{"north":{"uv":[3.33333,12.33333,3,13],"texture":"#1"},"east":{"uv":[12,12,12.66667,12.66667],"texture":"#1"},"south":{"uv":[3,12.33333,2.66667,13],"texture":"#1"},"west":{"uv":[12.66667,12,12,12.66667],"texture":"#1"},"up":{"uv":[12.66667,3,12.33333,3.66667],"texture":"#1"},"down":{"uv":[3.66667,13,3.33333,12.33333],"texture":"#1"}}},{"from":[7.17959,14.60387,4.31735],"to":[14.79119,17.67987,11.67895],"rotation":{"angle":22.5,"axis":"z","origin":[8,8,8]},"faces":{"north":{"uv":[5.66667,6,8.33333,7],"texture":"#1"},"east":{"uv":[6.66667,1,9,2],"texture":"#1"},"south":{"uv":[6.66667,0,9.33333,1],"texture":"#1"},"west":{"uv":[5.66667,7,8,8],"texture":"#1"},"up":{"uv":[2.66667,2.33333,0,0],"texture":"#1"},"down":{"uv":[2.66667,2.33333,0,4.66667],"texture":"#1"}}},{"from":[5.8817,21.12215,2.86735],"to":[8.2433,25.09815,6.92895],"rotation":{"angle":0,"axis":"y","origin":[8,8,8]},"faces":{"north":{"uv":[2,4.66667,2.66667,6],"texture":"#1"},"east":{"uv":[2,7.33333,3.33333,8.66667],"texture":"#1"},"south":{"uv":[3.33333,7.33333,4,8.66667],"texture":"#1"},"west":{"uv":[7.66667,2,9,3.33333],"texture":"#1"},"up":{"uv":[4.66667,12.66667,4,11.33333],"texture":"#1"},"down":{"uv":[12.33333,2,11.66667,3.33333],"texture":"#1"}}},{"from":[5.8817,21.12215,9.07105],"to":[8.2433,25.09815,13.13265],"rotation":{"angle":0,"axis":"y","origin":[8,8,8]},"faces":{"north":{"uv":[11.66667,3.33333,12.33333,4.66667],"texture":"#1"},"east":{"uv":[7.66667,3.33333,9,4.66667],"texture":"#1"},"south":{"uv":[4.66667,11.66667,5.33333,13],"texture":"#1"},"west":{"uv":[7.66667,4.66667,9,6],"texture":"#1"},"up":{"uv":[12.33333,6,11.66667,4.66667],"texture":"#1"},"down":{"uv":[6,11.66667,5.33333,13],"texture":"#1"}}},{"from":[6.0425,-6.02525,6.57815],"to":[8.8825,-3.18525,9.41815],"rotation":{"angle":0,"axis":"y","origin":[8,8,8]},"faces":{"north":{"uv":[10,8,11,9],"texture":"#1"},"east":{"uv":[10,9,11,10],"texture":"#1"},"south":{"uv":[10,10,11,11],"texture":"#1"},"west":{"uv":[2,10.33333,3,11.33333],"texture":"#1"},"up":{"uv":[4,11.33333,3,10.33333],"texture":"#1"},"down":{"uv":[11.33333,6,10.33333,7],"texture":"#1"}}},{"from":[6.0425,-14.10568,6.57815],"to":[8.8825,-11.26568,9.41815],"rotation":{"angle":0,"axis":"y","origin":[8,8,8]},"faces":{"north":{"uv":[10.66667,3,11.66667,4],"texture":"#1"},"east":{"uv":[10.66667,4,11.66667,5],"texture":"#1"},"south":{"uv":[10.66667,5,11.66667,6],"texture":"#1"},"west":{"uv":[11,8,12,9],"texture":"#1"},"up":{"uv":[12,10,11,9],"texture":"#1"},"down":{"uv":[10.33333,11,9.33333,12],"texture":"#1"}}},{"from":[6.078,-9.26279,22.42018],"to":[8.847,-6.42279,25.26018],"rotation":{"angle":45,"axis":"x","origin":[8,8,8]},"faces":{"north":{"uv":[11,10,12,11],"texture":"#1"},"east":{"uv":[10.33333,11,11.33333,12],"texture":"#1"},"south":{"uv":[2,11.33333,3,12.33333],"texture":"#1"},"west":{"uv":[3,11.33333,4,12.33333],"texture":"#1"},"up":{"uv":[12.33333,7,11.33333,6],"texture":"#1"},"down":{"uv":[12.33333,7,11.33333,8],"texture":"#1"}}},{"from":[6.0425,-5.34684,18.50422],"to":[8.8825,-2.50684,21.34422],"rotation":{"angle":45,"axis":"x","origin":[8,8,8]},"faces":{"north":{"uv":[10.33333,7,11.33333,8],"texture":"#1"},"east":{"uv":[7.33333,10.33333,8.33333,11.33333],"texture":"#1"},"south":{"uv":[8.33333,10.33333,9.33333,11.33333],"texture":"#1"},"west":{"uv":[10.66667,0,11.66667,1],"texture":"#1"},"up":{"uv":[11.66667,2,10.66667,1],"texture":"#1"},"down":{"uv":[11.66667,2,10.66667,3],"texture":"#1"}}},{"from":[6.3975,-11.70525,6.93315],"to":[8.5275,-6.02525,9.06315],"rotation":{"angle":0,"axis":"y","origin":[8,8,8]},"faces":{"north":{"uv":[0.66667,9.66667,1.33333,11.66667],"texture":"#1"},"east":{"uv":[1.33333,9.66667,2,11.66667],"texture":"#1"},"south":{"uv":[9.66667,6,10.33333,8],"texture":"#1"},"west":{"uv":[10,0,10.66667,2],"texture":"#1"},"up":{"uv":[8,8.66667,7.33333,8],"texture":"#1"},"down":{"uv":[10,12,9.33333,12.66667],"texture":"#1"}}},{"from":[6.3975,-3.30525,6.93315],"to":[8.5275,3.87475,9.06315],"rotation":{"angle":0,"axis":"y","origin":[8,8,8]},"faces":{"north":{"uv":[4,9,4.66667,11.33333],"texture":"#1"},"east":{"uv":[9,6,9.66667,8.33333],"texture":"#1"},"south":{"uv":[4.66667,9.33333,5.33333,11.66667],"texture":"#1"},"west":{"uv":[5.33333,9.33333,6,11.66667],"texture":"#1"},"up":{"uv":[12.66667,10,12,9.33333],"texture":"#1"},"down":{"uv":[10.66667,12,10,12.66667],"texture":"#1"}}},{"from":[6.3975,9.99475,6.93315],"to":[8.5275,17.17475,9.06315],"rotation":{"angle":0,"axis":"y","origin":[8,8,8]},"faces":{"north":{"uv":[6,9.33333,6.66667,11.66667],"texture":"#1"},"east":{"uv":[6.66667,9.33333,7.33333,11.66667],"texture":"#1"},"south":{"uv":[9.33333,8.33333,10,10.66667],"texture":"#1"},"west":{"uv":[0,9.66667,0.66667,12],"texture":"#1"},"up":{"uv":[12.66667,10.66667,12,10],"texture":"#1"},"down":{"uv":[11.33333,12,10.66667,12.66667],"texture":"#1"}}},{"from":[6.1475,1.79475,6.68315],"to":[8.7775,6.47475,9.31315],"rotation":{"angle":0,"axis":"y","origin":[8,8,8]},"faces":{"north":{"uv":[8,7,9,8.66667],"texture":"#1"},"east":{"uv":[2,8.66667,3,10.33333],"texture":"#1"},"south":{"uv":[3,8.66667,4,10.33333],"texture":"#1"},"west":{"uv":[7.33333,8.66667,8.33333,10.33333],"texture":"#1"},"up":{"uv":[8.33333,12.33333,7.33333,11.33333],"texture":"#1"},"down":{"uv":[9.33333,11.33333,8.33333,12.33333],"texture":"#1"}}},{"from":[6.1475,6.47475,6.68315],"to":[8.7775,11.15475,9.31315],"rotation":{"angle":0,"axis":"y","origin":[8,8,8]},"faces":{"north":{"uv":[8.33333,8.66667,9.33333,10.33333],"texture":"#1"},"east":{"uv":[9,1,10,2.66667],"texture":"#1"},"south":{"uv":[9,2.66667,10,4.33333],"texture":"#1"},"west":{"uv":[9,4.33333,10,6],"texture":"#1"},"up":{"uv":[12.33333,12,11.33333,11],"texture":"#1"},"down":{"uv":[12.66667,0,11.66667,1],"texture":"#1"}}}],"gui_light":"front","display":{"thirdperson_righthand":{"translation":[0,3.75,1],"scale":[0.63,0.63,0.63]},"thirdperson_lefthand":{"translation":[0,3.75,1],"scale":[0.63,0.63,0.63]},"firstperson_righthand":{"translation":[5,2,-3.5],"scale":[0.74,0.74,0.74]},"firstperson_lefthand":{"rotation":[0,180,0],"translation":[5,2,-3.5],"scale":[0.74,0.74,0.74]},"ground":{"rotation":[180,0,119],"scale":[0.27,0.27,0.27]},"gui":{"rotation":[122,48,-95],"translation":[-0.5,0,0],"scale":[0.44,0.44,0.44]},"fixed":{"rotation":[0,-90,0],"translation":[0,2,-1.75],"scale":[0.57,0.57,0.57]}}}