{"credit":"MadewithBlockbench","texture_size":[48,48],"textures":{"2":"frog:frogtextures/staff"},"elements":[{"from":[5.22105,19.1664,4.3192],"to":[11.58265,23.1424,10.6808],"rotation":{"angle":0,"axis":"y","origin":[8.4,26.2,7.5]},"faces":{"north":{"uv":[4.66667,1.33333,6.66667,2.66667],"texture":"#2"},"east":{"uv":[2.66667,4,4.66667,5.33333],"texture":"#2"},"south":{"uv":[0,4.66667,2,6],"texture":"#2"},"west":{"uv":[4.66667,0,6.66667,1.33333],"texture":"#2"},"up":{"uv":[4.66667,2,2.66667,0],"rotation":90,"texture":"#2"},"down":{"uv":[4.66667,2,2.66667,4],"rotation":270,"texture":"#2"}}},{"from":[4.72105,16.24041,3.74123],"to":[12.08265,19.31641,11.35283],"rotation":{"angle":-22.5,"axis":"x","origin":[8.40185,17.77841,7.44703]},"faces":{"north":{"uv":[2,5.33333,4.33333,6.33333],"texture":"#2"},"east":{"uv":[4.66667,2.66667,7.33333,3.66667],"texture":"#2"},"south":{"uv":[4.66667,4.66667,7,5.66667],"texture":"#2"},"west":{"uv":[4.66667,3.66667,7.33333,4.66667],"texture":"#2"},"up":{"uv":[2.66667,2.33333,0,0],"rotation":90,"texture":"#2"},"down":{"uv":[2.66667,2.33333,0,4.66667],"rotation":270,"texture":"#2"}}},{"from":[9.47105,22.1664,6.3192],"to":[13.53265,26.1424,8.6808],"rotation":{"angle":0,"axis":"y","origin":[8.4,26.5044,7.5]},"faces":{"north":{"uv":[5.66667,5.66667,7,7],"texture":"#2"},"east":{"uv":[7.66667,9.66667,8.33333,11],"texture":"#2"},"south":{"uv":[4.33333,5.66667,5.66667,7],"texture":"#2"},"west":{"uv":[9.66667,7.66667,10.33333,9],"texture":"#2"},"up":{"uv":[10.33333,10.33333,9.66667,9],"rotation":90,"texture":"#2"},"down":{"uv":[10.66667,1,10,2.33333],"rotation":270,"texture":"#2"}}},{"from":[3.26735,22.1664,6.3192],"to":[7.32895,26.1424,8.6808],"rotation":{"angle":0,"axis":"y","origin":[8.4,26.5044,7.5]},"faces":{"north":{"uv":[1.33333,6.33333,2.66667,7.66667],"texture":"#2"},"east":{"uv":[2,10,2.66667,11.33333],"texture":"#2"},"south":{"uv":[0,6,1.33333,7.33333],"texture":"#2"},"west":{"uv":[8.33333,10,9,11.33333],"texture":"#2"},"up":{"uv":[9.66667,11.33333,9,10],"rotation":90,"texture":"#2"},"down":{"uv":[0.66667,10.33333,0,11.66667],"rotation":270,"texture":"#2"}}},{"from":[6.98,-6.881,6.57815],"to":[9.82,-4.041,9.41815],"rotation":{"angle":0,"axis":"y","origin":[8.4,1,8]},"faces":{"north":{"uv":[8,1,9,2],"texture":"#2"},"east":{"uv":[2,8,3,9],"texture":"#2"},"south":{"uv":[8,2,9,3],"texture":"#2"},"west":{"uv":[8.33333,3,9.33333,4],"texture":"#2"},"up":{"uv":[9.66667,1,8.66667,0],"texture":"#2"},"down":{"uv":[4,8.66667,3,9.66667],"texture":"#2"}}},{"from":[6.98,-15.401,6.57815],"to":[9.82,-12.561,9.41815],"rotation":{"angle":0,"axis":"y","origin":[8.4,1,8]},"faces":{"north":{"uv":[8.66667,8,9.66667,9],"texture":"#2"},"east":{"uv":[9,1,10,2],"texture":"#2"},"south":{"uv":[2,9,3,10],"texture":"#2"},"west":{"uv":[9,2,10,3],"texture":"#2"},"up":{"uv":[9.66667,10,8.66667,9],"texture":"#2"},"down":{"uv":[1,9.33333,0,10.33333],"texture":"#2"}}},{"from":[7.0155,-11.91816,18.07554],"to":[9.7845,-9.07816,20.91554],"rotation":{"angle":45,"axis":"x","origin":[8.4,1,8]},"faces":{"north":{"uv":[9.33333,3,10.33333,4],"texture":"#2"},"east":{"uv":[5,9.33333,6,10.33333],"texture":"#2"},"south":{"uv":[6,9.33333,7,10.33333],"texture":"#2"},"west":{"uv":[9.66667,0,10.66667,1],"texture":"#2"},"up":{"uv":[2,10.66667,1,9.66667],"texture":"#2"},"down":{"uv":[4,9.66667,3,10.66667],"texture":"#2"}}},{"from":[6.98,-7.99959,-1.0022],"to":[9.82,-5.15959,1.8378],"rotation":{"angle":-45,"axis":"x","origin":[8.4,1,8]},"faces":{"north":{"uv":[4,8.66667,5,9.66667],"texture":"#2"},"east":{"uv":[8.66667,4,9.66667,5],"texture":"#2"},"south":{"uv":[8.66667,5,9.66667,6],"texture":"#2"},"west":{"uv":[8.66667,6,9.66667,7],"texture":"#2"},"up":{"uv":[9.66667,8,8.66667,7],"texture":"#2"},"down":{"uv":[8.66667,8.66667,7.66667,9.66667],"texture":"#2"}}},{"from":[7.335,-12.561,6.93315],"to":[9.465,-6.881,9.06315],"rotation":{"angle":0,"axis":"y","origin":[8.4,1,8]},"faces":{"north":{"uv":[0,7.33333,0.66667,9.33333],"texture":"#2"},"east":{"uv":[0.66667,7.33333,1.33333,9.33333],"texture":"#2"},"south":{"uv":[7.33333,1.66667,8,3.66667],"texture":"#2"},"west":{"uv":[1.33333,7.66667,2,9.66667],"texture":"#2"},"up":{"uv":[11,4,10.33333,3.33333],"texture":"#2"},"down":{"uv":[7,10.33333,6.33333,11],"texture":"#2"}}},{"from":[7.335,-4.161,6.93315],"to":[9.465,3.019,9.06315],"rotation":{"angle":0,"axis":"y","origin":[8.4,1,8]},"faces":{"north":{"uv":[7,4.66667,7.66667,7],"texture":"#2"},"east":{"uv":[5.66667,7,6.33333,9.33333],"texture":"#2"},"south":{"uv":[6.33333,7,7,9.33333],"texture":"#2"},"west":{"uv":[7,7,7.66667,9.33333],"texture":"#2"},"up":{"uv":[11,7,10.33333,6.33333],"texture":"#2"},"down":{"uv":[11,7,10.33333,7.66667],"texture":"#2"}}},{"from":[7.335,10.839,6.93315],"to":[9.465,18.019,9.06315],"rotation":{"angle":0,"axis":"y","origin":[8.4,1,8]},"faces":{"north":{"uv":[7,4.66667,7.66667,7],"texture":"#2"},"east":{"uv":[5.66667,7,6.33333,9.33333],"texture":"#2"},"south":{"uv":[6.33333,7,7,9.33333],"texture":"#2"},"west":{"uv":[7,7,7.66667,9.33333],"texture":"#2"},"up":{"uv":[11,7,10.33333,6.33333],"texture":"#2"},"down":{"uv":[11,7,10.33333,7.66667],"texture":"#2"}}},{"from":[7.085,2.839,6.68315],"to":[9.715,7.519,9.31315],"rotation":{"angle":0,"axis":"y","origin":[8.4,1,8]},"faces":{"north":{"uv":[2.66667,6.33333,3.66667,8],"texture":"#2"},"east":{"uv":[6.66667,0,7.66667,1.66667],"texture":"#2"},"south":{"uv":[3.66667,7,4.66667,8.66667],"texture":"#2"},"west":{"uv":[4.66667,7,5.66667,8.66667],"texture":"#2"},"up":{"uv":[5,10.66667,4,9.66667],"texture":"#2"},"down":{"uv":[10.66667,4,9.66667,5],"texture":"#2"}}},{"from":[7.085,7.519,6.68315],"to":[9.715,12.199,9.31315],"rotation":{"angle":0,"axis":"y","origin":[8.4,2.038,8]},"faces":{"north":{"uv":[2.66667,8,3.66667,6.33333],"texture":"#2"},"east":{"uv":[6.66667,1.66667,7.66667,0],"texture":"#2"},"south":{"uv":[3.66667,8.66667,4.66667,7],"texture":"#2"},"west":{"uv":[4.66667,8.66667,5.66667,7],"texture":"#2"},"up":{"uv":[10.66667,5,9.66667,4],"texture":"#2"},"down":{"uv":[5,9.66667,4,10.66667],"texture":"#2"}}}],"gui_light":"front","display":{"thirdperson_righthand":{"translation":[0,3.75,1],"scale":[0.63,0.63,0.63]},"thirdperson_lefthand":{"translation":[0,3.75,1],"scale":[0.63,0.63,0.63]},"firstperson_righthand":{"translation":[5,2,-3.5],"scale":[0.74,0.74,0.74]},"firstperson_lefthand":{"translation":[5,2,-3.5],"scale":[0.74,0.74,0.74]},"ground":{"rotation":[180,0,119],"scale":[0.27,0.27,0.27]},"gui":{"rotation":[122,48,-95],"translation":[0.5,0.5,0],"scale":[0.45,0.45,0.45]},"fixed":{"translation":[0,2,-1.75],"scale":[0.57,0.57,0.57]}}}