{"credit":"MadewithBlockbench","texture_size":[48,48],"textures":{"1":"frog:frogtextures/sword","particle":"frog:frogtextures/sword"},"elements":[{"from":[4.8192,4.5664,4.81735],"to":[11.1808,8.5424,11.17895],"rotation":{"angle":0,"axis":"y","origin":[8,11.6,8]},"faces":{"north":{"uv":[4,8.66667,6,10],"texture":"#1"},"east":{"uv":[8.66667,6,10.66667,7.33333],"texture":"#1"},"south":{"uv":[8.66667,7.33333,10.66667,8.66667],"texture":"#1"},"west":{"uv":[8.66667,8.66667,10.66667,10],"texture":"#1"},"up":{"uv":[9.33333,4,7.33333,2],"texture":"#1"},"down":{"uv":[9.33333,4,7.33333,6],"texture":"#1"}}},{"from":[4.24123,1.64041,4.31735],"to":[11.85283,4.71641,11.67895],"rotation":{"angle":22.5,"axis":"z","origin":[7.94703,3.17841,7.99815]},"faces":{"north":{"uv":[9.33333,1,11.33333,2],"texture":"#1"},"east":{"uv":[0,9,2.33333,10],"texture":"#1"},"south":{"uv":[9.33333,2,11.33333,3],"texture":"#1"},"west":{"uv":[9.33333,0,11.66667,1],"texture":"#1"},"up":{"uv":[2,9,0,6.66667],"texture":"#1"},"down":{"uv":[4,6.66667,2,9],"texture":"#1"}}},{"from":[6.8192,7.5664,2.86735],"to":[9.1808,11.5424,6.92895],"rotation":{"angle":0,"axis":"y","origin":[8,11.9044,8]},"faces":{"north":{"uv":[9,12,9.66667,13.33333],"texture":"#1"},"east":{"uv":[0,10,1.33333,11.33333],"texture":"#1"},"south":{"uv":[9.66667,12,10.33333,13.33333],"texture":"#1"},"west":{"uv":[3,10,4.33333,11.33333],"texture":"#1"},"up":{"uv":[11,13.33333,10.33333,12],"texture":"#1"},"down":{"uv":[11.66667,12,11,13.33333],"texture":"#1"}}},{"from":[6.8192,7.5664,9.07105],"to":[9.1808,11.5424,13.13265],"rotation":{"angle":0,"axis":"y","origin":[8,11.9044,8]},"faces":{"north":{"uv":[7.66667,11.66667,8.33333,13],"texture":"#1"},"east":{"uv":[9.33333,3,10.66667,4.33333],"texture":"#1"},"south":{"uv":[11.66667,8,12.33333,9.33333],"texture":"#1"},"west":{"uv":[9.33333,4.33333,10.66667,5.66667],"texture":"#1"},"up":{"uv":[2,13.33333,1.33333,12],"texture":"#1"},"down":{"uv":[4.66667,12,4,13.33333],"texture":"#1"}}},{"from":[6.58,0.119,6.57815],"to":[9.42,2.959,9.41815],"rotation":{"angle":0,"axis":"y","origin":[8,8,8]},"faces":{"north":{"uv":[3,9,4,10],"texture":"#1"},"east":{"uv":[9.33333,10,10.33333,11],"texture":"#1"},"south":{"uv":[10.33333,10,11.33333,11],"texture":"#1"},"west":{"uv":[10.66667,3,11.66667,4],"texture":"#1"},"up":{"uv":[11.66667,5,10.66667,4],"texture":"#1"},"down":{"uv":[11.66667,5,10.66667,6],"texture":"#1"}}},{"from":[6.58,-8.401,6.57815],"to":[9.42,-5.561,9.41815],"rotation":{"angle":0,"axis":"y","origin":[8,8,8]},"faces":{"north":{"uv":[0,11.33333,1,12.33333],"texture":"#1"},"east":{"uv":[11.33333,1,12.33333,2],"texture":"#1"},"south":{"uv":[11.33333,2,12.33333,3],"texture":"#1"},"west":{"uv":[3,11.33333,4,12.33333],"texture":"#1"},"up":{"uv":[6.66667,12.33333,5.66667,11.33333],"texture":"#1"},"down":{"uv":[12.33333,10,11.33333,11],"texture":"#1"}}},{"from":[6.6155,-4.91816,18.07554],"to":[9.3845,-2.07816,20.91554],"rotation":{"angle":45,"axis":"x","origin":[8,8,8]},"faces":{"north":{"uv":[11.33333,11,12.33333,12],"texture":"#1"},"east":{"uv":[11.66667,0,12.66667,1],"texture":"#1"},"south":{"uv":[11.66667,3,12.66667,4],"texture":"#1"},"west":{"uv":[11.66667,4,12.66667,5],"texture":"#1"},"up":{"uv":[12.66667,6,11.66667,5],"texture":"#1"},"down":{"uv":[12.66667,6,11.66667,7],"texture":"#1"}}},{"from":[6.58,-0.99959,-1.0022],"to":[9.42,1.84041,1.8378],"rotation":{"angle":-45,"axis":"x","origin":[8,8,8]},"faces":{"north":{"uv":[10.66667,6,11.66667,7],"texture":"#1"},"east":{"uv":[10.66667,7,11.66667,8],"texture":"#1"},"south":{"uv":[10.66667,8,11.66667,9],"texture":"#1"},"west":{"uv":[10.66667,9,11.66667,10],"texture":"#1"},"up":{"uv":[10.33333,12,9.33333,11],"texture":"#1"},"down":{"uv":[11.33333,11,10.33333,12],"texture":"#1"}}},{"from":[6.935,-5.561,6.93315],"to":[9.065,0.119,9.06315],"rotation":{"angle":0,"axis":"y","origin":[8,8,8]},"faces":{"north":{"uv":[1.33333,10,2,12],"texture":"#1"},"east":{"uv":[4.33333,10,5,12],"texture":"#1"},"south":{"uv":[5,10,5.66667,12],"texture":"#1"},"west":{"uv":[8.66667,10,9.33333,12],"texture":"#1"},"up":{"uv":[12.33333,10,11.66667,9.33333],"texture":"#1"},"down":{"uv":[6.33333,12.33333,5.66667,13],"texture":"#1"}}},{"from":[7.035,8.319,5.86815],"to":[8.965,25.359,10.12815],"rotation":{"angle":0,"axis":"y","origin":[8,9.1,8]},"faces":{"north":{"uv":[7.33333,6,8,11.66667],"texture":"#1"},"east":{"uv":[6,0,7.33333,5.66667],"texture":"#1"},"south":{"uv":[8,6,8.66667,11.66667],"texture":"#1"},"west":{"uv":[6,5.66667,7.33333,11.33333],"texture":"#1"},"up":{"uv":[5.33333,13.33333,4.66667,12],"texture":"#1"},"down":{"uv":[9,12,8.33333,13.33333],"texture":"#1"}}},{"from":[7.535,7.669,3.59315],"to":[8.465,27.984,12.40315],"rotation":{"angle":0,"axis":"y","origin":[8,9.4,8]},"faces":{"north":{"uv":[2.33333,9,2.66667,15.66667],"texture":"#1"},"east":{"uv":[0,0,3,6.66667],"texture":"#1"},"south":{"uv":[2.66667,9,3,15.66667],"texture":"#1"},"west":{"uv":[3,0,6,6.66667],"texture":"#1"},"up":{"uv":[2.33333,13,2,10],"texture":"#1"},"down":{"uv":[1.33333,11.33333,1,14.33333],"texture":"#1"}}},{"from":[7.56,21.06011,-1.7163],"to":[8.44,27.27511,4.4937],"rotation":{"angle":-45,"axis":"x","origin":[8,34.06961,0.09055]},"faces":{"north":{"uv":[5.33333,12,5.66667,14],"texture":"#1"},"east":{"uv":[4,6.66667,6,8.66667],"texture":"#1"},"south":{"uv":[0.66667,12.33333,1,14.33333],"texture":"#1"},"west":{"uv":[7.33333,0,9.33333,2],"texture":"#1"},"up":{"uv":[3.33333,14.33333,3,12.33333],"texture":"#1"},"down":{"uv":[3.66667,12.33333,3.33333,14.33333],"texture":"#1"}}},{"from":[7.0705,19.08679,17.98941],"to":[8.9295,22.10429,21.00691],"rotation":{"angle":-45,"axis":"x","origin":[8,9.1,8]},"faces":{"north":{"uv":[11.66667,12,12.33333,13],"texture":"#1"},"east":{"uv":[6.66667,11.66667,7.66667,12.66667],"texture":"#1"},"south":{"uv":[0,12.33333,0.66667,13.33333],"texture":"#1"},"west":{"uv":[11.66667,7,12.66667,8],"texture":"#1"},"up":{"uv":[13,2,12.33333,1],"texture":"#1"},"down":{"uv":[13,2,12.33333,3],"texture":"#1"}}}],"gui_light":"front","display":{"thirdperson_righthand":{"translation":[0,3.75,1],"scale":[0.63,0.63,0.63]},"thirdperson_lefthand":{"translation":[0,3.75,1],"scale":[0.63,0.63,0.63]},"firstperson_righthand":{"translation":[5,2,-3.5],"scale":[0.74,0.74,0.74]},"firstperson_lefthand":{"rotation":[0,180,0],"translation":[5,2,-3.5],"scale":[0.74,0.74,0.74]},"ground":{"rotation":[180,0,119],"scale":[0.27,0.27,0.27]},"gui":{"rotation":[122,48,-95],"translation":[-1.5,-1,0],"scale":[0.48,0.48,0.48]},"fixed":{"rotation":[0,-90,0],"translation":[0,-1.25,-1.75],"scale":[0.48,0.48,0.48]}}}